# Blender 4.4.1
# www.blender.org
mtllib north_south_wall.mtl
g Cube.022_Mesh
v -10.006154 6.001159 -36.167248
v -9.896749 39.371944 -36.908760
v -13.719059 5.987332 -36.364311
v -13.473927 39.381035 -36.875309
v -10.057100 6.007442 -37.285053
v -9.871765 39.324383 -37.850010
v -13.658116 5.996373 -37.477901
v -13.412987 39.390072 -37.988918
v -13.110900 39.283104 -36.760944
v -13.110551 38.947746 -36.760952
v -13.057763 39.224712 43.550125
v -13.057414 38.889355 43.550087
v -11.221134 39.280033 -36.613972
v -11.242804 38.925571 -36.497768
v -11.167997 39.221638 43.697102
v -11.167648 38.886280 43.697071
v -10.827851 8.670842 43.814823
v -10.087011 6.423471 43.801872
v -10.894878 8.670591 -37.089005
v -10.154037 6.423221 -37.101959
v -10.669787 8.671394 43.812069
v -9.928947 6.424026 43.799126
v -10.736814 8.671146 -37.091759
v -9.995973 6.423776 -37.104713
v -10.236309 11.947263 43.745018
v -10.791314 8.841588 43.769909
v -10.309992 11.906485 -37.158836
v -10.864996 8.800808 -37.133934
v -10.115377 11.800947 43.743462
v -10.670381 8.695272 43.768364
v -10.189058 11.760166 -37.160393
v -10.744062 8.654495 -37.135490
v -10.167789 11.769728 43.714302
v -11.371166 18.357904 43.750664
v -10.232759 11.746882 -37.114693
v -11.436139 18.335056 -37.078300
v -10.334001 11.978482 43.717735
v -11.537379 18.566658 43.754128
v -10.398973 11.955635 -37.111229
v -11.602350 18.543806 -37.074860
v -12.654896 18.211586 43.594250
v -11.520039 18.212078 43.821980
v -12.702813 18.212151 -37.310051
v -11.567956 18.212645 -37.082306
v -12.665161 18.518589 43.594975
v -11.530306 18.519085 43.822727
v -12.713078 18.519157 -37.309311
v -11.578223 18.519650 -37.081573
v -13.017172 20.541023 43.917767
v -10.932364 20.544857 44.128960
v -13.049091 20.541645 -36.986816
v -10.964285 20.545479 -36.775627
v -13.036301 20.847998 43.918652
v -13.068220 20.848618 -36.985931
v -9.960527 7.989520 2.063737
v -9.960527 7.989520 2.063737
v -9.960527 7.989520 2.063737
v -9.960527 7.989520 2.063737
v -9.960527 7.989520 2.063737
v -9.960527 7.989520 2.063737
v -9.960527 7.989520 2.063737
v -9.960527 7.989520 2.063737
v -11.551593 18.514565 33.999687
v -11.749303 20.731808 34.003178
v -11.550444 18.514570 35.385105
v -11.748157 20.731815 35.388596
v -12.656553 18.510683 34.018932
v -12.854265 20.727924 34.022423
v -12.655406 18.510685 35.404350
v -12.853117 20.727928 35.407837
v -11.621984 18.469749 13.426474
v -11.819695 20.686996 13.429960
v -11.620836 18.469753 14.811890
v -11.818546 20.686998 14.815378
v -12.726946 18.465864 13.445712
v -12.924656 20.683109 13.449200
v -12.725799 18.465870 14.831139
v -12.923510 20.683115 14.834625
v -11.599100 18.414427 -6.618315
v -11.796810 20.631672 -6.614833
v -11.597952 18.414433 -5.232897
v -11.795663 20.631676 -5.229411
v -12.704061 18.410543 -6.599070
v -12.901772 20.627789 -6.595588
v -12.702913 18.410545 -5.213652
v -12.900624 20.627790 -5.210167
v -11.579262 18.541964 -26.769258
v -11.776975 20.759211 -26.765776
v -11.578115 18.541967 -25.383833
v -11.775826 20.759212 -25.380354
v -12.684225 18.538078 -26.750017
v -12.881936 20.755323 -26.746531
v -12.683077 18.538084 -25.364595
v -12.880789 20.755329 -25.361105
v -10.928802 20.846909 44.131664
v -12.132179 27.435085 44.168037
v -10.956699 20.763493 -36.696243
v -12.160078 27.351669 -36.659874
v -11.095014 21.055662 44.135094
v -12.298391 27.643837 44.171486
v -11.122911 20.972244 -36.692802
v -12.326289 27.560417 -36.656418
v -13.240107 27.397289 43.983185
v -12.105250 27.397781 44.210915
v -13.288024 27.397850 -36.921104
v -12.153168 27.398346 -36.693367
v -13.250373 27.704292 43.983910
v -12.115517 27.704784 44.211655
v -13.298290 27.704859 -36.920380
v -12.163434 27.705351 -36.692635
v -12.122861 27.642006 34.101002
v -12.320572 29.859251 34.104496
v -12.121713 27.642010 35.486427
v -12.319426 29.859257 35.489914
v -13.227823 27.638123 34.120247
v -13.425534 29.855368 34.123734
v -13.226675 27.638126 35.505665
v -13.424386 29.855370 35.509159
v -12.134660 27.576927 13.421654
v -12.332372 29.794172 13.425141
v -12.133512 27.576931 14.807074
v -12.331223 29.794174 14.810562
v -13.239621 27.573040 13.440897
v -13.437332 29.790285 13.444380
v -13.238473 27.573046 14.826317
v -13.436186 29.790291 14.829805
v -12.128397 27.526649 -6.498858
v -12.326107 29.743895 -6.495379
v -12.127248 27.526653 -5.113439
v -12.324960 29.743898 -5.109956
v -13.233357 27.522766 -6.479617
v -13.431069 29.740009 -6.476134
v -13.232210 27.522770 -5.094197
v -13.429921 29.740013 -5.090713
v -12.154913 27.669514 -26.471470
v -12.352623 29.886757 -26.467987
v -12.153765 27.669518 -25.086048
v -12.351477 29.886763 -25.082561
v -13.259875 27.665630 -26.452232
v -13.457586 29.882872 -26.448750
v -13.258727 27.665632 -25.066807
v -13.456438 29.882875 -25.063313
v -13.196451 29.773701 43.491547
v -11.111644 29.777534 43.702728
v -13.300716 29.882412 -36.838730
v -11.215911 29.886246 -36.627533
v -13.215579 30.080673 43.492424
v -11.130773 30.084507 43.703636
v -13.319846 30.189386 -36.837837
v -11.235041 30.193220 -36.626640
v -13.150459 39.038910 -36.880039
v -13.551758 6.500426 -36.585342
v -13.083941 39.040047 43.408787
v -13.485239 6.501557 43.703465
v -13.359619 39.038174 -36.876408
v -13.760918 6.499691 -36.581703
v -13.293102 39.039307 43.412434
v -13.694400 6.500824 43.707115
v -9.960394 6.158056 -37.018158
v -9.960044 6.493419 -37.018158
v -9.893876 6.158300 43.270683
v -9.893526 6.493663 43.270649
v -13.883392 6.144269 -36.949844
v -13.860794 6.498503 -36.834396
v -13.816875 6.144510 43.338989
v -13.816527 6.479873 43.338970
v -11.202945 38.921700 -36.476238
v -11.351996 38.921867 -36.473629
v -11.127369 38.952385 43.665459
v -11.276420 38.952553 43.668018
v -11.220204 30.095043 -36.476089
v -11.377415 30.145016 -36.357521
v -11.144629 30.125725 43.665588
v -11.293680 30.125891 43.668167
v -9.939130 6.306649 44.518124
v -9.683836 39.468571 43.644573
v -13.679487 6.095219 44.545311
v -13.249324 39.219200 44.000149
v -9.805044 6.043210 43.366154
v -9.734780 39.474865 42.526783
v -13.737930 6.048553 43.443226
v -13.307769 39.172531 42.898045
v -10.347371 8.992216 -6.365859
v -9.483739 6.667899 -6.365859
v -10.347371 8.992215 -6.133800
v -9.483739 6.667899 -6.133800
v -11.010733 8.992214 -6.365859
v -10.147102 6.667899 -6.365859
v -11.010733 8.992215 -6.133800
v -10.147102 6.667899 -6.133800
v -10.700115 16.264008 -6.361946
v -9.834933 12.019904 -6.361946
v -10.700114 16.264008 -6.129887
v -9.834933 12.019902 -6.129890
v -11.363477 16.264008 -6.361946
v -10.498296 12.019902 -6.361946
v -11.363477 16.264008 -6.129887
v -10.498296 12.019902 -6.129890
v -10.357459 9.017386 -6.121021
v -9.841733 12.044779 -6.125927
v -10.334783 9.002953 -6.352901
v -9.819057 12.030342 -6.357803
v -11.017715 8.991329 -6.129695
v -10.501990 12.018720 -6.134602
v -10.995037 8.976892 -6.361571
v -10.479313 12.004283 -6.366474
v -10.312894 9.032491 -4.731369
v -9.449262 6.708173 -4.731368
v -10.312893 9.032490 -4.499305
v -9.449262 6.708174 -4.499309
v -10.976254 9.032490 -4.731369
v -10.112624 6.708173 -4.731368
v -10.976254 9.032490 -4.499305
v -10.112624 6.708174 -4.499309
v -10.665638 16.304285 -4.727451
v -9.800456 12.060180 -4.727451
v -10.665636 16.304281 -4.495392
v -9.800456 12.060177 -4.495396
v -11.328999 16.304281 -4.727451
v -10.463819 12.060177 -4.727451
v -11.328999 16.304281 -4.495392
v -10.463819 12.060177 -4.495396
v -10.322982 9.057661 -4.486526
v -9.807256 12.085053 -4.491432
v -10.300304 9.043228 -4.718406
v -9.784580 12.070619 -4.723309
v -10.983236 9.031606 -4.495204
v -10.467513 12.058994 -4.500103
v -10.960559 9.017167 -4.727081
v -10.444835 12.044558 -4.731983
v -10.366681 8.972987 -5.307456
v -9.503050 6.648670 -5.307456
v -10.366681 8.972986 -5.075397
v -9.503050 6.648670 -5.075397
v -11.030044 8.972986 -5.307456
v -10.166413 6.648670 -5.307456
v -11.030044 8.972986 -5.075397
v -10.166413 6.648670 -5.075397
v -10.210629 14.484243 -5.303547
v -9.854244 12.000675 -5.303547
v -10.210628 14.484241 -5.071484
v -9.854244 12.000673 -5.071487
v -10.873990 14.484241 -5.303547
v -10.517606 12.000673 -5.303547
v -10.873990 14.484241 -5.071484
v -10.517606 12.000673 -5.071487
v -10.376769 8.998158 -5.062618
v -9.861045 12.025550 -5.067524
v -10.354093 8.983725 -5.294502
v -9.838368 12.011113 -5.299400
v -11.037024 8.972100 -5.071292
v -10.521300 11.999491 -5.076195
v -11.014348 8.957664 -5.303169
v -10.498624 11.985054 -5.308079
v -10.250484 9.033781 -5.830776
v -9.386852 6.709464 -5.830775
v -10.250484 9.033781 -5.598720
v -9.386852 6.709464 -5.598720
v -10.913846 9.033780 -5.830776
v -10.050215 6.709464 -5.830775
v -10.913846 9.033781 -5.598720
v -10.050215 6.709464 -5.598720
v -10.488797 15.375945 -5.811729
v -9.738047 12.061470 -5.826866
v -10.488797 15.375942 -5.579670
v -9.738047 12.061467 -5.594810
v -11.152160 15.375942 -5.811729
v -10.401408 12.061467 -5.826866
v -11.152160 15.375942 -5.579670
v -10.401408 12.061467 -5.594810
v -10.260571 9.058952 -5.585941
v -9.744846 12.086346 -5.590847
v -10.237895 9.044518 -5.817821
v -9.722171 12.071909 -5.822723
v -10.920827 9.032896 -5.594615
v -10.405103 12.060286 -5.599518
v -10.898150 9.018457 -5.826496
v -10.382426 12.045848 -5.831394
v -10.056952 9.003508 -4.241844
v -9.193319 6.679190 -4.241843
v -10.056952 9.003506 -4.009784
v -9.193319 6.679190 -4.009784
v -10.720313 9.003506 -4.241844
v -9.856683 6.679190 -4.241843
v -10.720313 9.003506 -4.009784
v -9.856683 6.679190 -4.009784
v -10.409697 16.275299 -4.237930
v -9.544514 12.031195 -4.237930
v -10.409695 16.275297 -4.005871
v -9.544514 12.031192 -4.005871
v -11.073057 16.275297 -4.237930
v -10.207876 12.031192 -4.237930
v -11.073057 16.275297 -4.005871
v -10.207876 12.031192 -4.005871
v -10.067039 9.028677 -3.997005
v -9.551314 12.056070 -4.001911
v -10.044363 9.014243 -4.228885
v -9.528638 12.041634 -4.233788
v -10.727295 9.002621 -4.005680
v -10.211571 12.030010 -4.010582
v -10.704618 8.988184 -4.237556
v -10.188893 12.015574 -4.242458
v -10.022474 9.043781 -2.607349
v -9.158842 6.719463 -2.607349
v -10.022473 9.043779 -2.375289
v -9.158842 6.719463 -2.375289
v -10.685836 9.043779 -2.607349
v -9.822206 6.719463 -2.607349
v -10.685836 9.043779 -2.375289
v -9.822206 6.719463 -2.375289
v -10.375218 16.315575 -2.603436
v -9.510036 12.071469 -2.603435
v -10.375217 16.315575 -2.371372
v -9.510036 12.071466 -2.371372
v -11.038580 16.315575 -2.603436
v -10.173399 12.071466 -2.603435
v -11.038580 16.315575 -2.371372
v -10.173399 12.071466 -2.371372
v -10.032562 9.068952 -2.362506
v -9.516837 12.096343 -2.367409
v -10.009885 9.054518 -2.594390
v -9.494161 12.081908 -2.599289
v -10.692817 9.042895 -2.371181
v -10.177094 12.070284 -2.376087
v -10.670140 9.028458 -2.603061
v -10.154416 12.055847 -2.607967
v -10.076262 8.984279 -3.183441
v -9.212630 6.659961 -3.183440
v -10.076262 8.984277 -2.951377
v -9.212630 6.659961 -2.951377
v -10.739624 8.984277 -3.183441
v -9.875994 6.659961 -3.183440
v -10.739624 8.984277 -2.951377
v -9.875994 6.659961 -2.951377
v -9.920209 14.495535 -3.179531
v -9.563825 12.011966 -3.179531
v -9.920208 14.495531 -2.947472
v -9.563825 12.011963 -2.947471
v -10.583571 14.495531 -3.179531
v -10.227187 12.011963 -3.179531
v -10.583571 14.495531 -2.947472
v -10.227187 12.011963 -2.947471
v -10.086350 9.009448 -2.938598
v -9.570625 12.036841 -2.943504
v -10.063673 8.995014 -3.170478
v -9.547949 12.022405 -3.175377
v -10.746606 8.983392 -2.947280
v -10.230882 12.010781 -2.952179
v -10.723928 8.968955 -3.179153
v -10.208204 11.996345 -3.184059
v -9.960065 9.045073 -3.706764
v -9.096433 6.720755 -3.706764
v -9.960064 9.045071 -3.474704
v -9.096433 6.720755 -3.474704
v -10.623426 9.045071 -3.706764
v -9.759796 6.720755 -3.706764
v -10.623426 9.045071 -3.474704
v -9.759796 6.720755 -3.474704
v -10.198379 15.387237 -3.687710
v -9.447627 12.072760 -3.702850
v -10.198378 15.387232 -3.455650
v -9.447627 12.072759 -3.470791
v -10.861740 15.387232 -3.687710
v -10.110990 12.072759 -3.702850
v -10.861740 15.387232 -3.455650
v -10.110990 12.072759 -3.470791
v -9.970153 9.070242 -3.461925
v -9.454428 12.097635 -3.466827
v -9.947475 9.055808 -3.693801
v -9.431751 12.083200 -3.698704
v -10.630408 9.044187 -3.470600
v -10.114684 12.071575 -3.475498
v -10.607731 9.029749 -3.702476
v -10.092007 12.057138 -3.707378
v -10.359956 8.992212 -8.580533
v -9.496324 6.667894 -8.580533
v -10.359956 8.992209 -8.348475
v -9.496324 6.667894 -8.348475
v -11.023318 8.992209 -8.580533
v -10.159687 6.667894 -8.580533
v -11.023318 8.992209 -8.348475
v -10.159687 6.667894 -8.348475
v -10.712700 16.264002 -8.576620
v -9.847518 12.019899 -8.576620
v -10.712700 16.264000 -8.344561
v -9.847518 12.019897 -8.344561
v -11.376062 16.264000 -8.576620
v -10.510880 12.019897 -8.576620
v -11.376062 16.264000 -8.344561
v -10.510880 12.019897 -8.344561
v -10.370044 9.017381 -8.335696
v -9.854319 12.044774 -8.340597
v -10.347367 9.002948 -8.567575
v -9.831642 12.030337 -8.572475
v -11.030299 8.991325 -8.344369
v -10.514575 12.018715 -8.349272
v -11.007623 8.976889 -8.576247
v -10.491899 12.004278 -8.581148
v -10.325479 9.032485 -6.946038
v -9.461846 6.708168 -6.946038
v -10.325479 9.032484 -6.713983
v -9.461846 6.708168 -6.713983
v -10.988840 9.032484 -6.946038
v -10.125210 6.708168 -6.946038
v -10.988840 9.032484 -6.713983
v -10.125210 6.708168 -6.713983
v -10.678223 16.304279 -6.942125
v -9.813041 12.060174 -6.942125
v -10.678222 16.304276 -6.710070
v -9.813041 12.060171 -6.710070
v -11.341584 16.304276 -6.942125
v -10.476403 12.060171 -6.942125
v -11.341584 16.304276 -6.710070
v -10.476403 12.060171 -6.710070
v -10.335567 9.057655 -6.701200
v -9.819841 12.085048 -6.706104
v -10.312890 9.043221 -6.933080
v -9.797165 12.070613 -6.937983
v -10.995822 9.031599 -6.709876
v -10.480098 12.058989 -6.714777
v -10.973145 9.017161 -6.941754
v -10.457420 12.044552 -6.946657
v -10.379267 8.972982 -7.522130
v -9.515635 6.648665 -7.522130
v -10.379266 8.972980 -7.290071
v -9.515635 6.648665 -7.290071
v -11.042628 8.972980 -7.522130
v -10.178998 6.648665 -7.522130
v -11.042628 8.972980 -7.290071
v -10.178998 6.648665 -7.290071
v -10.223214 14.484238 -7.518217
v -9.866829 12.000670 -7.518217
v -10.223212 14.484236 -7.286158
v -9.866829 12.000668 -7.286161
v -10.886575 14.484236 -7.518217
v -10.530191 12.000668 -7.518217
v -10.886575 14.484236 -7.286158
v -10.530191 12.000668 -7.286161
v -10.389355 8.998152 -7.277291
v -9.873630 12.025546 -7.282194
v -10.366677 8.983719 -7.509171
v -9.850953 12.011109 -7.514072
v -11.049609 8.972095 -7.285964
v -10.533886 11.999486 -7.290869
v -11.026933 8.957659 -7.517846
v -10.511209 11.985049 -7.522749
v -10.263069 9.033777 -8.045453
v -9.399437 6.709459 -8.045453
v -10.263068 9.033774 -7.813394
v -9.399437 6.709459 -7.813394
v -10.926431 9.033774 -8.045453
v -10.062800 6.709459 -8.045453
v -10.926431 9.033774 -7.813394
v -10.062800 6.709459 -7.813394
v -10.501383 15.375939 -8.026403
v -9.750631 12.061464 -8.041536
v -10.501382 15.375937 -7.794344
v -9.750631 12.061462 -7.809481
v -11.164744 15.375937 -8.026403
v -10.413994 12.061462 -8.041536
v -11.164744 15.375937 -7.794344
v -10.413994 12.061462 -7.809481
v -10.273157 9.058947 -7.800614
v -9.757432 12.086339 -7.805517
v -10.250480 9.044513 -8.032495
v -9.734756 12.071904 -8.037395
v -10.933412 9.032890 -7.809289
v -10.417688 12.060280 -7.814188
v -10.910735 9.018454 -8.041165
v -10.395011 12.045843 -8.046068
v -10.367753 8.953442 0.243512
v -9.504121 6.629125 0.243512
v -10.367753 8.953440 0.475575
v -9.504121 6.629125 0.475575
v -11.031115 8.953440 0.243512
v -10.167484 6.629125 0.243512
v -11.031115 8.953440 0.475575
v -10.167484 6.629125 0.475575
v -10.720497 16.225231 0.247429
v -9.855315 11.981129 0.247429
v -10.720496 16.225231 0.479488
v -9.855315 11.981128 0.479489
v -11.383859 16.225231 0.247429
v -10.518678 11.981128 0.247429
v -11.383859 16.225231 0.479488
v -10.518678 11.981128 0.479489
v -10.377841 8.978611 0.488354
v -9.862115 12.006004 0.483452
v -10.355165 8.964178 0.256474
v -9.839439 11.991568 0.251568
v -11.038096 8.952555 0.479680
v -10.522372 11.979944 0.474777
v -11.015419 8.938118 0.247799
v -10.499695 11.965508 0.242897
v -10.333276 8.993716 1.878007
v -9.469644 6.669399 1.878007
v -10.333275 8.993715 2.110066
v -9.469644 6.669399 2.110066
v -10.996636 8.993714 1.878007
v -10.133006 6.669399 1.878007
v -10.996636 8.993715 2.110066
v -10.133006 6.669399 2.110066
v -10.686020 16.265509 1.881923
v -9.820838 12.021405 1.881924
v -10.686018 16.265507 2.113983
v -9.820838 12.021402 2.113983
v -11.349380 16.265507 1.881923
v -10.484200 12.021402 1.881924
v -11.349380 16.265507 2.113983
v -10.484200 12.021402 2.113983
v -10.343364 9.018887 2.122845
v -9.827638 12.046279 2.117943
v -10.320686 9.004453 1.890969
v -9.804962 12.031843 1.886067
v -11.003618 8.992830 2.114175
v -10.487895 12.020219 2.109268
v -10.980941 8.978393 1.882294
v -10.465217 12.005782 1.877392
v -10.387063 8.934214 1.301919
v -9.523432 6.609896 1.301919
v -10.387063 8.934212 1.533978
v -9.523432 6.609896 1.533974
v -11.050426 8.934212 1.301919
v -10.186795 6.609896 1.301919
v -11.050426 8.934212 1.533978
v -10.186795 6.609896 1.533974
v -10.231010 14.445467 1.305836
v -9.874626 11.961902 1.305836
v -10.231009 14.445465 1.537891
v -9.874626 11.961899 1.537892
v -10.894372 14.445465 1.305836
v -10.537988 11.961899 1.305836
v -10.894372 14.445465 1.537891
v -10.537988 11.961899 1.537892
v -10.397151 8.959383 1.546757
v -9.881427 11.986776 1.541851
v -10.374475 8.944950 1.314881
v -9.858750 11.972340 1.309979
v -11.057406 8.933327 1.538083
v -10.541682 11.960717 1.533180
v -11.034730 8.918890 1.306206
v -10.519006 11.946280 1.301300
v -10.270865 8.995007 0.778595
v -9.407234 6.670690 0.778596
v -10.270865 8.995005 1.010651
v -9.407234 6.670690 1.010651
v -10.934228 8.995005 0.778595
v -10.070598 6.670690 0.778596
v -10.934228 8.995005 1.010651
v -10.070598 6.670690 1.010651
v -10.509179 15.337169 0.797646
v -9.758429 12.022696 0.782509
v -10.509179 15.337168 1.029705
v -9.758429 12.022694 1.014569
v -11.172542 15.337168 0.797646
v -10.421790 12.022694 0.782509
v -11.172542 15.337168 1.029705
v -10.421790 12.022694 1.014569
v -10.280953 9.020178 1.023434
v -9.765229 12.047569 1.018532
v -10.258277 9.005743 0.791554
v -9.742553 12.033135 0.786652
v -10.941209 8.994122 1.014760
v -10.425485 12.021509 1.009857
v -10.918532 8.979683 0.782879
v -10.402808 12.007072 0.777977
v -10.077334 8.964733 2.367532
v -9.213702 6.640415 2.367532
v -10.077333 8.964730 2.599591
v -9.213702 6.640415 2.599587
v -10.740695 8.964730 2.367532
v -9.877065 6.640415 2.367532
v -10.740695 8.964730 2.599591
v -9.877065 6.640415 2.599587
v -10.430079 16.236523 2.371448
v -9.564897 11.992420 2.371449
v -10.430077 16.236521 2.603504
v -9.564897 11.992417 2.603501
v -11.093439 16.236521 2.371448
v -10.228259 11.992417 2.371449
v -11.093439 16.236521 2.603504
v -10.228259 11.992417 2.603501
v -10.087422 8.989902 2.612370
v -9.571696 12.017295 2.607468
v -10.064745 8.975469 2.380494
v -9.549020 12.002858 2.375592
v -10.747677 8.963846 2.603696
v -10.231954 11.991236 2.598793
v -10.724999 8.949409 2.371819
v -10.209275 11.976799 2.366913
v -10.042856 9.005006 4.002023
v -9.179225 6.680688 4.002023
v -10.042855 9.005005 4.234082
v -9.179225 6.680688 4.234082
v -10.706218 9.005005 4.002023
v -9.842587 6.680688 4.002023
v -10.706218 9.005005 4.234082
v -9.842587 6.680688 4.234082
v -10.395600 16.276798 4.005943
v -9.530419 12.032695 4.005943
v -10.395599 16.276796 4.237999
v -9.530419 12.032692 4.237999
v -11.058962 16.276796 4.005943
v -10.193781 12.032692 4.005943
v -11.058962 16.276796 4.237999
v -10.193781 12.032692 4.237999
v -10.052944 9.030176 4.246861
v -9.537219 12.057569 4.241962
v -10.030267 9.015742 4.014989
v -9.514543 12.043134 4.010082
v -10.713199 9.004120 4.238191
v -10.197475 12.031509 4.233284
v -10.690522 8.989682 4.006310
v -10.174798 12.017073 4.001408
v -10.096644 8.945503 3.425935
v -9.233012 6.621186 3.425935
v -10.096644 8.945501 3.657990
v -9.233012 6.621186 3.657990
v -10.760006 8.945501 3.425935
v -9.896377 6.621186 3.425935
v -10.760006 8.945501 3.657990
v -9.896377 6.621186 3.657990
v -9.940591 14.456757 3.429852
v -9.584207 11.973191 3.429852
v -9.940591 14.456755 3.661907
v -9.584207 11.973188 3.661904
v -10.603953 14.456755 3.429852
v -10.247569 11.973188 3.429852
v -10.603953 14.456755 3.661907
v -10.247569 11.973188 3.661904
v -10.106732 8.970673 3.670769
v -9.591008 11.998067 3.665871
v -10.084056 8.956240 3.438893
v -9.568332 11.983630 3.433991
v -10.766988 8.944616 3.662099
v -10.251264 11.972007 3.657200
v -10.744310 8.930180 3.430218
v -10.228586 11.957570 3.425316
v -9.980447 9.006298 2.902611
v -9.116815 6.681980 2.902611
v -9.980447 9.006295 3.134671
v -9.116815 6.681980 3.134671
v -10.643808 9.006295 2.902611
v -9.780178 6.681980 2.902611
v -10.643808 9.006295 3.134671
v -9.780178 6.681980 3.134671
v -10.218760 15.348459 2.921661
v -9.468009 12.033985 2.906529
v -10.218760 15.348457 3.153721
v -9.468009 12.033983 3.138588
v -10.882122 15.348457 2.921661
v -10.131371 12.033983 2.906529
v -10.882122 15.348457 3.153721
v -10.131371 12.033983 3.138588
v -9.990535 9.031467 3.147450
v -9.474810 12.058860 3.142548
v -9.967858 9.017034 2.915566
v -9.452134 12.044425 2.910668
v -10.650790 9.005411 3.138779
v -10.135066 12.032801 3.133873
v -10.628113 8.990974 2.906899
v -10.112389 12.018364 2.901997
v -10.380338 8.953437 -1.971157
v -9.516706 6.629119 -1.971156
v -10.380338 8.953435 -1.739097
v -9.516706 6.629119 -1.739101
v -11.043700 8.953435 -1.971157
v -10.180070 6.629119 -1.971156
v -11.043700 8.953435 -1.739097
v -10.180070 6.629119 -1.739101
v -10.733082 16.225225 -1.967243
v -9.867900 11.981125 -1.967243
v -10.733082 16.225224 -1.735184
v -9.867900 11.981122 -1.735187
v -11.396444 16.225224 -1.967243
v -10.531262 11.981122 -1.967243
v -11.396444 16.225224 -1.735184
v -10.531262 11.981122 -1.735187
v -10.390426 8.978606 -1.726322
v -9.874701 12.006000 -1.731224
v -10.367749 8.964172 -1.958198
v -9.852025 11.991563 -1.963100
v -11.050681 8.952550 -1.734996
v -10.534957 11.979940 -1.739898
v -11.028005 8.938113 -1.966873
v -10.512280 11.965504 -1.971775
v -10.345860 8.993711 -0.336666
v -9.482228 6.669393 -0.336665
v -10.345860 8.993709 -0.104606
v -9.482228 6.669393 -0.104606
v -11.009222 8.993709 -0.336666
v -10.145592 6.669393 -0.336665
v -11.009222 8.993709 -0.104606
v -10.145592 6.669393 -0.104606
v -10.698605 16.265503 -0.332752
v -9.833423 12.021399 -0.332752
v -10.698604 16.265501 -0.100693
v -9.833423 12.021397 -0.100693
v -11.361966 16.265501 -0.332752
v -10.496785 12.021397 -0.332752
v -11.361966 16.265501 -0.100693
v -10.496785 12.021397 -0.100693
v -10.355948 9.018881 -0.091827
v -9.840223 12.046273 -0.096733
v -10.333272 9.004447 -0.323703
v -9.817548 12.031837 -0.328609
v -11.016204 8.992825 -0.100502
v -10.500480 12.020213 -0.105404
v -10.993526 8.978387 -0.332382
v -10.477802 12.005776 -0.337284
v -10.399649 8.934208 -0.912757
v -9.536017 6.609890 -0.912757
v -10.399648 8.934206 -0.680702
v -9.536017 6.609890 -0.680701
v -11.063010 8.934206 -0.912757
v -10.199380 6.609890 -0.912757
v -11.063010 8.934206 -0.680702
v -10.199380 6.609890 -0.680701
v -10.243596 14.445461 -0.908844
v -9.887212 11.961896 -0.908844
v -10.243594 14.445458 -0.676785
v -9.887212 11.961893 -0.676784
v -10.906957 14.445457 -0.908844
v -10.550573 11.961893 -0.908844
v -10.906957 14.445458 -0.676785
v -10.550573 11.961893 -0.676784
v -10.409737 8.959377 -0.667915
v -9.894011 11.986771 -0.672817
v -10.387059 8.944944 -0.899795
v -9.871335 11.972334 -0.904697
v -11.069991 8.933321 -0.676593
v -10.554268 11.960711 -0.681488
v -11.047315 8.918884 -0.908470
v -10.531590 11.946275 -0.913376
v -10.283451 8.995002 -1.436077
v -9.419820 6.670684 -1.436076
v -10.283450 8.995000 -1.204021
v -9.419820 6.670684 -1.204021
v -10.946813 8.995000 -1.436077
v -10.083182 6.670684 -1.436076
v -10.946813 8.995000 -1.204021
v -10.083182 6.670684 -1.204021
v -10.521765 15.337162 -1.417027
v -9.771014 12.022690 -1.432167
v -10.521764 15.337162 -1.184971
v -9.771014 12.022688 -1.200107
v -11.185126 15.337162 -1.417027
v -10.434376 12.022688 -1.432167
v -11.185126 15.337162 -1.184971
v -10.434376 12.022688 -1.200107
v -10.293539 9.020172 -1.191238
v -9.777814 12.047565 -1.196144
v -10.270862 9.005737 -1.423118
v -9.755137 12.033130 -1.428020
v -10.953794 8.994116 -1.199916
v -10.438070 12.021505 -1.204815
v -10.931117 8.979678 -1.431793
v -10.415393 12.007069 -1.436695
v -10.411943 8.823290 6.623989
v -9.548311 6.498973 6.623990
v -10.411942 8.823288 6.836964
v -9.548311 6.498973 6.836965
v -11.075305 8.823288 6.623989
v -10.211674 6.498973 6.623990
v -11.075305 8.823288 6.836964
v -10.211674 6.498973 6.836965
v -10.764688 16.095085 6.627583
v -9.899506 11.850977 6.627579
v -10.764687 16.095083 6.840557
v -9.899506 11.850976 6.840557
v -11.428049 16.095083 6.627583
v -10.562868 11.850976 6.627579
v -11.428049 16.095083 6.840557
v -10.562868 11.850976 6.840557
v -10.422031 8.848459 6.848698
v -9.906305 11.875854 6.844196
v -10.399354 8.834027 6.635883
v -9.883629 11.861417 6.631382
v -11.082286 8.822403 6.840729
v -10.566563 11.849792 6.836235
v -11.059609 8.807966 6.627922
v -10.543885 11.835356 6.623421
v -10.377465 8.863565 8.124073
v -9.513834 6.539248 8.124074
v -10.377465 8.863564 8.337051
v -9.513834 6.539248 8.337049
v -11.040827 8.863564 8.124073
v -10.177197 6.539248 8.124074
v -11.040827 8.863564 8.337051
v -10.177197 6.539248 8.337049
v -10.730209 16.135361 8.127666
v -9.865028 11.891253 8.127666
v -10.730208 16.135359 8.340641
v -9.865028 11.891252 8.340637
v -11.393571 16.135359 8.127666
v -10.528390 11.891252 8.127666
v -11.393571 16.135359 8.340641
v -10.528390 11.891252 8.340637
v -10.387553 8.888736 8.348778
v -9.871828 11.916128 8.344276
v -10.364877 8.874302 8.135967
v -9.849152 11.901691 8.131470
v -11.047809 8.862679 8.340820
v -10.532084 11.890067 8.336319
v -11.025131 8.848242 8.128010
v -10.509407 11.875630 8.123508
v -10.431253 8.804062 7.595356
v -9.567622 6.479744 7.595357
v -10.431253 8.804061 7.808331
v -9.567622 6.479744 7.808331
v -11.094615 8.804061 7.595356
v -10.230986 6.479744 7.595357
v -11.094615 8.804061 7.808331
v -10.230986 6.479744 7.808331
v -10.275200 14.315318 7.598946
v -9.918816 11.831750 7.598946
v -10.275200 14.315317 7.811928
v -9.918816 11.831748 7.811924
v -10.938562 14.315317 7.598946
v -10.582178 11.831748 7.598946
v -10.938562 14.315317 7.811928
v -10.582178 11.831748 7.811924
v -10.441341 8.829232 7.820061
v -9.925617 11.856625 7.815563
v -10.418665 8.814799 7.607250
v -9.902941 11.842188 7.602753
v -11.101597 8.803175 7.812099
v -10.585873 11.830565 7.807606
v -11.078919 8.788738 7.599289
v -10.563195 11.816129 7.594788
v -10.315056 8.864855 7.115067
v -9.451425 6.540538 7.115067
v -10.315056 8.864853 7.328045
v -9.451425 6.540538 7.328046
v -10.978417 8.864853 7.115067
v -10.114787 6.540538 7.115067
v -10.978417 8.864853 7.328045
v -10.114787 6.540538 7.328046
v -10.553370 15.207020 7.132549
v -9.802618 11.892545 7.118660
v -10.553369 15.207019 7.345528
v -9.802618 11.892542 7.331635
v -11.216731 15.207019 7.132549
v -10.465981 11.892542 7.118660
v -11.216731 15.207019 7.345528
v -10.465981 11.892542 7.331635
v -10.325144 8.890026 7.339771
v -9.809419 11.917418 7.335274
v -10.302467 8.875592 7.126961
v -9.786743 11.902984 7.122463
v -10.985399 8.863971 7.331810
v -10.469675 11.891357 7.327312
v -10.962722 8.849531 7.119003
v -10.446998 11.876921 7.114506
v -10.121524 8.834581 8.573349
v -9.257892 6.510263 8.573350
v -10.121523 8.834579 8.786320
v -9.257892 6.510263 8.786321
v -10.784885 8.834579 8.573349
v -9.921255 6.510263 8.573350
v -10.784885 8.834579 8.786320
v -9.921255 6.510263 8.786321
v -10.474268 16.106375 8.576935
v -9.609086 11.862268 8.576935
v -10.474267 16.106373 8.789909
v -9.609086 11.862267 8.789909
v -11.137630 16.106373 8.576935
v -10.272449 11.862267 8.576935
v -11.137630 16.106373 8.789909
v -10.272449 11.862267 8.789909
v -10.131612 8.859751 8.798050
v -9.615887 11.887144 8.793552
v -10.108934 8.845318 8.585236
v -9.593210 11.872706 8.580742
v -10.791867 8.833694 8.790089
v -10.276143 11.861084 8.785587
v -10.769190 8.819258 8.577278
v -10.253466 11.846647 8.572777
v -10.087046 8.874855 10.073433
v -9.223414 6.550538 10.073433
v -10.087046 8.874853 10.286404
v -9.223414 6.550538 10.286404
v -10.750408 8.874853 10.073433
v -9.886778 6.550538 10.073433
v -10.750408 8.874853 10.286404
v -9.886778 6.550538 10.286404
v -10.439791 16.146652 10.077023
v -9.574609 11.902543 10.077023
v -10.439790 16.146648 10.289997
v -9.574609 11.902542 10.289997
v -11.103152 16.146648 10.077023
v -10.237970 11.902542 10.077023
v -11.103152 16.146648 10.289997
v -10.237970 11.902542 10.289997
v -10.097134 8.900025 10.298138
v -9.581409 11.927419 10.293636
v -10.074457 8.885592 10.085327
v -9.558733 11.912982 10.080822
v -10.757389 8.873969 10.290176
v -10.241665 11.901358 10.285675
v -10.734713 8.859531 10.077366
v -10.218988 11.886921 10.072865
v -10.140835 8.815351 9.544712
v -9.277203 6.491035 9.544713
v -10.140834 8.815351 9.757690
v -9.277203 6.491035 9.757691
v -10.804196 8.815351 9.544712
v -9.940566 6.491035 9.544713
v -10.804196 8.815351 9.757690
v -9.940566 6.491035 9.757691
v -9.984781 14.326608 9.548306
v -9.628397 11.843040 9.548306
v -9.984780 14.326607 9.761280
v -9.628397 11.843039 9.761276
v -10.648143 14.326607 9.548306
v -10.291759 11.843039 9.548306
v -10.648143 14.326607 9.761280
v -10.291759 11.843039 9.761276
v -10.150923 8.840522 9.769417
v -9.635198 11.867915 9.764915
v -10.128245 8.826089 9.556606
v -9.612521 11.853478 9.552109
v -10.811177 8.814465 9.761456
v -10.295454 11.841855 9.756958
v -10.788501 8.800028 9.548645
v -10.272776 11.827418 9.544144
v -10.024637 8.876146 9.064423
v -9.161005 6.551828 9.064423
v -10.024636 8.876144 9.277401
v -9.161005 6.551828 9.277397
v -10.687999 8.876144 9.064423
v -9.824368 6.551828 9.064423
v -10.687999 8.876144 9.277401
v -9.824368 6.551828 9.277397
v -10.262951 15.218311 9.081909
v -9.512199 11.903835 9.068016
v -10.262949 15.218309 9.294884
v -9.512199 11.903832 9.280994
v -10.926312 15.218309 9.081909
v -10.175562 11.903832 9.068016
v -10.926312 15.218309 9.294884
v -10.175562 11.903832 9.280994
v -10.034725 8.901317 9.289131
v -9.519000 11.928709 9.284626
v -10.012048 8.886883 9.076313
v -9.496324 11.914273 9.071819
v -10.694980 8.875260 9.281166
v -10.179256 11.902649 9.276669
v -10.672303 8.860823 9.068352
v -10.156578 11.888212 9.063858
v -10.424528 8.823285 4.591432
v -9.560896 6.498968 4.591432
v -10.424528 8.823284 4.804406
v -9.560896 6.498968 4.804406
v -11.087890 8.823284 4.591432
v -10.224259 6.498968 4.591432
v -11.087890 8.823284 4.804406
v -10.224259 6.498968 4.804406
v -10.777272 16.095078 4.595024
v -9.912090 11.850973 4.595024
v -10.777271 16.095078 4.808002
v -9.912090 11.850971 4.808002
v -11.440634 16.095078 4.595024
v -10.575453 11.850971 4.595024
v -11.440634 16.095078 4.808002
v -10.575453 11.850971 4.808002
v -10.434616 8.848455 4.816140
v -9.918890 11.875848 4.811638
v -10.411940 8.834022 4.603326
v -9.896214 11.861411 4.598827
v -11.094872 8.822398 4.808179
v -10.579147 11.849789 4.803680
v -11.072194 8.807961 4.595365
v -10.556470 11.835352 4.590870
v -10.390051 8.863560 6.091518
v -9.526419 6.539242 6.091519
v -10.390050 8.863557 6.304493
v -9.526419 6.539242 6.304494
v -11.053412 8.863557 6.091518
v -10.189781 6.539242 6.091519
v -11.053412 8.863557 6.304493
v -10.189781 6.539242 6.304494
v -10.742795 16.135355 6.095108
v -9.877613 11.891248 6.095108
v -10.742794 16.135353 6.308083
v -9.877613 11.891246 6.308083
v -11.406157 16.135353 6.095108
v -10.540976 11.891246 6.095108
v -11.406157 16.135353 6.308083
v -10.540976 11.891246 6.308083
v -10.400139 8.888730 6.316219
v -9.884413 11.916122 6.311726
v -10.377461 8.874296 6.103409
v -9.861737 11.901686 6.098915
v -11.060393 8.862673 6.308262
v -10.544670 11.890061 6.303764
v -11.037717 8.848236 6.095451
v -10.521993 11.875625 6.090954
v -10.443839 8.804056 5.562802
v -9.580207 6.479739 5.562802
v -10.443838 8.804055 5.775777
v -9.580207 6.479740 5.775777
v -11.107201 8.804055 5.562802
v -10.243570 6.479739 5.562802
v -11.107201 8.804055 5.775777
v -10.243570 6.479740 5.775777
v -10.287786 14.315310 5.566391
v -9.931401 11.831744 5.566391
v -10.287785 14.315310 5.779366
v -9.931401 11.831742 5.779366
v -10.951147 14.315310 5.566391
v -10.594764 11.831742 5.566391
v -10.951147 14.315310 5.779366
v -10.594764 11.831742 5.779366
v -10.453927 8.829226 5.787507
v -9.938202 11.856619 5.783005
v -10.431250 8.814793 5.574697
v -9.915525 11.842182 5.570194
v -11.114182 8.803169 5.779550
v -10.598458 11.830560 5.775047
v -11.091505 8.788733 5.566735
v -10.575781 11.816123 5.562233
v -10.327641 8.864850 5.082513
v -9.464009 6.540533 5.082513
v -10.327641 8.864849 5.295487
v -9.464009 6.540533 5.295487
v -10.991003 8.864849 5.082513
v -10.127373 6.540533 5.082513
v -10.991003 8.864849 5.295487
v -10.127373 6.540533 5.295487
v -10.565955 15.207014 5.099995
v -9.815204 11.892539 5.086102
v -10.565954 15.207011 5.312977
v -9.815204 11.892536 5.299076
v -11.229317 15.207011 5.099995
v -10.478566 11.892536 5.086102
v -11.229317 15.207011 5.312977
v -10.478566 11.892536 5.299076
v -10.337729 8.890020 5.307214
v -9.822004 11.917413 5.302719
v -10.315052 8.875587 5.094403
v -9.799328 11.902978 5.089909
v -10.997984 8.863965 5.299256
v -10.482261 11.891354 5.294758
v -10.975307 8.849526 5.086446
v -10.459583 11.876917 5.081944
v -10.432325 8.784515 12.689857
v -9.568693 6.460199 12.689858
v -10.432324 8.784513 12.902832
v -9.568693 6.460199 12.902833
v -11.095687 8.784513 12.689857
v -10.232057 6.460199 12.689858
v -11.095687 8.784513 12.902832
v -10.232057 6.460199 12.902833
v -10.785069 16.056309 12.693447
v -9.919888 11.812202 12.693447
v -10.785069 16.056307 12.906425
v -9.919888 11.812201 12.906425
v -11.448431 16.056307 12.693447
v -10.583250 11.812201 12.693447
v -11.448431 16.056307 12.906425
v -10.583250 11.812201 12.906425
v -10.442413 8.809685 12.914566
v -9.926687 11.837079 12.910065
v -10.419736 8.795252 12.701752
v -9.904012 11.822642 12.697254
v -11.102668 8.783628 12.906601
v -10.586945 11.811018 12.902103
v -11.079991 8.769192 12.693790
v -10.564267 11.796581 12.689293
v -10.397847 8.824790 14.189945
v -9.534216 6.500473 14.189945
v -10.397847 8.824788 14.402920
v -9.534216 6.500473 14.402916
v -11.061209 8.824788 14.189945
v -10.197578 6.500473 14.189945
v -11.061209 8.824788 14.402920
v -10.197578 6.500473 14.402916
v -10.750591 16.096584 14.193535
v -9.885410 11.852478 14.193535
v -10.750590 16.096582 14.406513
v -9.885410 11.852477 14.406513
v -11.413953 16.096582 14.193535
v -10.548772 11.852477 14.193535
v -11.413953 16.096582 14.406513
v -10.548772 11.852477 14.406513
v -10.407935 8.849960 14.414646
v -9.892210 11.877354 14.410149
v -10.385259 8.835527 14.201836
v -9.869534 11.862917 14.197342
v -11.068191 8.823904 14.406685
v -10.552466 11.851293 14.402191
v -11.045513 8.809466 14.193878
v -10.529789 11.836856 14.189381
v -10.451635 8.765286 13.661232
v -9.588004 6.440970 13.661233
v -10.451635 8.765285 13.874203
v -9.588004 6.440970 13.874203
v -11.114997 8.765285 13.661232
v -10.251368 6.440970 13.661233
v -11.114997 8.765285 13.874203
v -10.251368 6.440970 13.874203
v -10.295583 14.276541 13.664818
v -9.939198 11.792974 13.664818
v -10.295582 14.276539 13.877796
v -9.939198 11.792972 13.877792
v -10.958944 14.276539 13.664818
v -10.602560 11.792972 13.664818
v -10.958944 14.276539 13.877796
v -10.602560 11.792972 13.877792
v -10.461723 8.790456 13.885933
v -9.945999 11.817850 13.881435
v -10.439047 8.776024 13.673122
v -9.923323 11.803413 13.668625
v -11.121979 8.764400 13.877968
v -10.606255 11.791789 13.873474
v -11.099301 8.749963 13.665161
v -10.583577 11.777352 13.660664
v -10.335438 8.826080 13.180939
v -9.471807 6.501764 13.180940
v -10.335438 8.826080 13.393913
v -9.471807 6.501764 13.393914
v -10.998799 8.826078 13.180939
v -10.135169 6.501764 13.180940
v -10.998799 8.826080 13.393913
v -10.135169 6.501764 13.393914
v -10.573751 15.168242 13.198421
v -9.823001 11.853768 13.184532
v -10.573750 15.168242 13.411396
v -9.823001 11.853767 13.397503
v -11.237113 15.168242 13.198421
v -10.486362 11.853767 13.184532
v -11.237113 15.168242 13.411396
v -10.486362 11.853767 13.397503
v -10.345526 8.851252 13.405643
v -9.829801 11.878644 13.401142
v -10.322849 8.836817 13.192833
v -9.807125 11.864207 13.188332
v -11.005781 8.825194 13.397682
v -10.490057 11.852584 13.393185
v -10.983104 8.810757 13.184872
v -10.467380 11.838146 13.180370
v -10.141906 8.795806 14.639214
v -9.278274 6.471488 14.639214
v -10.141906 8.795805 14.852188
v -9.278274 6.471488 14.852188
v -10.805267 8.795805 14.639214
v -9.941637 6.471488 14.639214
v -10.805267 8.795805 14.852188
v -9.941637 6.471488 14.852188
v -10.494650 16.067600 14.642807
v -9.629468 11.823494 14.642807
v -10.494649 16.067596 14.855782
v -9.629468 11.823492 14.855778
v -11.158011 16.067596 14.642807
v -10.292830 11.823492 14.642807
v -11.158011 16.067596 14.855782
v -10.292830 11.823492 14.855778
v -10.151994 8.820976 14.863918
v -9.636269 11.848369 14.859421
v -10.129317 8.806542 14.651108
v -9.613592 11.833932 14.646610
v -10.812249 8.794919 14.855961
v -10.296525 11.822309 14.851460
v -10.789572 8.780482 14.643150
v -10.273848 11.807873 14.638645
v -10.107429 8.836081 16.139305
v -9.243796 6.511763 16.139305
v -10.107428 8.836078 16.352280
v -9.243796 6.511763 16.352276
v -10.770790 8.836078 16.139305
v -9.907160 6.511763 16.139305
v -10.770790 8.836078 16.352280
v -9.907160 6.511763 16.352276
v -10.460173 16.107874 16.142891
v -9.594991 11.863769 16.142891
v -10.460172 16.107872 16.355869
v -9.594991 11.863767 16.355869
v -11.123534 16.107872 16.142891
v -10.258353 11.863767 16.142891
v -11.123534 16.107872 16.355869
v -10.258353 11.863767 16.355869
v -10.117517 8.861251 16.364006
v -9.601791 11.888643 16.359509
v -10.094839 8.846817 16.151199
v -9.579115 11.874207 16.146698
v -10.777771 8.835194 16.356045
v -10.262048 11.862582 16.351547
v -10.755095 8.820757 16.143238
v -10.239370 11.848145 16.138733
v -10.161217 8.776577 15.610580
v -9.297585 6.452260 15.610580
v -10.161216 8.776576 15.823563
v -9.297585 6.452260 15.823563
v -10.824578 8.776576 15.610580
v -9.960948 6.452260 15.610580
v -10.824578 8.776576 15.823563
v -9.960948 6.452260 15.823563
v -10.005163 14.287831 15.614178
v -9.648779 11.804265 15.614178
v -10.005162 14.287830 15.827148
v -9.648779 11.804263 15.827148
v -10.668525 14.287830 15.614178
v -10.312141 11.804263 15.614178
v -10.668525 14.287830 15.827148
v -10.312141 11.804263 15.827148
v -10.171305 8.801747 15.835285
v -9.655580 11.829140 15.830788
v -10.148627 8.787313 15.622471
v -9.632903 11.814703 15.617981
v -10.831559 8.775690 15.827328
v -10.315836 11.803081 15.822826
v -10.808883 8.761253 15.614513
v -10.293159 11.788644 15.610012
v -10.045019 8.837371 15.130299
v -9.181387 6.513053 15.130299
v -10.045018 8.837370 15.343269
v -9.181387 6.513054 15.343269
v -10.708381 8.837370 15.130299
v -9.844750 6.513053 15.130299
v -10.708381 8.837370 15.343269
v -9.844750 6.513054 15.343269
v -10.283333 15.179532 15.147778
v -9.532581 11.865060 15.133884
v -10.283332 15.179532 15.360752
v -9.532581 11.865057 15.346859
v -10.946694 15.179531 15.147778
v -10.195944 11.865057 15.133884
v -10.946694 15.179532 15.360752
v -10.195944 11.865057 15.346859
v -10.055107 8.862541 15.355003
v -9.539382 11.889934 15.350498
v -10.032430 8.848107 15.142189
v -9.516706 11.875499 15.137688
v -10.715362 8.836485 15.347038
v -10.199638 11.863874 15.342537
v -10.692685 8.822047 15.134232
v -10.176961 11.849438 15.129730
v -10.444910 8.784511 10.657303
v -9.581278 6.460193 10.657304
v -10.444910 8.784509 10.870277
v -9.581278 6.460193 10.870278
v -11.108272 8.784509 10.657303
v -10.244641 6.460193 10.657304
v -11.108272 8.784509 10.870277
v -10.244641 6.460193 10.870278
v -10.797654 16.056301 10.660900
v -9.932472 11.812198 10.660900
v -10.797653 16.056301 10.873875
v -9.932472 11.812197 10.873871
v -11.461016 16.056301 10.660900
v -10.595835 11.812197 10.660900
v -11.461016 16.056301 10.873875
v -10.595835 11.812197 10.873871
v -10.454998 8.809680 10.882011
v -9.939273 11.837073 10.877510
v -10.432322 8.795247 10.669197
v -9.916596 11.822637 10.664700
v -11.115253 8.783624 10.874046
v -10.599529 11.811013 10.869549
v -11.092576 8.769187 10.661236
v -10.576852 11.796576 10.656738
v -10.410433 8.824784 12.157391
v -9.546801 6.500468 12.157392
v -10.410432 8.824782 12.370361
v -9.546801 6.500468 12.370362
v -11.073794 8.824782 12.157391
v -10.210164 6.500468 12.157392
v -11.073794 8.824782 12.370361
v -10.210164 6.500468 12.370362
v -10.763177 16.096579 12.160984
v -9.897995 11.852472 12.160984
v -10.763176 16.096577 12.373959
v -9.897995 11.852471 12.373959
v -11.426538 16.096577 12.160984
v -10.561357 11.852471 12.160984
v -11.426538 16.096577 12.373959
v -10.561357 11.852471 12.373959
v -10.420521 8.849955 12.382092
v -9.904796 11.877348 12.377594
v -10.397843 8.835521 12.169281
v -9.882119 11.862911 12.164783
v -11.080775 8.823898 12.374134
v -10.565052 11.851287 12.369637
v -11.058099 8.809461 12.161320
v -10.542375 11.836850 12.156818
v -10.464221 8.765282 11.628674
v -9.600589 6.440965 11.628675
v -10.464220 8.765280 11.841648
v -9.600589 6.440965 11.841649
v -11.127583 8.765280 11.628674
v -10.263952 6.440965 11.628675
v -11.127583 8.765280 11.841648
v -10.263952 6.440965 11.841649
v -10.308167 14.276534 11.632267
v -9.951783 11.792969 11.632267
v -10.308167 14.276533 11.845245
v -9.951783 11.792968 11.845245
v -10.971529 14.276533 11.632267
v -10.615146 11.792968 11.632267
v -10.971529 14.276533 11.845245
v -10.615146 11.792968 11.845245
v -10.474309 8.790451 11.853374
v -9.958584 11.817844 11.848877
v -10.451632 8.776018 11.640564
v -9.935907 11.803408 11.636070
v -11.134563 8.764395 11.845417
v -10.618840 11.791784 11.840919
v -11.111887 8.749958 11.632607
v -10.596163 11.777348 11.628105
v -10.348023 8.826076 11.148384
v -9.484391 6.501758 11.148385
v -10.348022 8.826074 11.361359
v -9.484391 6.501758 11.361360
v -11.011385 8.826074 11.148384
v -10.147755 6.501758 11.148385
v -11.011385 8.826074 11.361359
v -10.147755 6.501758 11.361360
v -10.586337 15.168237 11.165867
v -9.835586 11.853765 11.151974
v -10.586336 15.168235 11.378845
v -9.835586 11.853762 11.364948
v -11.249699 15.168235 11.165867
v -10.498948 11.853762 11.151974
v -11.249699 15.168235 11.378845
v -10.498948 11.853762 11.364948
v -10.358111 8.851246 11.373089
v -9.842386 11.878638 11.368587
v -10.335434 8.836812 11.160278
v -9.819710 11.864202 11.155777
v -11.018366 8.825190 11.365128
v -10.502643 11.852578 11.360630
v -10.995689 8.810752 11.152317
v -10.479965 11.838141 11.147816
v -10.377917 9.245427 -31.791672
v -9.514285 6.921111 -31.791672
v -10.377917 9.245425 -31.559612
v -9.514285 6.921111 -31.559612
v -11.041278 9.245424 -31.791672
v -10.177648 6.921111 -31.791672
v -11.041278 9.245424 -31.559612
v -10.177648 6.921111 -31.559612
v -10.730661 16.517220 -31.787758
v -9.865479 12.273113 -31.787758
v -10.730659 16.517218 -31.555698
v -9.865479 12.273112 -31.555702
v -11.394022 16.517218 -31.787758
v -10.528842 12.273112 -31.787758
v -11.394022 16.517218 -31.555698
v -10.528842 12.273112 -31.555702
v -10.388005 9.270597 -31.546833
v -9.872279 12.297990 -31.551739
v -10.365329 9.256165 -31.778713
v -9.849603 12.283553 -31.783615
v -11.048261 9.244539 -31.555508
v -10.532537 12.271929 -31.560413
v -11.025582 9.230103 -31.787384
v -10.509858 12.257492 -31.792286
v -10.343440 9.285702 -30.157181
v -9.479808 6.961384 -30.157181
v -10.343438 9.285700 -29.925117
v -9.479808 6.961385 -29.925121
v -11.006801 9.285700 -30.157181
v -10.143170 6.961384 -30.157181
v -11.006801 9.285700 -29.925117
v -10.143170 6.961385 -29.925121
v -10.696184 16.557495 -30.153263
v -9.831002 12.313390 -30.153263
v -10.696182 16.557493 -29.921204
v -9.831002 12.313388 -29.921207
v -11.359545 16.557493 -30.153263
v -10.494365 12.313388 -30.153263
v -11.359545 16.557493 -29.921204
v -10.494365 12.313388 -29.921207
v -10.353528 9.310873 -29.912338
v -9.837802 12.338264 -29.917244
v -10.330850 9.296439 -30.144218
v -9.815125 12.323828 -30.149120
v -11.013782 9.284815 -29.921017
v -10.498059 12.312203 -29.925915
v -10.991105 9.270378 -30.152893
v -10.475381 12.297767 -30.157795
v -10.397227 9.226198 -30.733269
v -9.533595 6.901882 -30.733269
v -10.397227 9.226196 -30.501209
v -9.533595 6.901882 -30.501209
v -11.060590 9.226196 -30.733269
v -10.196959 6.901882 -30.733269
v -11.060590 9.226196 -30.501209
v -10.196959 6.901882 -30.501209
v -10.241174 14.737453 -30.729359
v -9.884789 12.253884 -30.729359
v -10.241174 14.737452 -30.497295
v -9.884789 12.253883 -30.497299
v -10.904536 14.737452 -30.729359
v -10.548152 12.253883 -30.729359
v -10.904536 14.737452 -30.497295
v -10.548152 12.253883 -30.497299
v -10.407315 9.251368 -30.488430
v -9.891591 12.278761 -30.493336
v -10.384639 9.236936 -30.720314
v -9.868915 12.264324 -30.725212
v -11.067571 9.225311 -30.497105
v -10.551847 12.252700 -30.502007
v -11.044894 9.210875 -30.728981
v -10.529170 12.238263 -30.733891
v -10.281030 9.286992 -31.256588
v -9.417397 6.962676 -31.256588
v -10.281030 9.286991 -31.024532
v -9.417397 6.962676 -31.024532
v -10.944392 9.286989 -31.256588
v -10.080760 6.962676 -31.256588
v -10.944392 9.286991 -31.024532
v -10.080760 6.962676 -31.024532
v -10.519344 15.629153 -31.237541
v -9.768592 12.314680 -31.252678
v -10.519344 15.629152 -31.005482
v -9.768592 12.314678 -31.020622
v -11.182707 15.629152 -31.237541
v -10.431954 12.314678 -31.252678
v -11.182707 15.629152 -31.005482
v -10.431954 12.314678 -31.020622
v -10.291118 9.312162 -31.011753
v -9.775392 12.339555 -31.016659
v -10.268441 9.297729 -31.243633
v -9.752717 12.325118 -31.248535
v -10.951373 9.286105 -31.020428
v -10.435649 12.313496 -31.025330
v -10.928697 9.271668 -31.252308
v -10.412972 12.299057 -31.257206
v -10.087497 9.256718 -29.667656
v -9.223865 6.932401 -29.667656
v -10.087497 9.256717 -29.435596
v -9.223865 6.932401 -29.435596
v -10.750859 9.256717 -29.667656
v -9.887229 6.932401 -29.667656
v -10.750859 9.256717 -29.435596
v -9.887229 6.932401 -29.435596
v -10.440243 16.528509 -29.663742
v -9.575059 12.284405 -29.663742
v -10.440241 16.528507 -29.431683
v -9.575059 12.284403 -29.431683
v -11.103603 16.528507 -29.663742
v -10.238421 12.284403 -29.663742
v -11.103603 16.528507 -29.431683
v -10.238421 12.284403 -29.431683
v -10.097585 9.281888 -29.422817
v -9.581861 12.309280 -29.427723
v -10.074908 9.267454 -29.654697
v -9.559184 12.294843 -29.659599
v -10.757840 9.255831 -29.431492
v -10.242116 12.283220 -29.436394
v -10.735164 9.241394 -29.663368
v -10.219440 12.268784 -29.668270
v -10.053020 9.296992 -28.033161
v -9.189387 6.972675 -28.033161
v -10.053020 9.296989 -27.801102
v -9.189387 6.972675 -27.801102
v -10.716382 9.296989 -28.033161
v -9.852752 6.972675 -28.033161
v -10.716382 9.296989 -27.801102
v -9.852752 6.972675 -27.801102
v -10.405764 16.568785 -28.029247
v -9.540582 12.324679 -28.029247
v -10.405764 16.568785 -27.797184
v -9.540582 12.324678 -27.797184
v -11.069126 16.568785 -28.029247
v -10.203944 12.324678 -28.029247
v -11.069126 16.568785 -27.797184
v -10.203944 12.324678 -27.797184
v -10.063107 9.322163 -27.788319
v -9.547383 12.349555 -27.793221
v -10.040431 9.307729 -28.020203
v -9.524707 12.335118 -28.025101
v -10.723363 9.296106 -27.796993
v -10.207639 12.323494 -27.801899
v -10.700686 9.281669 -28.028873
v -10.184962 12.309057 -28.033779
v -10.106809 9.237489 -28.609253
v -9.243176 6.913172 -28.609253
v -10.106807 9.237488 -28.377190
v -9.243176 6.913172 -28.377190
v -10.770169 9.237488 -28.609253
v -9.906539 6.913172 -28.609253
v -10.770169 9.237488 -28.377190
v -9.906539 6.913172 -28.377190
v -9.950755 14.748744 -28.605343
v -9.594371 12.265176 -28.605343
v -9.950753 14.748743 -28.373283
v -9.594371 12.265175 -28.373283
v -10.614118 14.748743 -28.605343
v -10.257733 12.265175 -28.605343
v -10.614118 14.748743 -28.373283
v -10.257733 12.265175 -28.373283
v -10.116897 9.262659 -28.364410
v -9.601171 12.290051 -28.369316
v -10.094218 9.248226 -28.596291
v -9.578494 12.275615 -28.601189
v -10.777152 9.236602 -28.373093
v -10.261428 12.263991 -28.377991
v -10.754474 9.222165 -28.604965
v -10.238750 12.249555 -28.609871
v -9.990611 9.298283 -29.132576
v -9.126979 6.973966 -29.132576
v -9.990609 9.298282 -28.900517
v -9.126979 6.973966 -28.900517
v -10.653972 9.298282 -29.132576
v -9.790341 6.973966 -29.132576
v -10.653972 9.298282 -28.900517
v -9.790341 6.973966 -28.900517
v -10.228926 15.640446 -29.113522
v -9.478173 12.325972 -29.128662
v -10.228924 15.640442 -28.881462
v -9.478173 12.325969 -28.896603
v -10.892286 15.640442 -29.113522
v -10.141536 12.325969 -29.128662
v -10.892286 15.640442 -28.881462
v -10.141536 12.325969 -28.896603
v -10.000699 9.323454 -28.887737
v -9.484973 12.350845 -28.892639
v -9.978021 9.309019 -29.119614
v -9.462296 12.336410 -29.124516
v -10.660954 9.297398 -28.896412
v -10.145230 12.324785 -28.901310
v -10.638276 9.282959 -29.128288
v -10.122552 12.310349 -29.133190
v -10.390502 9.245422 -34.006348
v -9.526870 6.921105 -34.006348
v -10.390502 9.245420 -33.774288
v -9.526870 6.921105 -33.774288
v -11.053864 9.245420 -34.006348
v -10.190232 6.921105 -34.006348
v -11.053864 9.245420 -33.774288
v -10.190232 6.921105 -33.774288
v -10.743246 16.517214 -34.002434
v -9.878064 12.273109 -34.002434
v -10.743246 16.517212 -33.770374
v -9.878064 12.273108 -33.770374
v -11.406609 16.517212 -34.002434
v -10.541427 12.273108 -34.002434
v -11.406609 16.517212 -33.770374
v -10.541427 12.273108 -33.770374
v -10.400590 9.270592 -33.761509
v -9.884864 12.297984 -33.766411
v -10.377913 9.256159 -33.993389
v -9.862187 12.283547 -33.998287
v -11.060845 9.244534 -33.770184
v -10.545121 12.271925 -33.775085
v -11.038169 9.230098 -34.002060
v -10.522445 12.257488 -34.006962
v -10.356025 9.285696 -32.371853
v -9.492393 6.961379 -32.371853
v -10.356025 9.285694 -32.139797
v -9.492393 6.961380 -32.139797
v -11.019385 9.285693 -32.371853
v -10.155755 6.961379 -32.371853
v -11.019385 9.285693 -32.139797
v -10.155755 6.961380 -32.139797
v -10.708769 16.557489 -32.367939
v -9.843587 12.313384 -32.367939
v -10.708767 16.557487 -32.135883
v -9.843587 12.313382 -32.135883
v -11.372129 16.557487 -32.367939
v -10.506949 12.313382 -32.367939
v -11.372129 16.557487 -32.135883
v -10.506949 12.313382 -32.135883
v -10.366113 9.310867 -32.127014
v -9.850387 12.338259 -32.131916
v -10.343436 9.296432 -32.358894
v -9.827710 12.323822 -32.363796
v -11.026368 9.284809 -32.135689
v -10.510644 12.312198 -32.140591
v -11.003690 9.270372 -32.367569
v -10.487966 12.297761 -32.372471
v -10.409812 9.226193 -32.947945
v -9.546180 6.901876 -32.947945
v -10.409812 9.226192 -32.715885
v -9.546180 6.901876 -32.715885
v -11.073174 9.226192 -32.947945
v -10.209544 6.901876 -32.947945
v -11.073174 9.226192 -32.715885
v -10.209544 6.901876 -32.715885
v -10.253760 14.737447 -32.944031
v -9.897374 12.253881 -32.944031
v -10.253758 14.737446 -32.711971
v -9.897374 12.253879 -32.711975
v -10.917121 14.737446 -32.944031
v -10.560737 12.253879 -32.944031
v -10.917121 14.737446 -32.711971
v -10.560737 12.253879 -32.711975
v -10.419900 9.251364 -32.703106
v -9.904176 12.278755 -32.708008
v -10.397223 9.236930 -32.934986
v -9.881499 12.264318 -32.939884
v -11.080155 9.225306 -32.711777
v -10.564431 12.252696 -32.716682
v -11.057479 9.210869 -32.943661
v -10.541755 12.238259 -32.948563
v -10.293614 9.286987 -33.471268
v -9.429982 6.962670 -33.471268
v -10.293614 9.286985 -33.239208
v -9.429982 6.962670 -33.239208
v -10.956977 9.286985 -33.471268
v -10.093347 6.962670 -33.471268
v -10.956977 9.286985 -33.239208
v -10.093347 6.962670 -33.239208
v -10.531929 15.629148 -33.452217
v -9.781177 12.314675 -33.467350
v -10.531929 15.629147 -33.220158
v -9.781177 12.314672 -33.235294
v -11.195292 15.629147 -33.452217
v -10.444539 12.314672 -33.467350
v -11.195292 15.629147 -33.220158
v -10.444539 12.314672 -33.235294
v -10.303702 9.312158 -33.226429
v -9.787978 12.339549 -33.231331
v -10.281026 9.297724 -33.458309
v -9.765302 12.325114 -33.463207
v -10.963958 9.286101 -33.235104
v -10.448234 12.313490 -33.240002
v -10.941281 9.271663 -33.466980
v -10.425557 12.299053 -33.471882
v -10.398299 9.206653 -25.182301
v -9.534667 6.882337 -25.182301
v -10.398299 9.206651 -24.950237
v -9.534667 6.882337 -24.950237
v -11.061660 9.206650 -25.182301
v -10.198030 6.882337 -25.182301
v -11.061660 9.206650 -24.950237
v -10.198030 6.882337 -24.950237
v -10.751043 16.478443 -25.178383
v -9.885861 12.234339 -25.178383
v -10.751041 16.478441 -24.946323
v -9.885861 12.234337 -24.946323
v -11.414404 16.478441 -25.178383
v -10.549224 12.234337 -25.178383
v -11.414404 16.478441 -24.946323
v -10.549224 12.234337 -24.946323
v -10.408387 9.231822 -24.937458
v -9.892661 12.259215 -24.942360
v -10.385711 9.217389 -25.169338
v -9.869985 12.244779 -25.174244
v -11.068643 9.205765 -24.946133
v -10.552918 12.233154 -24.951035
v -11.045964 9.191328 -25.178013
v -10.530240 12.218718 -25.182915
v -10.363822 9.246927 -23.547806
v -9.500190 6.922610 -23.547806
v -10.363820 9.246925 -23.315746
v -9.500190 6.922610 -23.315746
v -11.027183 9.246924 -23.547806
v -10.163552 6.922610 -23.547806
v -11.027183 9.246924 -23.315746
v -10.163552 6.922610 -23.315746
v -10.716566 16.518719 -23.543888
v -9.851384 12.274615 -23.543888
v -10.716564 16.518719 -23.311829
v -9.851384 12.274613 -23.311829
v -11.379927 16.518719 -23.543888
v -10.514747 12.274613 -23.543888
v -11.379927 16.518719 -23.311829
v -10.514747 12.274613 -23.311829
v -10.373910 9.272098 -23.302967
v -9.858184 12.299490 -23.307869
v -10.351232 9.257664 -23.534843
v -9.835507 12.285053 -23.539745
v -11.034163 9.246040 -23.311638
v -10.518441 12.273429 -23.316544
v -11.011487 9.231603 -23.543518
v -10.495763 12.258992 -23.548420
v -10.417609 9.187425 -24.123894
v -9.553977 6.863107 -24.123894
v -10.417609 9.187423 -23.891834
v -9.553977 6.863107 -23.891838
v -11.080972 9.187422 -24.123894
v -10.217341 6.863107 -24.123894
v -11.080972 9.187422 -23.891834
v -10.217341 6.863107 -23.891838
v -10.261556 14.698678 -24.119976
v -9.905171 12.215111 -24.119976
v -10.261556 14.698675 -23.887920
v -9.905171 12.215110 -23.887920
v -10.924918 14.698675 -24.119976
v -10.568534 12.215110 -24.119976
v -10.924918 14.698675 -23.887920
v -10.568534 12.215110 -23.887920
v -10.427697 9.212594 -23.879055
v -9.911973 12.239986 -23.883961
v -10.405021 9.198161 -24.110931
v -9.889297 12.225550 -24.115833
v -11.087953 9.186537 -23.887730
v -10.572228 12.213927 -23.892632
v -11.065276 9.172100 -24.119606
v -10.549552 12.199490 -24.124512
v -10.301412 9.248218 -24.647217
v -9.437779 6.923902 -24.647217
v -10.301412 9.248216 -24.415161
v -9.437779 6.923902 -24.415161
v -10.964774 9.248215 -24.647217
v -10.101144 6.923902 -24.647217
v -10.964774 9.248215 -24.415161
v -10.101144 6.923902 -24.415161
v -10.539726 15.590379 -24.628166
v -9.788974 12.275907 -24.643303
v -10.539726 15.590376 -24.396107
v -9.788974 12.275904 -24.411243
v -11.203089 15.590376 -24.628166
v -10.452336 12.275904 -24.643303
v -11.203089 15.590376 -24.396107
v -10.452336 12.275904 -24.411243
v -10.311500 9.273389 -24.402378
v -9.795775 12.300780 -24.407280
v -10.288823 9.258954 -24.634258
v -9.773099 12.286345 -24.639160
v -10.971755 9.247332 -24.411053
v -10.456031 12.274719 -24.415955
v -10.949079 9.232893 -24.642933
v -10.433354 12.260283 -24.647835
v -10.107881 9.217943 -23.058281
v -9.244248 6.893626 -23.058281
v -10.107879 9.217941 -22.826221
v -9.244248 6.893626 -22.826225
v -10.771241 9.217941 -23.058281
v -9.907611 6.893626 -23.058281
v -10.771241 9.217941 -22.826221
v -9.907611 6.893626 -22.826225
v -10.460625 16.489733 -23.054363
v -9.595443 12.245630 -23.054363
v -10.460623 16.489731 -22.822308
v -9.595443 12.245628 -22.822311
v -11.123985 16.489731 -23.054363
v -10.258805 12.245628 -23.054363
v -11.123985 16.489731 -22.822308
v -10.258805 12.245628 -22.822311
v -10.117969 9.243113 -22.813442
v -9.602242 12.270505 -22.818344
v -10.095290 9.228680 -23.045319
v -9.579566 12.256068 -23.050220
v -10.778222 9.217056 -22.822117
v -10.262500 12.244446 -22.827019
v -10.755546 9.202620 -23.053993
v -10.239821 12.230009 -23.058899
v -10.073401 9.258217 -21.423790
v -9.209771 6.933900 -21.423790
v -10.073401 9.258215 -21.191730
v -9.209771 6.933900 -21.191730
v -10.736764 9.258215 -21.423790
v -9.873134 6.933900 -21.423790
v -10.736764 9.258215 -21.191730
v -9.873134 6.933900 -21.191730
v -10.426146 16.530008 -21.419868
v -9.560966 12.285905 -21.419868
v -10.426146 16.530008 -21.187813
v -9.560966 12.285903 -21.187813
v -11.089508 16.530006 -21.419868
v -10.224326 12.285903 -21.419868
v -11.089508 16.530008 -21.187813
v -10.224326 12.285903 -21.187813
v -10.083489 9.283388 -21.178951
v -9.567765 12.310780 -21.183849
v -10.060813 9.268953 -21.410824
v -9.545089 12.296343 -21.415730
v -10.743745 9.257331 -21.187622
v -10.228021 12.284719 -21.192528
v -10.721068 9.242893 -21.419502
v -10.205344 12.270282 -21.424404
v -10.127191 9.198714 -21.999878
v -9.263558 6.874397 -21.999878
v -10.127191 9.198713 -21.767822
v -9.263558 6.874397 -21.767822
v -10.790551 9.198713 -21.999878
v -9.926923 6.874397 -21.999878
v -10.790551 9.198713 -21.767822
v -9.926923 6.874397 -21.767822
v -9.971137 14.709968 -21.995960
v -9.614753 12.226401 -21.995960
v -9.971137 14.709965 -21.763905
v -9.614753 12.226399 -21.763908
v -10.634500 14.709965 -21.995960
v -10.278115 12.226399 -21.995960
v -10.634500 14.709965 -21.763905
v -10.278115 12.226399 -21.763908
v -10.137279 9.223885 -21.755043
v -9.621554 12.251276 -21.759941
v -10.114602 9.209451 -21.986919
v -9.598878 12.236839 -21.991821
v -10.797534 9.197827 -21.763714
v -10.281810 12.225217 -21.768612
v -10.774856 9.183391 -21.995594
v -10.259131 12.210780 -22.000496
v -10.010993 9.259508 -22.523201
v -9.147361 6.935191 -22.523201
v -10.010993 9.259506 -22.291142
v -9.147361 6.935191 -22.291142
v -10.674354 9.259506 -22.523201
v -9.810723 6.935191 -22.523201
v -10.674354 9.259506 -22.291142
v -9.810723 6.935191 -22.291142
v -10.249308 15.601668 -22.504150
v -9.498555 12.287196 -22.519283
v -10.249306 15.601665 -22.272091
v -9.498555 12.287193 -22.287224
v -10.912668 15.601665 -22.504150
v -10.161918 12.287193 -22.519283
v -10.912668 15.601665 -22.272091
v -10.161918 12.287193 -22.287224
v -10.021081 9.284678 -22.278362
v -9.505355 12.312070 -22.283264
v -9.998405 9.270245 -22.510246
v -9.482680 12.297635 -22.515144
v -10.681336 9.258623 -22.287033
v -10.165612 12.286011 -22.291939
v -10.658658 9.244184 -22.518913
v -10.142934 12.271574 -22.523815
v -10.410884 9.206648 -27.396969
v -9.547252 6.882330 -27.396969
v -10.410884 9.206646 -27.164909
v -9.547252 6.882330 -27.164913
v -11.074246 9.206645 -27.396969
v -10.210616 6.882330 -27.396969
v -11.074246 9.206645 -27.164909
v -10.210616 6.882330 -27.164913
v -10.763628 16.478437 -27.393055
v -9.898446 12.234334 -27.393055
v -10.763628 16.478434 -27.160995
v -9.898446 12.234333 -27.160999
v -11.426991 16.478434 -27.393055
v -10.561809 12.234333 -27.393055
v -11.426991 16.478434 -27.160995
v -10.561809 12.234333 -27.160999
v -10.420972 9.231817 -27.152134
v -9.905246 12.259210 -27.157036
v -10.398295 9.217384 -27.384010
v -9.882571 12.244773 -27.388912
v -11.081227 9.205760 -27.160809
v -10.565503 12.233150 -27.165710
v -11.058551 9.191323 -27.392685
v -10.542827 12.218713 -27.397587
v -10.376407 9.246922 -25.762478
v -9.512774 6.922605 -25.762478
v -10.376407 9.246920 -25.530418
v -9.512774 6.922605 -25.530418
v -11.039767 9.246919 -25.762478
v -10.176137 6.922605 -25.762478
v -11.039767 9.246919 -25.530418
v -10.176137 6.922605 -25.530418
v -10.729151 16.518713 -25.758564
v -9.863969 12.274609 -25.758564
v -10.729149 16.518711 -25.526505
v -9.863969 12.274608 -25.526505
v -11.392511 16.518711 -25.758564
v -10.527331 12.274608 -25.758564
v -11.392511 16.518711 -25.526505
v -10.527331 12.274608 -25.526505
v -10.386495 9.272092 -25.517639
v -9.870769 12.299484 -25.522545
v -10.363818 9.257658 -25.749516
v -9.848094 12.285048 -25.754421
v -11.046750 9.246035 -25.526314
v -10.531026 12.273423 -25.531216
v -11.024072 9.231597 -25.758194
v -10.508348 12.258986 -25.763096
v -10.430194 9.187418 -26.338570
v -9.566564 6.863102 -26.338570
v -10.430194 9.187417 -26.106514
v -9.566564 6.863102 -26.106514
v -11.093556 9.187416 -26.338570
v -10.229926 6.863102 -26.338570
v -11.093556 9.187416 -26.106514
v -10.229926 6.863102 -26.106514
v -10.274142 14.698670 -26.334656
v -9.917758 12.215105 -26.334656
v -10.274140 14.698669 -26.102596
v -9.917758 12.215104 -26.102596
v -10.937503 14.698669 -26.334656
v -10.581119 12.215104 -26.334656
v -10.937503 14.698669 -26.102596
v -10.581119 12.215104 -26.102596
v -10.440282 9.212588 -26.093727
v -9.924558 12.239981 -26.098629
v -10.417605 9.198155 -26.325607
v -9.901881 12.225544 -26.330509
v -11.100537 9.186531 -26.102406
v -10.584813 12.213921 -26.107300
v -11.077861 9.172094 -26.334282
v -10.562137 12.199484 -26.339188
v -10.313996 9.248213 -26.861889
v -9.450366 6.923895 -26.861889
v -10.313996 9.248211 -26.629833
v -9.450366 6.923896 -26.629833
v -10.977359 9.248210 -26.861889
v -10.113729 6.923895 -26.861889
v -10.977359 9.248210 -26.629833
v -10.113729 6.923896 -26.629833
v -10.552311 15.590370 -26.842838
v -9.801560 12.275901 -26.857979
v -10.552311 15.590370 -26.610783
v -9.801560 12.275898 -26.625919
v -11.215673 15.590370 -26.842838
v -10.464921 12.275898 -26.857979
v -11.215673 15.590370 -26.610783
v -10.464921 12.275898 -26.625919
v -10.324084 9.273383 -26.617050
v -9.808360 12.300775 -26.621956
v -10.301408 9.258949 -26.848930
v -9.785684 12.286339 -26.853832
v -10.984340 9.247326 -26.625729
v -10.468616 12.274714 -26.630627
v -10.961663 9.232888 -26.857605
v -10.445939 12.260278 -26.862507
v -10.442489 9.076502 -18.801823
v -9.578856 6.752185 -18.801823
v -10.442489 9.076500 -18.588848
v -9.578856 6.752185 -18.588848
v -11.105851 9.076499 -18.801823
v -10.242219 6.752185 -18.801823
v -11.105851 9.076499 -18.588848
v -10.242219 6.752185 -18.588848
v -10.795233 16.348295 -18.798229
v -9.930051 12.104188 -18.798233
v -10.795233 16.348293 -18.585255
v -9.930051 12.104185 -18.585255
v -11.458595 16.348293 -18.798229
v -10.593413 12.104185 -18.798233
v -11.458595 16.348293 -18.585255
v -10.593413 12.104185 -18.585255
v -10.452577 9.101671 -18.577114
v -9.936851 12.129064 -18.581615
v -10.429900 9.087237 -18.789928
v -9.914174 12.114627 -18.794430
v -11.112832 9.075614 -18.585083
v -10.597108 12.103004 -18.589577
v -11.090156 9.061177 -18.797890
v -10.574431 12.088567 -18.802391
v -10.408011 9.116776 -17.301739
v -9.544379 6.792458 -17.301739
v -10.408011 9.116775 -17.088760
v -9.544379 6.792458 -17.088764
v -11.071372 9.116774 -17.301739
v -10.207742 6.792458 -17.301739
v -11.071372 9.116774 -17.088760
v -10.207742 6.792458 -17.088764
v -10.760756 16.388573 -17.298145
v -9.895574 12.144464 -17.298145
v -10.760754 16.388571 -17.085171
v -9.895574 12.144462 -17.085175
v -11.424116 16.388571 -17.298145
v -10.558936 12.144462 -17.298145
v -11.424116 16.388571 -17.085171
v -10.558936 12.144462 -17.085175
v -10.418099 9.141947 -17.077034
v -9.902373 12.169338 -17.081535
v -10.395423 9.127512 -17.289845
v -9.879697 12.154903 -17.294342
v -11.078355 9.115890 -17.084991
v -10.562631 12.143279 -17.089493
v -11.055676 9.101452 -17.297802
v -10.539952 12.128842 -17.302303
v -10.461799 9.057274 -17.830456
v -9.598168 6.732956 -17.830456
v -10.461799 9.057271 -17.617481
v -9.598168 6.732956 -17.617481
v -11.125161 9.057270 -17.830456
v -10.261531 6.732956 -17.830456
v -11.125161 9.057270 -17.617481
v -10.261531 6.732956 -17.617481
v -10.305745 14.568527 -17.826866
v -9.949361 12.084960 -17.826866
v -10.305745 14.568526 -17.613884
v -9.949361 12.084958 -17.613888
v -10.969108 14.568526 -17.826866
v -10.612723 12.084958 -17.826866
v -10.969108 14.568526 -17.613884
v -10.612723 12.084958 -17.613888
v -10.471887 9.082442 -17.605751
v -9.956162 12.109837 -17.610249
v -10.449210 9.068010 -17.818562
v -9.933486 12.095400 -17.823059
v -11.132142 9.056386 -17.613712
v -10.616418 12.083776 -17.618206
v -11.109466 9.041949 -17.826523
v -10.593741 12.069339 -17.831024
v -10.345601 9.118067 -18.310745
v -9.481971 6.793750 -18.310745
v -10.345601 9.118065 -18.097767
v -9.481971 6.793750 -18.097767
v -11.008964 9.118064 -18.310745
v -10.145333 6.793750 -18.310745
v -11.008964 9.118064 -18.097767
v -10.145333 6.793750 -18.097767
v -10.583916 15.460232 -18.293262
v -9.833163 12.145755 -18.307152
v -10.583916 15.460228 -18.080284
v -9.833163 12.145754 -18.094177
v -11.247278 15.460228 -18.293262
v -10.496526 12.145754 -18.307152
v -11.247278 15.460228 -18.080284
v -10.496526 12.145754 -18.094177
v -10.355689 9.143238 -18.086040
v -9.839965 12.170629 -18.090538
v -10.333013 9.128802 -18.298851
v -9.817288 12.156194 -18.303349
v -11.015944 9.117180 -18.094002
v -10.500220 12.144569 -18.098499
v -10.993268 9.102742 -18.306808
v -10.477544 12.130133 -18.311306
v -10.152070 9.087792 -16.852463
v -9.288438 6.763475 -16.852463
v -10.152068 9.087790 -16.639492
v -9.288438 6.763475 -16.639492
v -10.815431 9.087790 -16.852463
v -9.951800 6.763475 -16.852463
v -10.815431 9.087790 -16.639492
v -9.951800 6.763475 -16.639492
v -10.504814 16.359585 -16.848877
v -9.639632 12.115479 -16.848877
v -10.504812 16.359585 -16.635902
v -9.639632 12.115477 -16.635902
v -11.168175 16.359585 -16.848877
v -10.302995 12.115477 -16.848877
v -11.168175 16.359585 -16.635902
v -10.302995 12.115477 -16.635902
v -10.162158 9.112961 -16.627762
v -9.646432 12.140355 -16.632259
v -10.139480 9.098529 -16.840576
v -9.623755 12.125918 -16.845070
v -10.822413 9.086905 -16.635723
v -10.306689 12.114294 -16.640224
v -10.799735 9.072469 -16.848534
v -10.284011 12.099857 -16.853035
v -10.117591 9.128066 -15.352379
v -9.253961 6.803749 -15.352379
v -10.117591 9.128064 -15.139408
v -9.253961 6.803749 -15.139408
v -10.780953 9.128064 -15.352379
v -9.917323 6.803749 -15.352379
v -10.780953 9.128064 -15.139408
v -9.917323 6.803749 -15.139408
v -10.470337 16.399864 -15.348789
v -9.605155 12.155753 -15.348789
v -10.470335 16.399860 -15.135815
v -9.605155 12.155751 -15.135815
v -11.133698 16.399860 -15.348789
v -10.268516 12.155751 -15.348789
v -11.133698 16.399860 -15.135815
v -10.268516 12.155751 -15.135815
v -10.127679 9.153236 -15.127674
v -9.611955 12.180628 -15.132175
v -10.105002 9.138802 -15.340485
v -9.589278 12.166193 -15.344990
v -10.787934 9.127180 -15.135635
v -10.272210 12.154569 -15.140137
v -10.765258 9.112742 -15.348446
v -10.249534 12.140132 -15.352947
v -10.171380 9.068563 -15.881100
v -9.307748 6.744246 -15.881100
v -10.171380 9.068562 -15.668121
v -9.307748 6.744246 -15.668121
v -10.834743 9.068562 -15.881100
v -9.971112 6.744246 -15.881100
v -10.834743 9.068562 -15.668121
v -9.971112 6.744246 -15.668121
v -10.015326 14.579818 -15.877506
v -9.658942 12.096250 -15.877506
v -10.015326 14.579816 -15.664532
v -9.658942 12.096248 -15.664536
v -10.678689 14.579816 -15.877506
v -10.322305 12.096248 -15.877506
v -10.678689 14.579816 -15.664532
v -10.322305 12.096248 -15.664536
v -10.181468 9.093733 -15.656395
v -9.665744 12.121126 -15.660896
v -10.158792 9.079300 -15.869205
v -9.643067 12.106689 -15.873703
v -10.841723 9.067677 -15.664356
v -10.325999 12.095065 -15.668854
v -10.819047 9.053240 -15.877167
v -10.303321 12.080628 -15.881668
v -10.055182 9.129357 -16.361389
v -9.191550 6.805040 -16.361389
v -10.055182 9.129354 -16.148411
v -9.191550 6.805040 -16.148415
v -10.718545 9.129354 -16.361389
v -9.854913 6.805040 -16.361389
v -10.718545 9.129354 -16.148411
v -9.854913 6.805040 -16.148415
v -10.293497 15.471521 -16.343903
v -9.542745 12.157044 -16.357796
v -10.293495 15.471519 -16.130928
v -9.542745 12.157043 -16.144817
v -10.956860 15.471519 -16.343903
v -10.206107 12.157043 -16.357796
v -10.956860 15.471519 -16.130928
v -10.206107 12.157043 -16.144817
v -10.065270 9.154528 -16.136681
v -9.549546 12.181920 -16.141186
v -10.042594 9.140094 -16.349499
v -9.526870 12.167483 -16.353992
v -10.725526 9.128471 -16.144646
v -10.209802 12.155859 -16.149143
v -10.702849 9.114034 -16.357460
v -10.187123 12.141422 -16.361954
v -10.455073 9.076496 -20.834381
v -9.591441 6.752180 -20.834381
v -10.455073 9.076494 -20.621407
v -9.591441 6.752180 -20.621407
v -11.118436 9.076493 -20.834381
v -10.254806 6.752180 -20.834381
v -11.118436 9.076493 -20.621407
v -10.254806 6.752180 -20.621407
v -10.807817 16.348289 -20.830788
v -9.942636 12.104182 -20.830788
v -10.807817 16.348289 -20.617809
v -9.942636 12.104181 -20.617809
v -11.471180 16.348289 -20.830788
v -10.605998 12.104181 -20.830788
v -11.471180 16.348289 -20.617809
v -10.605998 12.104181 -20.617809
v -10.465161 9.101665 -20.609673
v -9.949435 12.129059 -20.614174
v -10.442485 9.087233 -20.822487
v -9.926761 12.114622 -20.826984
v -11.125417 9.075609 -20.617634
v -10.609693 12.102998 -20.622131
v -11.102740 9.061172 -20.830448
v -10.587016 12.088561 -20.834942
v -10.420596 9.116771 -19.334293
v -9.556964 6.792454 -19.334293
v -10.420596 9.116768 -19.121319
v -9.556964 6.792454 -19.121319
v -11.083959 9.116768 -19.334293
v -10.220326 6.792454 -19.334293
v -11.083959 9.116768 -19.121319
v -10.220326 6.792454 -19.121319
v -10.773340 16.388565 -19.330704
v -9.908158 12.144457 -19.330704
v -10.773340 16.388565 -19.117729
v -9.908158 12.144456 -19.117729
v -11.436703 16.388565 -19.330704
v -10.571521 12.144456 -19.330704
v -11.436703 16.388565 -19.117729
v -10.571521 12.144456 -19.117729
v -10.430684 9.141940 -19.109592
v -9.914958 12.169333 -19.114086
v -10.408008 9.127506 -19.322403
v -9.892283 12.154897 -19.326897
v -11.090940 9.115884 -19.117550
v -10.575215 12.143272 -19.122047
v -11.068263 9.101446 -19.330360
v -10.552539 12.128836 -19.334858
v -10.474385 9.057268 -19.863010
v -9.610753 6.732951 -19.863010
v -10.474383 9.057265 -19.650036
v -9.610753 6.732951 -19.650036
v -11.137746 9.057264 -19.863010
v -10.274116 6.732951 -19.863010
v -11.137746 9.057264 -19.650036
v -10.274116 6.732951 -19.650036
v -10.318332 14.568521 -19.859421
v -9.961947 12.084953 -19.859421
v -10.318330 14.568520 -19.646446
v -9.961947 12.084952 -19.646446
v -10.981692 14.568520 -19.859421
v -10.625310 12.084952 -19.859421
v -10.981692 14.568520 -19.646446
v -10.625310 12.084952 -19.646446
v -10.484473 9.082437 -19.638306
v -9.968747 12.109830 -19.642807
v -10.461795 9.068005 -19.851116
v -9.946071 12.095393 -19.855618
v -11.144727 9.056380 -19.646263
v -10.629004 12.083769 -19.650764
v -11.122050 9.041944 -19.859077
v -10.606326 12.069332 -19.863579
v -10.358188 9.118061 -20.343300
v -9.494555 6.793745 -20.343300
v -10.358186 9.118059 -20.130325
v -9.494555 6.793745 -20.130325
v -11.021548 9.118058 -20.343300
v -10.157918 6.793745 -20.343300
v -11.021548 9.118058 -20.130325
v -10.157918 6.793745 -20.130325
v -10.596502 15.460225 -20.325817
v -9.845750 12.145749 -20.339710
v -10.596500 15.460222 -20.112835
v -9.845750 12.145747 -20.126736
v -11.259863 15.460222 -20.325817
v -10.509112 12.145747 -20.339710
v -11.259863 15.460222 -20.112835
v -10.509112 12.145747 -20.126736
v -10.368276 9.143232 -20.118599
v -9.852550 12.170624 -20.123093
v -10.345597 9.128798 -20.331409
v -9.829873 12.156187 -20.335903
v -11.028529 9.117174 -20.126556
v -10.512807 12.144563 -20.131054
v -11.005853 9.102737 -20.339367
v -10.490129 12.130126 -20.343868
v -10.462871 9.037726 -12.735954
v -9.599238 6.713410 -12.735954
v -10.462871 9.037724 -12.522980
v -9.599238 6.713410 -12.522980
v -11.126233 9.037724 -12.735954
v -10.262603 6.713410 -12.735954
v -11.126233 9.037724 -12.522980
v -10.262603 6.713410 -12.522980
v -10.815615 16.309521 -12.732365
v -9.950433 12.065413 -12.732365
v -10.815615 16.309517 -12.519386
v -9.950433 12.065411 -12.519386
v -11.478977 16.309517 -12.732365
v -10.613795 12.065411 -12.732365
v -11.478977 16.309517 -12.519386
v -10.613795 12.065411 -12.519386
v -10.472959 9.062896 -12.511246
v -9.957232 12.090289 -12.515747
v -10.450282 9.048463 -12.724060
v -9.934558 12.075852 -12.728558
v -11.133214 9.036839 -12.519211
v -10.617490 12.064229 -12.523708
v -11.110538 9.022402 -12.732021
v -10.594813 12.049792 -12.736519
v -10.428393 9.078001 -11.235867
v -9.564761 6.753684 -11.235867
v -10.428393 9.077999 -11.022892
v -9.564761 6.753684 -11.022896
v -11.091754 9.077999 -11.235867
v -10.228124 6.753684 -11.235867
v -11.091754 9.077999 -11.022892
v -10.228124 6.753684 -11.022896
v -10.781137 16.349796 -11.232277
v -9.915956 12.105688 -11.232277
v -10.781136 16.349794 -11.019299
v -9.915956 12.105687 -11.019299
v -11.444498 16.349794 -11.232277
v -10.579318 12.105687 -11.232277
v -11.444498 16.349794 -11.019299
v -10.579318 12.105687 -11.019299
v -10.438481 9.103171 -11.011166
v -9.922755 12.130564 -11.015663
v -10.415805 9.088737 -11.223976
v -9.900081 12.116128 -11.228470
v -11.098737 9.077114 -11.019127
v -10.583013 12.104504 -11.023621
v -11.076058 9.062677 -11.231934
v -10.560334 12.090067 -11.236431
v -10.482181 9.018497 -11.764580
v -9.618550 6.694181 -11.764580
v -10.482181 9.018496 -11.551609
v -9.618550 6.694181 -11.551609
v -11.145543 9.018495 -11.764580
v -10.281913 6.694181 -11.764580
v -11.145543 9.018496 -11.551609
v -10.281913 6.694181 -11.551609
v -10.326129 14.529750 -11.760994
v -9.969745 12.046185 -11.760994
v -10.326127 14.529749 -11.548016
v -9.969745 12.046182 -11.548019
v -10.989490 14.529749 -11.760994
v -10.633105 12.046182 -11.760994
v -10.989490 14.529749 -11.548016
v -10.633105 12.046182 -11.548019
v -10.492269 9.043667 -11.539879
v -9.976544 12.071060 -11.544376
v -10.469592 9.029234 -11.752689
v -9.953868 12.056623 -11.757187
v -11.152524 9.017611 -11.547844
v -10.636800 12.045000 -11.552338
v -11.129848 9.003174 -11.760651
v -10.614123 12.030563 -11.765148
v -10.365983 9.079291 -12.244873
v -9.502353 6.754975 -12.244873
v -10.365983 9.079290 -12.031898
v -9.502353 6.754975 -12.031898
v -11.029346 9.079288 -12.244873
v -10.165715 6.754975 -12.244873
v -11.029346 9.079289 -12.031898
v -10.165715 6.754975 -12.031898
v -10.604298 15.421453 -12.227390
v -9.853547 12.106978 -12.241280
v -10.604298 15.421451 -12.014416
v -9.853547 12.106977 -12.028309
v -11.267660 15.421451 -12.227390
v -10.516908 12.106977 -12.241280
v -11.267660 15.421451 -12.014416
v -10.516908 12.106977 -12.028309
v -10.376071 9.104462 -12.020168
v -9.860347 12.131855 -12.024670
v -10.353395 9.090028 -12.232979
v -9.837670 12.117418 -12.237480
v -11.036326 9.078404 -12.028130
v -10.520602 12.105794 -12.032627
v -11.013650 9.063967 -12.240940
v -10.497926 12.091357 -12.245441
v -10.172452 9.049017 -10.786598
v -9.308820 6.724700 -10.786598
v -10.172452 9.049015 -10.573624
v -9.308820 6.724700 -10.573624
v -10.835813 9.049015 -10.786598
v -9.972182 6.724700 -10.786598
v -10.835813 9.049015 -10.573624
v -9.972182 6.724700 -10.573624
v -10.525196 16.320810 -10.783005
v -9.660014 12.076703 -10.783005
v -10.525194 16.320808 -10.570030
v -9.660014 12.076702 -10.570034
v -11.188557 16.320808 -10.783005
v -10.323377 12.076702 -10.783005
v -11.188557 16.320808 -10.570030
v -10.323377 12.076702 -10.570034
v -10.182540 9.074186 -10.561893
v -9.666814 12.101580 -10.566391
v -10.159863 9.059753 -10.774704
v -9.644137 12.087143 -10.779202
v -10.842795 9.048130 -10.569851
v -10.327071 12.075519 -10.574352
v -10.820117 9.033693 -10.782661
v -10.304393 12.061082 -10.787167
v -10.137975 9.089291 -9.286506
v -9.274343 6.764975 -9.286506
v -10.137973 9.089289 -9.073531
v -9.274343 6.764975 -9.073535
v -10.801335 9.089289 -9.286506
v -9.937705 6.764975 -9.286506
v -10.801335 9.089289 -9.073531
v -9.937705 6.764975 -9.073535
v -10.490719 16.361086 -9.282921
v -9.625537 12.116978 -9.282921
v -10.490717 16.361084 -9.069942
v -9.625537 12.116977 -9.069942
v -11.154079 16.361084 -9.282921
v -10.288899 12.116977 -9.282921
v -11.154079 16.361084 -9.069942
v -10.288899 12.116977 -9.069942
v -10.148063 9.114461 -9.061805
v -9.632337 12.141853 -9.066303
v -10.125384 9.100027 -9.274611
v -9.609660 12.127418 -9.279114
v -10.808316 9.088405 -9.069766
v -10.292594 12.115793 -9.074265
v -10.785640 9.073967 -9.282573
v -10.269916 12.101357 -9.287079
v -10.191762 9.029788 -9.815230
v -9.328130 6.705472 -9.815230
v -10.191762 9.029786 -9.602248
v -9.328130 6.705472 -9.602248
v -10.855124 9.029786 -9.815230
v -9.991494 6.705472 -9.815230
v -10.855124 9.029786 -9.602248
v -9.991494 6.705472 -9.602248
v -10.035708 14.541042 -9.811634
v -9.679324 12.057474 -9.811634
v -10.035708 14.541039 -9.598663
v -9.679324 12.057473 -9.598663
v -10.699071 14.541039 -9.811634
v -10.342687 12.057473 -9.811634
v -10.699071 14.541039 -9.598663
v -10.342687 12.057473 -9.598663
v -10.201850 9.054957 -9.590526
v -9.686126 12.082351 -9.595024
v -10.179173 9.040525 -9.803340
v -9.663449 12.067914 -9.807831
v -10.862105 9.028901 -9.598483
v -10.346381 12.056290 -9.602985
v -10.839429 9.014464 -9.811297
v -10.323705 12.041853 -9.815800
v -10.075564 9.090582 -10.295513
v -9.211932 6.766265 -10.295513
v -10.075564 9.090580 -10.082541
v -9.211932 6.766266 -10.082541
v -10.738927 9.090580 -10.295513
v -9.875297 6.766265 -10.295513
v -10.738927 9.090580 -10.082541
v -9.875297 6.766266 -10.082541
v -10.313879 15.432743 -10.278034
v -9.563127 12.118270 -10.291927
v -10.313879 15.432743 -10.065060
v -9.563127 12.118268 -10.078953
v -10.977242 15.432740 -10.278034
v -10.226489 12.118268 -10.291927
v -10.977242 15.432743 -10.065060
v -10.226489 12.118268 -10.078953
v -10.085652 9.115753 -10.070807
v -9.569928 12.143145 -10.075314
v -10.062976 9.101318 -10.283623
v -9.547252 12.128708 -10.288124
v -10.745908 9.089696 -10.078773
v -10.230184 12.117084 -10.083275
v -10.723231 9.075258 -10.291580
v -10.207507 12.102647 -10.296082
v -10.475455 9.037722 -14.768509
v -9.611823 6.713405 -14.768509
v -10.475455 9.037720 -14.555534
v -9.611823 6.713405 -14.555534
v -11.138818 9.037719 -14.768509
v -10.275187 6.713405 -14.768509
v -11.138818 9.037719 -14.555534
v -10.275187 6.713405 -14.555534
v -10.828199 16.309513 -14.764912
v -9.963017 12.065408 -14.764912
v -10.828199 16.309513 -14.551937
v -9.963017 12.065406 -14.551941
v -11.491562 16.309513 -14.764912
v -10.626380 12.065406 -14.764912
v -11.491562 16.309513 -14.551937
v -10.626380 12.065406 -14.551941
v -10.485543 9.062891 -14.543800
v -9.969819 12.090284 -14.548302
v -10.462867 9.048458 -14.756615
v -9.947143 12.075848 -14.761112
v -11.145799 9.036834 -14.551765
v -10.630075 12.064223 -14.556263
v -11.123122 9.022397 -14.764576
v -10.607398 12.049787 -14.769073
v -10.440978 9.077995 -13.268421
v -9.577346 6.753679 -13.268421
v -10.440978 9.077993 -13.055450
v -9.577346 6.753679 -13.055450
v -11.104341 9.077992 -13.268421
v -10.240710 6.753679 -13.268421
v -11.104341 9.077992 -13.055450
v -10.240710 6.753679 -13.055450
v -10.793722 16.349789 -13.264828
v -9.928540 12.105682 -13.264828
v -10.793722 16.349789 -13.051853
v -9.928540 12.105681 -13.051853
v -11.457085 16.349789 -13.264828
v -10.591903 12.105680 -13.264828
v -11.457085 16.349789 -13.051853
v -10.591903 12.105681 -13.051853
v -10.451066 9.103166 -13.043720
v -9.935342 12.130558 -13.048218
v -10.428390 9.088732 -13.256531
v -9.912665 12.116122 -13.261028
v -11.111321 9.077108 -13.051678
v -10.595597 12.104498 -13.056175
v -11.088645 9.062672 -13.264492
v -10.572921 12.090061 -13.268993
v -10.494767 9.018493 -13.797138
v -9.631135 6.694176 -13.797138
v -10.494765 9.018491 -13.584164
v -9.631135 6.694176 -13.584164
v -11.158128 9.018490 -13.797138
v -10.294497 6.694176 -13.797138
v -11.158128 9.018490 -13.584164
v -10.294497 6.694176 -13.584164
v -10.338714 14.529744 -13.793545
v -9.982329 12.046179 -13.793545
v -10.338712 14.529743 -13.580566
v -9.982329 12.046177 -13.580566
v -11.002074 14.529743 -13.793545
v -10.645692 12.046177 -13.793545
v -11.002074 14.529743 -13.580566
v -10.645692 12.046177 -13.580566
v -10.504855 9.043662 -13.572437
v -9.989129 12.071055 -13.576935
v -10.482177 9.029229 -13.785248
v -9.966453 12.056619 -13.789742
v -11.165109 9.017605 -13.580395
v -10.649386 12.044994 -13.584892
v -11.142432 9.003168 -13.793205
v -10.626708 12.030558 -13.797707
v -10.378570 9.079287 -14.277428
v -9.514937 6.754970 -14.277428
v -10.378568 9.079285 -14.064453
v -9.514937 6.754970 -14.064453
v -11.041930 9.079284 -14.277428
v -10.178300 6.754970 -14.277428
v -11.041930 9.079284 -14.064453
v -10.178300 6.754970 -14.064453
v -10.616884 15.421448 -14.259945
v -9.866132 12.106974 -14.273838
v -10.616882 15.421445 -14.046967
v -9.866132 12.106973 -14.060863
v -11.280245 15.421445 -14.259945
v -10.529494 12.106973 -14.273838
v -11.280245 15.421445 -14.046967
v -10.529494 12.106973 -14.060863
v -10.388658 9.104457 -14.052723
v -9.872931 12.131849 -14.057224
v -10.365979 9.090023 -14.265533
v -9.850255 12.117413 -14.270035
v -11.048911 9.078400 -14.060684
v -10.533189 12.105788 -14.065182
v -11.026235 9.063962 -14.273495
v -10.510510 12.091352 -14.277996
v -9.847161 8.891118 18.977074
v -8.983531 6.566800 18.977074
v -9.847161 8.891115 19.209133
v -8.983531 6.566800 19.209133
v -10.510524 8.891115 18.977074
v -9.646894 6.566800 18.977074
v -10.510524 8.891115 19.209133
v -9.646894 6.566800 19.209133
v -10.199908 16.162909 18.980988
v -9.334725 11.918804 18.980988
v -10.199906 16.162907 19.213047
v -9.334725 11.918803 19.213043
v -10.863269 16.162907 18.980988
v -9.998090 11.918803 18.980988
v -10.863269 16.162907 19.213047
v -9.998090 11.918803 19.213043
v -9.857249 8.916286 19.221912
v -9.341525 11.943681 19.217007
v -9.834575 8.901855 18.990032
v -9.318850 11.929244 18.985130
v -10.517505 8.890231 19.213238
v -10.001784 11.917620 19.208332
v -10.494828 8.875794 18.981361
v -9.979106 11.903183 18.976460
v -9.812686 8.931393 20.611565
v -8.949054 6.607074 20.611565
v -9.812685 8.931391 20.843628
v -8.949054 6.607075 20.843624
v -10.476045 8.931391 20.611565
v -9.612416 6.607074 20.611565
v -10.476045 8.931391 20.843628
v -9.612416 6.607075 20.843624
v -10.165431 16.203184 20.615482
v -9.300248 11.959081 20.615482
v -10.165429 16.203182 20.847542
v -9.300248 11.959080 20.847538
v -10.828790 16.203182 20.615482
v -9.963613 11.959080 20.615482
v -10.828790 16.203182 20.847542
v -9.963613 11.959080 20.847538
v -9.822774 8.956563 20.856407
v -9.307048 11.983956 20.851501
v -9.800097 8.942129 20.624527
v -9.284372 11.969520 20.619625
v -10.483027 8.930506 20.847729
v -9.967307 11.957895 20.842831
v -10.460349 8.916069 20.615852
v -9.944629 11.943459 20.610950
v -9.866471 8.871889 20.035477
v -9.002842 6.547571 20.035477
v -9.866471 8.871887 20.267536
v -9.002842 6.547571 20.267536
v -10.529834 8.871887 20.035477
v -9.666205 6.547571 20.035477
v -10.529834 8.871887 20.267536
v -9.666205 6.547571 20.267536
v -9.710421 14.383144 20.039387
v -9.354036 11.899576 20.039387
v -9.710420 14.383142 20.271450
v -9.354036 11.899574 20.271446
v -10.373784 14.383142 20.039387
v -10.017400 11.899574 20.039387
v -10.373784 14.383142 20.271450
v -10.017400 11.899574 20.271446
v -9.876559 8.897058 20.280315
v -9.360837 11.924453 20.275410
v -9.853883 8.882626 20.048431
v -9.338161 11.910016 20.043533
v -10.536815 8.871002 20.271641
v -10.021094 11.898392 20.266739
v -10.514138 8.856565 20.039764
v -9.998418 11.883955 20.034855
v -9.750276 8.932683 19.512157
v -8.886644 6.608365 19.512157
v -9.750276 8.932682 19.744213
v -8.886644 6.608365 19.744213
v -10.413638 8.932680 19.512157
v -9.550007 6.608365 19.512157
v -10.413638 8.932682 19.744213
v -9.550007 6.608365 19.744213
v -9.988591 15.274845 19.531204
v -9.237839 11.960371 19.516068
v -9.988591 15.274843 19.763264
v -9.237839 11.960370 19.748123
v -10.651952 15.274843 19.531204
v -9.901200 11.960369 19.516068
v -10.651952 15.274843 19.763264
v -9.901200 11.960370 19.748123
v -9.760364 8.957853 19.756992
v -9.244638 11.985247 19.752087
v -9.737687 8.943419 19.525112
v -9.221963 11.970809 19.520210
v -10.420619 8.931797 19.748318
v -9.904895 11.959187 19.743416
v -10.397943 8.917359 19.516438
v -9.882218 11.944748 19.511539
v -9.556744 8.902409 21.101089
v -8.693111 6.578090 21.101089
v -9.556744 8.902407 21.333149
v -8.693111 6.578090 21.333149
v -10.220105 8.902407 21.101089
v -9.356475 6.578090 21.101089
v -10.220105 8.902407 21.333149
v -9.356475 6.578090 21.333149
v -9.909488 16.174198 21.105003
v -9.044306 11.930096 21.105003
v -9.909486 16.174196 21.337063
v -9.044306 11.930095 21.337063
v -10.572848 16.174196 21.105003
v -9.707668 11.930095 21.105003
v -10.572848 16.174196 21.337063
v -9.707668 11.930095 21.337063
v -9.566832 8.927578 21.345928
v -9.051106 11.954971 21.341022
v -9.544155 8.913145 21.114048
v -9.028430 11.940535 21.109146
v -10.227086 8.901522 21.337254
v -9.711363 11.928911 21.332352
v -10.204410 8.887085 21.105377
v -9.688685 11.914474 21.100475
v -9.522266 8.942682 22.735584
v -8.658634 6.618365 22.735584
v -9.522265 8.942680 22.967644
v -8.658634 6.618365 22.967644
v -10.185628 8.942680 22.735584
v -9.321998 6.618365 22.735584
v -10.185628 8.942680 22.967644
v -9.321998 6.618365 22.967644
v -9.875010 16.214474 22.739498
v -9.009829 11.970370 22.739498
v -9.875009 16.214474 22.971561
v -9.009829 11.970369 22.971561
v -10.538371 16.214474 22.739498
v -9.673191 11.970369 22.739498
v -10.538371 16.214474 22.971561
v -9.673191 11.970369 22.971561
v -9.532354 8.967853 22.980427
v -9.016629 11.995246 22.975525
v -9.509677 8.953419 22.748543
v -8.993953 11.980809 22.743645
v -10.192609 8.941796 22.971752
v -9.676886 11.969185 22.966846
v -10.169932 8.927359 22.739872
v -9.654208 11.954748 22.734966
v -9.576055 8.883180 22.159492
v -8.712422 6.558861 22.159492
v -9.576054 8.883178 22.391556
v -8.712422 6.558862 22.391556
v -10.239415 8.883178 22.159492
v -9.375786 6.558861 22.159492
v -10.239415 8.883178 22.391556
v -9.375786 6.558862 22.391556
v -9.420001 14.394435 22.163403
v -9.063617 11.910867 22.163403
v -9.420000 14.394434 22.395462
v -9.063617 11.910866 22.395462
v -10.083365 14.394434 22.163403
v -9.726979 11.910866 22.163403
v -10.083365 14.394434 22.395462
v -9.726979 11.910866 22.395462
v -9.586143 8.908349 22.404335
v -9.070417 11.935742 22.399429
v -9.563465 8.893916 22.172455
v -9.047741 11.921306 22.167557
v -10.246398 8.882293 22.395653
v -9.730674 11.909682 22.390755
v -10.223720 8.867856 22.163780
v -9.707996 11.895246 22.158875
v -9.459857 8.943974 21.636169
v -8.596225 6.619655 21.636169
v -9.459856 8.943972 21.868229
v -8.596225 6.619655 21.868229
v -10.123218 8.943972 21.636169
v -9.259588 6.619655 21.636169
v -10.123218 8.943972 21.868229
v -9.259588 6.619655 21.868229
v -9.698171 15.286138 21.655224
v -8.947419 11.971663 21.640083
v -9.698170 15.286133 21.887283
v -8.947419 11.971660 21.872143
v -10.361533 15.286133 21.655224
v -9.610782 11.971660 21.640083
v -10.361533 15.286133 21.887283
v -9.610782 11.971660 21.872143
v -9.469945 8.969144 21.881008
v -8.954220 11.996536 21.876106
v -9.447268 8.954710 21.649132
v -8.931543 11.982100 21.644230
v -10.130200 8.943088 21.872334
v -9.614476 11.970476 21.867435
v -10.107522 8.928650 21.640457
v -9.591799 11.956039 21.635555
v -9.859746 8.891112 16.762396
v -8.996116 6.566794 16.762396
v -9.859746 8.891111 16.994453
v -8.996116 6.566795 16.994453
v -10.523108 8.891111 16.762396
v -9.659479 6.566794 16.762396
v -10.523108 8.891111 16.994453
v -9.659479 6.566795 16.994453
v -10.212493 16.162903 16.766310
v -9.347310 11.918800 16.766310
v -10.212493 16.162901 16.998369
v -9.347310 11.918798 16.998369
v -10.875854 16.162899 16.766310
v -10.010674 11.918798 16.766310
v -10.875854 16.162901 16.998369
v -10.010674 11.918798 16.998369
v -9.869834 8.916283 17.007233
v -9.354111 11.943675 17.002333
v -9.847157 8.901850 16.775354
v -9.331434 11.929238 16.770454
v -10.530089 8.890225 16.998560
v -10.014369 11.917616 16.993658
v -10.507413 8.875789 16.766682
v -9.991693 11.903179 16.761782
v -9.825271 8.931387 18.396891
v -8.961638 6.607069 18.396891
v -9.825271 8.931385 18.628948
v -8.961638 6.607069 18.628948
v -10.488631 8.931385 18.396891
v -9.625002 6.607069 18.396891
v -10.488631 8.931385 18.628948
v -9.625002 6.607069 18.628948
v -10.178016 16.203178 18.400805
v -9.312833 11.959075 18.400805
v -10.178014 16.203176 18.632862
v -9.312833 11.959073 18.632862
v -10.841376 16.203176 18.400805
v -9.976197 11.959073 18.400805
v -10.841376 16.203176 18.632862
v -9.976197 11.959073 18.632862
v -9.835359 8.956557 18.641731
v -9.319633 11.983950 18.636826
v -9.812682 8.942123 18.409849
v -9.296957 11.969513 18.404947
v -10.495612 8.930500 18.633053
v -9.979892 11.957889 18.628155
v -10.472936 8.916063 18.401175
v -9.957213 11.943452 18.396273
v -9.879058 8.871883 17.820799
v -9.015427 6.547566 17.820799
v -9.879056 8.871882 18.052858
v -9.015427 6.547566 18.052858
v -10.542418 8.871882 17.820799
v -9.678790 6.547566 17.820799
v -10.542418 8.871882 18.052858
v -9.678790 6.547566 18.052858
v -9.723006 14.383138 17.824713
v -9.366621 11.899571 17.824713
v -9.723004 14.383137 18.056772
v -9.366621 11.899570 18.056768
v -10.386369 14.383137 17.824713
v -10.029984 11.899570 17.824713
v -10.386369 14.383137 18.056772
v -10.029984 11.899570 18.056768
v -9.889146 8.897054 18.065638
v -9.373422 11.924446 18.060736
v -9.866467 8.882620 17.833757
v -9.350745 11.910009 17.828857
v -10.549399 8.870996 18.056965
v -10.033679 11.898387 18.052061
v -10.526723 8.856560 17.825083
v -10.011003 11.883950 17.820181
v -9.762861 8.932677 17.297476
v -8.899229 6.608360 17.297476
v -9.762860 8.932676 17.529535
v -8.899229 6.608360 17.529535
v -10.426223 8.932676 17.297476
v -9.562593 6.608360 17.297476
v -10.426223 8.932676 17.529535
v -9.562593 6.608360 17.529535
v -10.001176 15.274838 17.316526
v -9.250423 11.960366 17.301394
v -10.001176 15.274837 17.548586
v -9.250423 11.960363 17.533449
v -10.664536 15.274837 17.316526
v -9.913787 11.960363 17.301394
v -10.664536 15.274837 17.548586
v -9.913787 11.960363 17.533449
v -9.772949 8.957848 17.542315
v -9.257224 11.985240 17.537413
v -9.750272 8.943415 17.310434
v -9.234548 11.970805 17.305534
v -10.433204 8.931792 17.533640
v -9.917481 11.959181 17.528742
v -10.410527 8.917354 17.301764
v -9.894803 11.944744 17.296862
v -9.867543 8.852343 25.586445
v -9.003913 6.528026 25.586445
v -9.867543 8.852341 25.818508
v -9.003913 6.528026 25.818508
v -10.530906 8.852341 25.586445
v -9.667276 6.528026 25.586445
v -10.530906 8.852341 25.818508
v -9.667276 6.528026 25.818508
v -10.220290 16.124132 25.590363
v -9.355107 11.880030 25.590363
v -10.220288 16.124130 25.822422
v -9.355107 11.880029 25.822422
v -10.883651 16.124130 25.590363
v -10.018472 11.880029 25.590363
v -10.883651 16.124130 25.822422
v -10.018472 11.880029 25.822422
v -9.877631 8.877512 25.831287
v -9.361907 11.904906 25.826385
v -9.854955 8.863079 25.599407
v -9.339231 11.890470 25.594501
v -10.537887 8.851456 25.822613
v -10.022166 11.878845 25.817711
v -10.515210 8.837019 25.590733
v -9.999488 11.864408 25.585831
v -9.833068 8.892618 27.220940
v -8.969436 6.568300 27.220940
v -9.833067 8.892615 27.452999
v -8.969436 6.568300 27.452999
v -10.496427 8.892615 27.220940
v -9.632798 6.568300 27.220940
v -10.496427 8.892615 27.452999
v -9.632798 6.568300 27.452999
v -10.185813 16.164410 27.224857
v -9.320630 11.920306 27.224857
v -10.185811 16.164406 27.456917
v -9.320630 11.920304 27.456917
v -10.849172 16.164406 27.224857
v -9.983994 11.920304 27.224857
v -10.849172 16.164406 27.456917
v -9.983994 11.920304 27.456917
v -9.843154 8.917789 27.465778
v -9.327430 11.945181 27.460876
v -9.820478 8.903355 27.233902
v -9.304754 11.930744 27.229000
v -10.503409 8.891731 27.457108
v -9.987689 11.919120 27.452202
v -10.480731 8.877295 27.225227
v -9.965011 11.904683 27.220325
v -9.886853 8.833115 26.644852
v -9.023224 6.508797 26.644852
v -9.886853 8.833114 26.876911
v -9.023224 6.508797 26.876907
v -10.550216 8.833114 26.644852
v -9.686587 6.508797 26.644852
v -10.550216 8.833114 26.876911
v -9.686587 6.508797 26.876907
v -9.730803 14.344369 26.648769
v -9.374418 11.860803 26.648769
v -9.730802 14.344366 26.880825
v -9.374418 11.860801 26.880825
v -10.394166 14.344366 26.648769
v -10.037782 11.860801 26.648769
v -10.394166 14.344366 26.880825
v -10.037782 11.860801 26.880825
v -9.896941 8.858285 26.889690
v -9.381219 11.885677 26.884785
v -9.874265 8.843851 26.657814
v -9.358542 11.871241 26.652912
v -10.557197 8.832228 26.881016
v -10.041476 11.859618 26.876114
v -10.534520 8.817791 26.649139
v -10.018800 11.845181 26.644234
v -9.770658 8.893908 26.121529
v -8.907026 6.569591 26.121529
v -9.770658 8.893906 26.353584
v -8.907026 6.569591 26.353584
v -10.434020 8.893906 26.121529
v -9.570390 6.569591 26.121529
v -10.434020 8.893906 26.353584
v -9.570390 6.569591 26.353584
v -10.008973 15.236070 26.140579
v -9.258221 11.921597 26.125443
v -10.008973 15.236067 26.372639
v -9.258221 11.921595 26.357502
v -10.672334 15.236067 26.140579
v -9.921584 11.921595 26.125443
v -10.672334 15.236067 26.372639
v -9.921584 11.921595 26.357502
v -9.780746 8.919079 26.366367
v -9.265021 11.946471 26.361465
v -9.758069 8.904644 26.134487
v -9.242345 11.932036 26.129585
v -10.441001 8.893023 26.357693
v -9.925279 11.920410 26.352791
v -10.418324 8.878584 26.125813
v -9.902600 11.905973 26.120911
v -9.577127 8.863633 27.710464
v -8.713494 6.539315 27.710464
v -9.577126 8.863632 27.942524
v -8.713494 6.539316 27.942520
v -10.240487 8.863632 27.710464
v -9.376857 6.539315 27.710464
v -10.240487 8.863632 27.942524
v -9.376857 6.539316 27.942520
v -9.929872 16.135422 27.714382
v -9.064689 11.891321 27.714382
v -9.929870 16.135422 27.946438
v -9.064689 11.891319 27.946434
v -10.593230 16.135422 27.714382
v -9.728051 11.891319 27.714382
v -10.593230 16.135422 27.946438
v -9.728051 11.891319 27.946434
v -9.587214 8.888803 27.955303
v -9.071488 11.916196 27.950401
v -9.564537 8.874371 27.723427
v -9.048812 11.901759 27.718525
v -10.247468 8.862746 27.946629
v -9.731746 11.890137 27.941727
v -10.224792 8.848310 27.714752
v -9.709067 11.875700 27.709846
v -9.542648 8.903908 29.344955
v -8.679017 6.579590 29.344955
v -9.542647 8.903906 29.577015
v -8.679017 6.579590 29.577015
v -10.206010 8.903906 29.344955
v -9.342380 6.579590 29.344955
v -10.206010 8.903906 29.577015
v -9.342380 6.579590 29.577015
v -9.895392 16.175699 29.348877
v -9.030211 11.931596 29.348877
v -9.895391 16.175695 29.580933
v -9.030211 11.931594 29.580933
v -10.558753 16.175695 29.348877
v -9.693573 11.931594 29.348877
v -10.558753 16.175695 29.580933
v -9.693573 11.931594 29.580933
v -9.552736 8.929078 29.589794
v -9.037011 11.956470 29.584896
v -9.530059 8.914644 29.357922
v -9.014335 11.942034 29.353016
v -10.212991 8.903021 29.581123
v -9.697268 11.930409 29.576218
v -10.190314 8.888584 29.349243
v -9.674590 11.915973 29.344341
v -9.596437 8.844404 28.768867
v -8.732804 6.520087 28.768867
v -9.596437 8.844403 29.000923
v -8.732804 6.520087 29.000923
v -10.259797 8.844403 28.768867
v -9.396169 6.520087 28.768867
v -10.259797 8.844403 29.000923
v -9.396169 6.520087 29.000923
v -9.440383 14.355659 28.772785
v -9.083999 11.872092 28.772785
v -9.440383 14.355656 29.004841
v -9.083999 11.872090 29.004837
v -10.103747 14.355656 28.772785
v -9.747361 11.872090 28.772785
v -10.103747 14.355656 29.004841
v -9.747361 11.872090 29.004837
v -9.606524 8.869575 29.013702
v -9.090800 11.896967 29.008804
v -9.583848 8.855141 28.781826
v -9.068124 11.882530 28.776924
v -10.266780 8.843517 29.005032
v -9.751056 11.870908 29.000134
v -10.244102 8.829081 28.773151
v -9.728378 11.856471 28.768250
v -9.480239 8.905198 28.245544
v -8.616607 6.580881 28.245544
v -9.480239 8.905197 28.477604
v -8.616607 6.580881 28.477604
v -10.143600 8.905197 28.245544
v -9.279970 6.580881 28.245544
v -10.143600 8.905197 28.477604
v -9.279970 6.580881 28.477604
v -9.718553 15.247359 28.264595
v -8.967801 11.932887 28.249462
v -9.718552 15.247356 28.496655
v -8.967801 11.932884 28.481522
v -10.381915 15.247356 28.264595
v -9.631164 11.932884 28.249462
v -10.381915 15.247356 28.496655
v -9.631164 11.932884 28.481522
v -9.490327 8.930368 28.490383
v -8.974602 11.957761 28.485481
v -9.467650 8.915936 28.258499
v -8.951926 11.943326 28.253601
v -10.150582 8.904313 28.481712
v -9.634858 11.931702 28.476807
v -10.127904 8.889874 28.249832
v -9.612181 11.917265 28.244930
v -9.880128 8.852338 23.371777
v -9.016498 6.528020 23.371777
v -9.880128 8.852336 23.603836
v -9.016498 6.528020 23.603832
v -10.543490 8.852336 23.371777
v -9.679862 6.528020 23.371777
v -10.543490 8.852336 23.603836
v -9.679862 6.528020 23.603832
v -10.232875 16.124126 23.375690
v -9.367692 11.880025 23.375690
v -10.232875 16.124123 23.607750
v -9.367692 11.880024 23.607746
v -10.896235 16.124123 23.375690
v -10.031056 11.880024 23.375690
v -10.896235 16.124123 23.607750
v -10.031056 11.880024 23.607746
v -9.890216 8.877507 23.616611
v -9.374493 11.904901 23.611710
v -9.867539 8.863074 23.384735
v -9.351817 11.890464 23.379833
v -10.550471 8.851451 23.607937
v -10.034751 11.878840 23.603035
v -10.527795 8.837014 23.376060
v -10.012074 11.864404 23.371159
v -9.845651 8.892612 25.006268
v -8.982020 6.568294 25.006268
v -9.845651 8.892610 25.238327
v -8.982020 6.568294 25.238327
v -10.509013 8.892610 25.006268
v -9.645384 6.568294 25.006268
v -10.509013 8.892610 25.238327
v -9.645384 6.568294 25.238327
v -10.198398 16.164402 25.010181
v -9.333215 11.920300 25.010181
v -10.198396 16.164400 25.242241
v -9.333215 11.920299 25.242241
v -10.861758 16.164400 25.010181
v -9.996579 11.920299 25.010181
v -10.861758 16.164400 25.242241
v -9.996579 11.920299 25.242241
v -9.855739 8.917782 25.251106
v -9.340015 11.945175 25.246201
v -9.833064 8.903349 25.019230
v -9.317340 11.930738 25.014324
v -10.515994 8.891726 25.242432
v -10.000274 11.919114 25.237530
v -10.493318 8.877288 25.010551
v -9.977595 11.904677 25.005650
v -9.899440 8.833109 24.430176
v -9.035810 6.508791 24.430176
v -9.899438 8.833107 24.662231
v -9.035810 6.508791 24.662231
v -10.562800 8.833107 24.430176
v -9.699172 6.508791 24.430176
v -10.562800 8.833107 24.662231
v -9.699172 6.508791 24.662231
v -9.743388 14.344362 24.434090
v -9.387004 11.860796 24.434090
v -9.743386 14.344360 24.666149
v -9.387004 11.860795 24.666149
v -10.406751 14.344360 24.434090
v -10.050366 11.860795 24.434090
v -10.406751 14.344360 24.666149
v -10.050366 11.860795 24.666149
v -9.909528 8.858278 24.675018
v -9.393804 11.885672 24.670116
v -9.886849 8.843845 24.443138
v -9.371127 11.871235 24.438236
v -10.569781 8.832222 24.666340
v -10.054061 11.859612 24.661446
v -10.547105 8.817785 24.434464
v -10.031384 11.845175 24.429558
v -9.783243 8.893903 23.906857
v -8.919612 6.569585 23.906857
v -9.783242 8.893902 24.138912
v -8.919612 6.569585 24.138912
v -10.446605 8.893902 23.906857
v -9.582974 6.569585 23.906857
v -10.446605 8.893902 24.138912
v -9.582974 6.569585 24.138912
v -10.021558 15.236061 23.925907
v -9.270806 11.921592 23.910767
v -10.021558 15.236061 24.157963
v -9.270806 11.921589 24.142826
v -10.684918 15.236061 23.925907
v -9.934169 11.921589 23.910767
v -10.684918 15.236061 24.157963
v -9.934169 11.921589 24.142826
v -9.793331 8.919073 24.151695
v -9.277606 11.946465 24.146790
v -9.770654 8.904639 23.919815
v -9.254930 11.932030 23.914913
v -10.453586 8.893017 24.143017
v -9.937863 11.920405 24.138119
v -10.430909 8.878579 23.911140
v -9.915185 11.905969 23.906239
v -9.911735 8.722192 31.966923
v -9.048103 6.397875 31.966923
v -9.911733 8.722190 32.179897
v -9.048103 6.397875 32.179897
v -10.575095 8.722190 31.966923
v -9.711466 6.397875 31.966923
v -10.575095 8.722190 32.179897
v -9.711466 6.397875 32.179897
v -10.264480 15.993985 31.970516
v -9.399298 11.749880 31.970512
v -10.264480 15.993984 32.183491
v -9.399298 11.749877 32.183491
v -10.927840 15.993984 31.970516
v -10.062661 11.749877 31.970512
v -10.927840 15.993984 32.183491
v -10.062661 11.749877 32.183491
v -9.921823 8.747361 32.191631
v -9.406097 11.774755 32.187130
v -9.899144 8.732928 31.978817
v -9.383421 11.760318 31.974316
v -10.582076 8.721305 32.183662
v -10.066356 11.748695 32.179169
v -10.559400 8.706868 31.970856
v -10.043679 11.734259 31.966354
v -9.877255 8.762466 33.467007
v -9.013626 6.438149 33.467007
v -9.877255 8.762465 33.679985
v -9.013626 6.438149 33.679981
v -10.540618 8.762465 33.467007
v -9.676989 6.438149 33.467007
v -10.540618 8.762465 33.679985
v -9.676989 6.438149 33.679981
v -10.230002 16.034262 33.470600
v -9.364820 11.790154 33.470600
v -10.230000 16.034260 33.683575
v -9.364820 11.790153 33.683571
v -10.893363 16.034260 33.470600
v -10.028184 11.790153 33.470600
v -10.893363 16.034260 33.683575
v -10.028184 11.790153 33.683571
v -9.887343 8.787637 33.691711
v -9.371620 11.815029 33.687210
v -9.864667 8.773203 33.478901
v -9.348944 11.800594 33.474403
v -10.547599 8.761580 33.683754
v -10.031878 11.788970 33.679253
v -10.524922 8.747143 33.470943
v -10.009200 11.774533 33.466442
v -9.931045 8.702964 32.938290
v -9.067414 6.378646 32.938290
v -9.931045 8.702962 33.151264
v -9.067414 6.378646 33.151264
v -10.594405 8.702962 32.938290
v -9.730778 6.378646 32.938290
v -10.594405 8.702962 33.151264
v -9.730778 6.378646 33.151264
v -9.774992 14.214219 32.941879
v -9.418608 11.730651 32.941879
v -9.774992 14.214217 33.154861
v -9.418608 11.730649 33.154858
v -10.438355 14.214217 32.941879
v -10.081971 11.730649 32.941879
v -10.438355 14.214217 33.154861
v -10.081971 11.730649 33.154858
v -9.941133 8.728133 33.162994
v -9.425409 11.755527 33.158497
v -9.918456 8.713700 32.950184
v -9.402733 11.741091 32.945686
v -10.601388 8.702077 33.155033
v -10.085666 11.729466 33.150539
v -10.578710 8.687640 32.942223
v -10.062989 11.715030 32.937721
v -9.814848 8.763757 32.458000
v -8.951217 6.439440 32.458000
v -9.814848 8.763755 32.670979
v -8.951217 6.439440 32.670979
v -10.478208 8.763755 32.458000
v -9.614579 6.439440 32.458000
v -10.478208 8.763755 32.670979
v -9.614579 6.439440 32.670979
v -10.053163 15.105923 32.475483
v -9.302410 11.791446 32.461594
v -10.053163 15.105920 32.688461
v -9.302410 11.791445 32.674568
v -10.716523 15.105920 32.475483
v -9.965774 11.791445 32.461594
v -10.716523 15.105920 32.688461
v -9.965774 11.791445 32.674568
v -9.824936 8.788928 32.682705
v -9.309211 11.816319 32.678207
v -9.802259 8.774493 32.469894
v -9.286535 11.801885 32.465397
v -10.485190 8.762872 32.674744
v -9.969468 11.790260 32.670246
v -10.462512 8.748433 32.461937
v -9.946792 11.775824 32.457439
v -9.621316 8.733482 33.916283
v -8.757684 6.409165 33.916283
v -9.621315 8.733480 34.129253
v -8.757684 6.409165 34.129253
v -10.284677 8.733480 33.916283
v -9.421047 6.409165 33.916283
v -10.284677 8.733480 34.129253
v -9.421047 6.409165 34.129253
v -9.974061 16.005276 33.919868
v -9.108878 11.761169 33.919868
v -9.974059 16.005274 34.132843
v -9.108878 11.761168 34.132843
v -10.637422 16.005274 33.919868
v -9.772241 11.761168 33.919868
v -10.637422 16.005274 34.132843
v -9.772241 11.761168 34.132843
v -9.631404 8.758652 34.140984
v -9.115679 11.786046 34.136486
v -9.608727 8.744219 33.928169
v -9.093002 11.771609 33.923676
v -10.291659 8.732595 34.133022
v -9.775935 11.759985 34.128521
v -10.268981 8.718159 33.920212
v -9.753258 11.745548 33.915710
v -9.586838 8.773756 35.416367
v -8.723207 6.449439 35.416367
v -9.586838 8.773754 35.629337
v -8.723207 6.449439 35.629337
v -10.250199 8.773754 35.416367
v -9.386570 6.449439 35.416367
v -10.250199 8.773754 35.629337
v -9.386570 6.449439 35.629337
v -9.939584 16.045553 35.419956
v -9.074401 11.801444 35.419956
v -9.939582 16.045547 35.632931
v -9.074401 11.801442 35.632931
v -10.602944 16.045547 35.419956
v -9.737762 11.801442 35.419956
v -10.602944 16.045547 35.632931
v -9.737762 11.801442 35.632931
v -9.596926 8.798926 35.641071
v -9.081202 11.826319 35.636570
v -9.574249 8.784492 35.428261
v -9.058525 11.811884 35.423756
v -10.257180 8.772870 35.633110
v -9.741457 11.800260 35.628609
v -10.234504 8.758432 35.420300
v -9.718781 11.785823 35.415798
v -9.640627 8.714253 34.887646
v -8.776995 6.389936 34.887646
v -9.640626 8.714252 35.100624
v -8.776995 6.389936 35.100624
v -10.303988 8.714252 34.887646
v -9.440358 6.389936 34.887646
v -10.303988 8.714252 35.100624
v -9.440358 6.389936 35.100624
v -9.484573 14.225509 34.891239
v -9.128189 11.741940 34.891239
v -9.484572 14.225508 35.104214
v -9.128189 11.741939 35.104210
v -10.147937 14.225508 34.891239
v -9.791552 11.741939 34.891239
v -10.147937 14.225508 35.104214
v -9.791552 11.741939 35.104210
v -9.650715 8.739423 35.112350
v -9.134990 11.766817 35.107849
v -9.628037 8.724991 34.899540
v -9.112313 11.752380 34.895042
v -10.310969 8.713367 35.104389
v -9.795246 11.740756 35.099892
v -10.288293 8.698930 34.891579
v -9.772568 11.726319 34.887077
v -9.524429 8.775047 34.407356
v -8.660797 6.450730 34.407356
v -9.524428 8.775045 34.620335
v -8.660797 6.450730 34.620331
v -10.187791 8.775045 34.407356
v -9.324160 6.450730 34.407356
v -10.187791 8.775045 34.620335
v -9.324160 6.450730 34.620331
v -9.762743 15.117212 34.424843
v -9.011992 11.802735 34.410950
v -9.762741 15.117209 34.637817
v -9.011992 11.802734 34.623928
v -10.426106 15.117209 34.424843
v -9.675354 11.802734 34.410950
v -10.426106 15.117209 34.637817
v -9.675354 11.802734 34.623928
v -9.534517 8.800219 34.632065
v -9.018792 11.827611 34.627560
v -9.511840 8.785784 34.419247
v -8.996116 11.813174 34.414753
v -10.194772 8.774161 34.624100
v -9.679049 11.801550 34.619602
v -10.172095 8.759724 34.411285
v -9.656370 11.787113 34.406792
v -9.924319 8.722187 29.934364
v -9.060688 6.397869 29.934364
v -9.924319 8.722185 30.147339
v -9.060688 6.397869 30.147339
v -10.587680 8.722185 29.934364
v -9.724051 6.397869 29.934364
v -10.587680 8.722185 30.147339
v -9.724051 6.397869 30.147339
v -10.277064 15.993979 29.937958
v -9.411882 11.749873 29.937958
v -10.277064 15.993979 30.150936
v -9.411882 11.749872 30.150936
v -10.940425 15.993979 29.937958
v -10.075246 11.749872 29.937958
v -10.940425 15.993979 30.150936
v -10.075246 11.749872 30.150936
v -9.934407 8.747356 30.159073
v -9.418682 11.774750 30.154572
v -9.911731 8.732924 29.946259
v -9.396007 11.760313 29.941761
v -10.594663 8.721300 30.151112
v -10.078940 11.748689 30.146614
v -10.571984 8.706863 29.938297
v -10.056264 11.734252 29.933804
v -9.889842 8.762461 31.434452
v -9.026211 6.438144 31.434452
v -9.889840 8.762459 31.647427
v -9.026211 6.438144 31.647427
v -10.553203 8.762459 31.434452
v -9.689573 6.438144 31.434452
v -10.553203 8.762459 31.647427
v -9.689573 6.438144 31.647427
v -10.242587 16.034256 31.438042
v -9.377405 11.790149 31.438042
v -10.242587 16.034252 31.651016
v -9.377405 11.790147 31.651016
v -10.905948 16.034252 31.438042
v -10.040769 11.790147 31.438042
v -10.905948 16.034252 31.651016
v -10.040769 11.790147 31.651016
v -9.899930 8.787630 31.659153
v -9.384205 11.815023 31.654659
v -9.877252 8.773197 31.446342
v -9.361529 11.800589 31.441849
v -10.560184 8.761575 31.651196
v -10.044463 11.788964 31.646698
v -10.537507 8.747137 31.438385
v -10.021787 11.774528 31.433887
v -9.943631 8.702958 30.905735
v -9.079999 6.378640 30.905735
v -9.943629 8.702955 31.118710
v -9.079999 6.378641 31.118710
v -10.606992 8.702955 30.905735
v -9.743362 6.378640 30.905735
v -10.606992 8.702955 31.118710
v -9.743362 6.378641 31.118710
v -9.787578 14.214212 30.909325
v -9.431193 11.730645 30.909325
v -9.787577 14.214211 31.122299
v -9.431193 11.730643 31.122299
v -10.450940 14.214211 30.909325
v -10.094558 11.730643 30.909325
v -10.450940 14.214211 31.122299
v -10.094558 11.730643 31.122299
v -9.953719 8.728127 31.130440
v -9.437994 11.755522 31.125938
v -9.931041 8.713695 30.917629
v -9.415318 11.741085 30.913128
v -10.613973 8.702071 31.122482
v -10.098252 11.729461 31.117981
v -10.591296 8.687634 30.909668
v -10.075574 11.715024 30.905167
v -9.827434 8.763752 30.425446
v -8.963801 6.439434 30.425446
v -9.827433 8.763750 30.638420
v -8.963801 6.439434 30.638420
v -10.490794 8.763750 30.425446
v -9.627165 6.439434 30.425446
v -10.490794 8.763750 30.638420
v -9.627165 6.439434 30.638420
v -10.065749 15.105915 30.442928
v -9.314996 11.791440 30.429035
v -10.065747 15.105913 30.655910
v -9.314996 11.791439 30.642010
v -10.729110 15.105913 30.442928
v -9.978360 11.791438 30.429035
v -10.729110 15.105913 30.655910
v -9.978360 11.791439 30.642010
v -9.837522 8.788922 30.650146
v -9.321796 11.816316 30.645653
v -9.814844 8.774488 30.437336
v -9.299120 11.801878 30.432842
v -10.497775 8.762865 30.642189
v -9.982055 11.790255 30.637691
v -10.475099 8.748428 30.429379
v -9.959376 11.775817 30.424877
v -9.932117 8.683417 38.032791
v -9.068485 6.359100 38.032791
v -9.932117 8.683414 38.245766
v -9.068485 6.359100 38.245766
v -10.595477 8.683414 38.032791
v -9.731849 6.359100 38.032791
v -10.595477 8.683414 38.245766
v -9.731849 6.359100 38.245766
v -10.284862 15.955209 38.036381
v -9.419680 11.711104 38.036381
v -10.284862 15.955208 38.249359
v -9.419680 11.711102 38.249359
v -10.948222 15.955208 38.036381
v -10.083043 11.711102 38.036381
v -10.948222 15.955208 38.249359
v -10.083043 11.711102 38.249359
v -9.942204 8.708586 38.257500
v -9.426479 11.735980 38.252998
v -9.919526 8.694153 38.044685
v -9.403804 11.721543 38.040188
v -10.602458 8.682530 38.249535
v -10.086738 11.709920 38.245037
v -10.579782 8.668094 38.036724
v -10.064061 11.695483 38.032227
v -9.897637 8.723692 39.532879
v -9.034008 6.399374 39.532879
v -9.897637 8.723690 39.745853
v -9.034008 6.399374 39.745850
v -10.561000 8.723690 39.532879
v -9.697371 6.399374 39.532879
v -10.561000 8.723690 39.745853
v -9.697371 6.399374 39.745850
v -10.250384 15.995485 39.536469
v -9.385202 11.751379 39.536469
v -10.250382 15.995483 39.749447
v -9.385202 11.751378 39.749447
v -10.913745 15.995483 39.536469
v -10.048566 11.751378 39.536469
v -10.913745 15.995483 39.749447
v -10.048566 11.751378 39.749447
v -9.907725 8.748861 39.757580
v -9.392002 11.776255 39.753082
v -9.885049 8.734427 39.544769
v -9.369327 11.761819 39.540276
v -10.567981 8.722805 39.749619
v -10.052260 11.750195 39.745125
v -10.545304 8.708368 39.536812
v -10.029582 11.735758 39.532314
v -9.951427 8.664188 39.004166
v -9.087796 6.339871 39.004166
v -9.951427 8.664186 39.217136
v -9.087796 6.339871 39.217136
v -10.614787 8.664186 39.004166
v -9.751160 6.339871 39.004166
v -10.614787 8.664186 39.217136
v -9.751160 6.339871 39.217136
v -9.795375 14.175441 39.007751
v -9.438991 11.691875 39.007751
v -9.795374 14.175440 39.220730
v -9.438991 11.691873 39.220726
v -10.458737 14.175440 39.007751
v -10.102353 11.691873 39.007751
v -10.458737 14.175440 39.220730
v -10.102353 11.691873 39.220726
v -9.961514 8.689358 39.228867
v -9.445791 11.716751 39.224369
v -9.938838 8.674924 39.016056
v -9.423115 11.702314 39.011559
v -10.621770 8.663301 39.220901
v -10.106048 11.690691 39.216408
v -10.599092 8.648865 39.008095
v -10.083371 11.676254 39.003597
v -9.835230 8.724982 38.523872
v -8.971599 6.400665 38.523872
v -9.835230 8.724980 38.736847
v -8.971599 6.400665 38.736847
v -10.498590 8.724979 38.523872
v -9.634961 6.400665 38.523872
v -10.498590 8.724980 38.736847
v -9.634961 6.400665 38.736847
v -10.073545 15.067144 38.541355
v -9.322793 11.752669 38.527466
v -10.073545 15.067142 38.754330
v -9.322793 11.752668 38.740437
v -10.736905 15.067142 38.541355
v -9.986156 11.752668 38.527466
v -10.736905 15.067142 38.754330
v -9.986156 11.752668 38.740437
v -9.845317 8.750152 38.748577
v -9.329593 11.777546 38.744076
v -9.822641 8.735718 38.535767
v -9.306917 11.763109 38.531265
v -10.505572 8.724096 38.740616
v -9.989850 11.751485 38.736118
v -10.482894 8.709659 38.527805
v -9.967174 11.737048 38.523304
v -9.641698 8.694708 39.982147
v -8.778066 6.370390 39.982147
v -9.641698 8.694706 40.195122
v -8.778066 6.370390 40.195122
v -10.305058 8.694705 39.982147
v -9.441429 6.370390 39.982147
v -10.305058 8.694706 40.195122
v -9.441429 6.370390 40.195122
v -9.994443 15.966498 39.985741
v -9.129260 11.722394 39.985741
v -9.994441 15.966497 40.198715
v -9.129260 11.722393 40.198711
v -10.657804 15.966497 39.985741
v -9.792623 11.722393 39.985741
v -10.657804 15.966497 40.198715
v -9.792623 11.722393 40.198711
v -9.651786 8.719877 40.206852
v -9.136061 11.747271 40.202354
v -9.629109 8.705444 39.994041
v -9.113384 11.732834 39.989544
v -10.312041 8.693821 40.198895
v -9.796317 11.721210 40.194393
v -10.289363 8.679384 39.986084
v -9.773640 11.706773 39.981579
v -9.607221 8.734982 41.482239
v -8.743588 6.410665 41.482239
v -9.607220 8.734980 41.695213
v -8.743588 6.410665 41.695210
v -10.270581 8.734980 41.482239
v -9.406952 6.410665 41.482239
v -10.270581 8.734980 41.695213
v -9.406952 6.410665 41.695210
v -9.959966 16.006775 41.485825
v -9.094783 11.762669 41.485825
v -9.959964 16.006773 41.698803
v -9.094783 11.762668 41.698803
v -10.623326 16.006773 41.485825
v -9.758145 11.762668 41.485825
v -10.623326 16.006773 41.698803
v -9.758145 11.762668 41.698803
v -9.617309 8.760151 41.706940
v -9.101583 11.787544 41.702442
v -9.594631 8.745718 41.494133
v -9.078907 11.773109 41.489632
v -10.277562 8.734096 41.698978
v -9.761840 11.761485 41.694481
v -10.254886 8.719658 41.486172
v -9.739162 11.747047 41.481667
v -9.661009 8.675479 40.953514
v -8.797377 6.351161 40.953514
v -9.661008 8.675476 41.166496
v -8.797377 6.351161 41.166496
v -10.324370 8.675476 40.953514
v -9.460740 6.351161 40.953514
v -10.324370 8.675476 41.166496
v -9.460740 6.351161 41.166496
v -9.504955 14.186733 40.957111
v -9.148571 11.703165 40.957111
v -9.504954 14.186731 41.170082
v -9.148571 11.703164 41.170082
v -10.168319 14.186731 40.957111
v -9.811934 11.703164 40.957111
v -10.168319 14.186731 41.170082
v -9.811934 11.703164 41.170082
v -9.671097 8.700647 41.178219
v -9.155372 11.728042 41.173721
v -9.648419 8.686215 40.965405
v -9.132695 11.713605 40.960915
v -10.331351 8.674592 41.170261
v -9.815628 11.701981 41.165760
v -10.308675 8.660155 40.957447
v -9.792951 11.687544 40.952946
v -9.544811 8.736273 40.473232
v -8.681179 6.411955 40.473232
v -9.544810 8.736271 40.686203
v -8.681179 6.411955 40.686203
v -10.208173 8.736271 40.473232
v -9.344543 6.411955 40.473232
v -10.208173 8.736271 40.686203
v -9.344543 6.411955 40.686203
v -9.783125 15.078434 40.490711
v -9.032373 11.763961 40.476818
v -9.783124 15.078434 40.703686
v -9.032373 11.763959 40.689793
v -10.446488 15.078432 40.490711
v -9.695736 11.763959 40.476818
v -10.446488 15.078434 40.703686
v -9.695736 11.763959 40.689793
v -9.554899 8.761443 40.697937
v -9.039174 11.788836 40.693432
v -9.532222 8.747009 40.485123
v -9.016498 11.774399 40.480621
v -10.215154 8.735386 40.689972
v -9.699430 11.762774 40.685471
v -10.192477 8.720949 40.477165
v -9.676753 11.748338 40.472664
v -9.944701 8.683412 36.000237
v -9.081070 6.359094 36.000237
v -9.944701 8.683410 36.213211
v -9.081070 6.359094 36.213211
v -10.608062 8.683410 36.000237
v -9.744433 6.359094 36.000237
v -10.608062 8.683410 36.213211
v -9.744433 6.359094 36.213211
v -10.297446 15.955202 36.003834
v -9.432264 11.711099 36.003834
v -10.297446 15.955202 36.216808
v -9.432264 11.711098 36.216805
v -10.960807 15.955202 36.003834
v -10.095628 11.711098 36.003834
v -10.960807 15.955202 36.216808
v -10.095628 11.711098 36.216805
v -9.954789 8.708581 36.224945
v -9.439065 11.735975 36.220444
v -9.932113 8.694149 36.012131
v -9.416389 11.721539 36.007633
v -10.615045 8.682525 36.216980
v -10.099322 11.709914 36.212482
v -10.592366 8.668088 36.004169
v -10.076646 11.695477 35.999672
v -9.910224 8.723686 37.500324
v -9.046593 6.399369 37.500324
v -9.910222 8.723684 37.713295
v -9.046593 6.399369 37.713295
v -10.573585 8.723684 37.500324
v -9.709956 6.399369 37.500324
v -10.573585 8.723684 37.713295
v -9.709956 6.399369 37.713295
v -10.262969 15.995480 37.503918
v -9.397787 11.751373 37.503918
v -10.262969 15.995478 37.716892
v -9.397787 11.751372 37.716892
v -10.926330 15.995478 37.503918
v -10.061151 11.751372 37.503918
v -10.926330 15.995478 37.716892
v -10.061151 11.751372 37.716892
v -9.920312 8.748856 37.725025
v -9.404588 11.776249 37.720528
v -9.897634 8.734422 37.512215
v -9.381911 11.761813 37.507717
v -10.580565 8.722799 37.717068
v -10.064845 11.750189 37.712570
v -10.557889 8.708363 37.504253
v -10.042169 11.735752 37.499752
v -9.964013 8.664183 36.971607
v -9.100381 6.339866 36.971607
v -9.964011 8.664181 37.184582
v -9.100381 6.339866 37.184582
v -10.627374 8.664181 36.971607
v -9.763744 6.339866 36.971607
v -10.627374 8.664181 37.184582
v -9.763744 6.339866 37.184582
v -9.807960 14.175435 36.975201
v -9.451575 11.691870 36.975201
v -9.807959 14.175434 37.188179
v -9.451575 11.691869 37.188179
v -10.471322 14.175434 36.975201
v -10.114940 11.691869 36.975201
v -10.471322 14.175434 37.188179
v -10.114940 11.691869 37.188179
v -9.974101 8.689352 37.196308
v -9.458376 11.716746 37.191811
v -9.951423 8.674919 36.983498
v -9.435699 11.702310 36.979004
v -10.634355 8.663296 37.188351
v -10.118634 11.690685 37.183853
v -10.611678 8.648859 36.975540
v -10.095956 11.676249 36.971039
v -9.847814 8.724977 36.491318
v -8.984183 6.400659 36.491318
v -9.847814 8.724975 36.704292
v -8.984183 6.400659 36.704292
v -10.511176 8.724975 36.491318
v -9.647547 6.400659 36.491318
v -10.511176 8.724975 36.704292
v -9.647547 6.400659 36.704292
v -10.086131 15.067139 36.508801
v -9.335378 11.752666 36.494907
v -10.086129 15.067136 36.721779
v -9.335378 11.752664 36.707882
v -10.749492 15.067136 36.508801
v -9.998742 11.752664 36.494907
v -10.749492 15.067136 36.721779
v -9.998742 11.752664 36.707882
v -9.857902 8.750147 36.716022
v -9.342178 11.777540 36.711521
v -9.835226 8.735714 36.503212
v -9.319502 11.763103 36.498711
v -10.518157 8.724091 36.708061
v -10.002437 11.751479 36.703564
v -10.495481 8.709653 36.495251
v -9.979758 11.737042 36.490749
vn -0.0531 0.0157 0.9985
vn -0.9985 0.0065 -0.0546
vn 0.0535 -0.0157 -0.9984
vn 0.9989 -0.0063 -0.0456
vn 0.0040 -1.0000 -0.0058
vn 0.0205 0.9985 -0.0499
vn -1.0000 -0.0010 0.0007
vn -0.0775 -0.0002 0.9970
vn 0.9981 -0.0612 -0.0007
vn 0.0731 -0.3147 -0.9464
vn 0.0016 1.0000 0.0007
vn -0.0016 -1.0000 -0.0005
vn -0.0035 1.0000 -0.0000
vn -0.0174 -0.0000 -0.9998
vn 0.9497 0.3131 -0.0008
vn 0.0035 -1.0000 -0.0000
vn -0.9497 -0.3131 0.0008
vn 0.0174 -0.0000 0.9998
vn 0.7708 0.6371 -0.0010
vn -0.0186 -0.0047 -0.9998
vn 0.9844 -0.1759 -0.0008
vn -0.7708 -0.6371 0.0010
vn -0.9844 0.1759 0.0008
vn 0.0185 0.0047 0.9998
vn -0.7823 -0.6229 0.0008
vn -0.0179 0.0023 -0.9998
vn -0.9837 -0.1797 0.0008
vn 0.7823 0.6229 -0.0008
vn 0.9837 0.1797 -0.0008
vn 0.0180 -0.0022 0.9998
vn -0.9994 -0.0334 0.0006
vn 0.1967 0.0089 -0.9804
vn -0.0004 1.0000 -0.0000
vn 0.9994 0.0334 -0.0006
vn 0.0004 -1.0000 -0.0000
vn -0.1967 -0.0090 0.9804
vn -0.9981 -0.0622 0.0004
vn 0.0018 -1.0000 -0.0000
vn -0.0000 -1.0000 -0.0000
vn 0.9960 0.0888 -0.0008
vn -0.9960 -0.0888 0.0008
vn -0.9837 -0.1797 0.0005
vn 0.7823 0.6229 -0.0009
vn 0.9837 0.1797 -0.0005
vn -0.9981 -0.0622 0.0012
vn 0.1008 0.0092 -0.9949
vn -0.0020 1.0000 0.0014
vn 0.9981 0.0622 -0.0012
vn 0.0020 -1.0000 -0.0014
vn -0.1008 -0.0092 0.9949
vn -0.9999 0.0123 0.0008
vn -0.0174 -0.0088 -0.9998
vn 0.9999 -0.0123 -0.0008
vn 0.0173 0.0088 0.9998
vn 1.0000 -0.0010 -0.0008
vn 0.0174 0.0001 0.9998
vn -0.9980 0.0634 0.0008
vn -0.0176 0.3108 -0.9503
vn -0.0035 1.0000 0.0002
vn 0.0011 1.0000 -0.0004
vn 0.0172 -0.0000 0.9999
vn -0.3025 -0.9532 0.0007
vn -0.6019 0.0012 -0.7986
vn 1.0000 -0.0020 -0.0009
vn -1.0000 0.0020 0.0010
vn -0.1615 -0.0195 0.9867
vn 0.1430 0.9897 -0.0038
vn 0.0063 0.0164 0.9998
vn -0.9985 0.0138 0.0524
vn -0.0196 -0.0162 -0.9997
vn 0.9933 0.0008 0.1154
vn 0.0567 -0.9976 0.0392
vn -0.0881 0.9954 -0.0375
vn -0.9374 -0.3483 -0.0000
vn -0.0000 -0.0000 -1.0000
vn 0.9374 0.3483 -0.0000
vn -0.0000 -0.0000 1.0000
vn -0.0000 1.0000 -0.0000
vn -0.9798 -0.1997 -0.0000
vn 0.9798 0.1997 -0.0000
vn -0.9802 0.1668 -0.1062
vn -0.0133 0.0039 0.9999
vn 0.9802 -0.1668 0.1063
vn 0.0133 -0.0039 -0.9999
vn -0.0385 0.9971 -0.0658
vn 0.0385 -0.9971 0.0658
vn -0.9899 -0.1420 -0.0000
vn 0.9899 0.1420 -0.0000
vn 0.9802 -0.1668 0.1062
vn -0.9753 -0.2209 -0.0000
vn -0.0000 0.0046 -1.0000
vn 0.9753 0.2209 -0.0000
vn -0.0000 -0.0046 1.0000
vn -0.9802 0.1668 -0.1063
vn -0.9792 0.1666 -0.1156
vn -0.0122 0.0036 0.9999
vn 0.9792 -0.1666 0.1156
vn 0.0122 -0.0036 -0.9999
vn -0.0385 0.9967 -0.0717
vn 0.0385 -0.9967 0.0717
vn 0.9792 -0.1666 0.1157
vn -0.0000 0.0042 -1.0000
vn -0.0000 -0.0042 1.0000
vn -0.9792 0.1666 -0.1157
vn -0.9798 -0.1998 -0.0000
vn 0.9798 0.1998 -0.0000
vn 0.0094 0.0222 0.9997
vn 0.0389 -0.0172 -0.9991
vn 0.9996 -0.0027 0.0267
vn 0.0035 -1.0000 -0.0079
vn 0.0026 1.0000 0.0083
vn 1.0000 0.0010 -0.0009
vn 0.1395 0.0002 -0.9902
vn -0.0118 -0.9999 -0.0007
vn 0.0186 0.0047 0.9998
vn -0.0180 0.0022 -0.9998
vn 0.0178 -0.0023 0.9998
vn -0.1968 -0.0089 0.9804
vn -0.7823 -0.6229 0.0009
vn -0.1008 -0.0091 0.9949
vn 0.0174 0.0088 0.9998
vn -1.0000 0.0010 0.0006
vn -0.0471 -0.0000 -0.9989
vn 0.0013 1.0000 -0.0000
vn 0.0173 -0.0000 0.9999
vn -0.0011 -1.0000 -0.0002
vn -0.0175 -0.0132 -0.9998
vn -1.0000 0.0029 0.0009
vn 0.1247 0.0049 0.9922
vn 0.8787 0.0534 0.4744
vn -0.2430 0.0024 0.9700
vn 0.0077 0.7953 0.6062
vn -0.1613 -0.0002 0.9869
vn 0.1967 0.2945 0.9352
vn -0.4752 0.0009 0.8799
vn 0.8463 0.2170 0.4866
vn -0.9953 -0.0023 0.0966
vn 0.2163 -0.0142 0.9762
vn -0.4433 -0.0813 0.8927
vn -0.0018 1.0000 -0.0000
vn 0.9981 0.0622 -0.0004
vn 0.0974 0.0255 0.9949
vn -0.1012 -0.0248 -0.9946
vn 0.9989 -0.0089 -0.0456
vn 0.0031 -0.9748 0.2233
vn -0.0689 0.9976 0.0088
vn -0.0385 0.9971 -0.0659
vt 0.375000 0.000000
vt 0.625000 0.250000
vt 0.375000 0.250000
vt 0.375000 0.500000
vt 0.625000 0.500000
vt 0.375000 0.750000
vt 0.625000 0.750000
vt 0.375000 1.000000
vt 0.125000 0.500000
vt 0.125000 0.750000
vt 0.875000 0.750000
vt 0.625000 0.000000
vt 0.875000 0.500000
vt 0.625000 1.000000
vt 0.000000 0.000000
s 0
g Cube.022_
usemtl 
f 1/1/1 4/2/1 3/3/1
f 4/2/2 7/4/2 3/3/2
f 8/5/3 5/6/3 7/4/3
f 6/7/4 1/8/4 5/6/4
f 3/9/5 5/6/5 1/10/5
f 8/5/6 2/11/6 6/7/6
f 55/1/39 58/2/39 57/3/39
f 57/3/39 62/5/39 61/4/39
f 61/4/39 60/7/39 59/6/39
f 59/6/39 56/14/39 55/8/39
f 57/9/39 59/6/39 55/10/39
f 62/5/39 56/11/39 60/7/39
f 64/12/40 65/3/40 63/1/40
f 66/2/18 69/4/18 65/3/18
f 69/4/41 68/7/41 67/6/41
f 67/6/14 64/14/14 63/8/14
f 65/9/16 67/6/16 63/10/16
f 66/13/13 68/7/13 70/5/13
f 72/12/40 73/3/40 71/1/40
f 74/2/18 77/4/18 73/3/18
f 77/4/41 76/7/41 75/6/41
f 75/6/14 72/14/14 71/8/14
f 73/9/16 75/6/16 71/10/16
f 74/13/13 76/7/13 78/5/13
f 80/12/40 81/3/40 79/1/40
f 82/2/18 85/4/18 81/3/18
f 85/4/41 84/7/41 83/6/41
f 83/6/14 80/14/14 79/8/14
f 81/9/16 83/6/16 79/10/16
f 82/13/13 84/7/13 86/5/13
f 88/12/40 89/3/40 87/1/40
f 90/2/18 93/4/18 89/3/18
f 93/4/41 92/7/41 91/6/41
f 91/6/14 88/14/14 87/8/14
f 89/9/16 91/6/16 87/10/16
f 90/13/13 92/7/13 94/5/13
f 112/12/40 113/3/40 111/1/40
f 114/2/18 117/4/18 113/3/18
f 117/4/41 116/7/41 115/6/41
f 115/6/14 112/14/14 111/8/14
f 113/9/16 115/6/16 111/10/16
f 114/13/13 116/7/13 118/5/13
f 120/12/40 121/3/40 119/1/40
f 122/2/18 125/4/18 121/3/18
f 125/4/41 124/7/41 123/6/41
f 123/6/14 120/14/14 119/8/14
f 121/9/16 123/6/16 119/10/16
f 122/13/13 124/7/13 126/5/13
f 128/12/40 129/3/40 127/1/40
f 130/2/18 133/4/18 129/3/18
f 133/4/41 132/7/41 131/6/41
f 131/6/14 128/14/14 127/8/14
f 129/9/16 131/6/16 127/10/16
f 130/13/13 132/7/13 134/5/13
f 136/12/40 137/3/40 135/1/40
f 138/2/18 141/4/18 137/3/18
f 141/4/41 140/7/41 139/6/41
f 139/6/14 136/14/14 135/8/14
f 137/9/16 139/6/16 135/10/16
f 138/13/13 140/7/13 142/5/13
f 152/12/51 153/3/51 151/1/51
f 154/2/52 157/4/52 153/3/52
f 157/4/53 156/7/53 155/6/53
f 155/6/54 152/14/54 151/8/54
f 153/9/16 155/6/16 151/10/16
f 154/13/13 156/7/13 158/5/13
f 159/1/55 162/2/55 161/3/55
f 161/3/56 166/5/56 165/4/56
f 165/4/57 164/7/57 163/6/57
f 164/7/58 159/8/58 163/6/58
f 161/9/16 163/6/16 159/10/16
f 162/13/59 164/7/59 166/5/59
f 175/1/68 178/2/68 177/3/68
f 177/3/69 182/5/69 181/4/69
f 182/5/70 179/6/70 181/4/70
f 180/7/71 175/8/71 179/6/71
f 181/4/72 175/10/72 177/9/72
f 178/13/73 180/7/73 182/5/73
f 1/1/107 2/12/107 4/2/107
f 4/2/2 8/5/2 7/4/2
f 8/5/108 6/7/108 5/6/108
f 6/7/109 2/14/109 1/8/109
f 3/9/110 7/4/110 5/6/110
f 8/5/111 4/13/111 2/11/111
f 55/1/39 56/12/39 58/2/39
f 57/3/39 58/2/39 62/5/39
f 61/4/39 62/5/39 60/7/39
f 59/6/39 60/7/39 56/14/39
f 57/9/39 61/4/39 59/6/39
f 62/5/39 58/13/39 56/11/39
f 64/12/40 66/2/40 65/3/40
f 66/2/18 70/5/18 69/4/18
f 69/4/41 70/5/41 68/7/41
f 67/6/14 68/7/14 64/14/14
f 65/9/16 69/4/16 67/6/16
f 66/13/13 64/11/13 68/7/13
f 72/12/40 74/2/40 73/3/40
f 74/2/18 78/5/18 77/4/18
f 77/4/41 78/5/41 76/7/41
f 75/6/14 76/7/14 72/14/14
f 73/9/16 77/4/16 75/6/16
f 74/13/13 72/11/13 76/7/13
f 80/12/40 82/2/40 81/3/40
f 82/2/18 86/5/18 85/4/18
f 85/4/41 86/5/41 84/7/41
f 83/6/14 84/7/14 80/14/14
f 81/9/16 85/4/16 83/6/16
f 82/13/13 80/11/13 84/7/13
f 88/12/40 90/2/40 89/3/40
f 90/2/18 94/5/18 93/4/18
f 93/4/41 94/5/41 92/7/41
f 91/6/14 92/7/14 88/14/14
f 89/9/16 93/4/16 91/6/16
f 90/13/13 88/11/13 92/7/13
f 112/12/40 114/2/40 113/3/40
f 114/2/18 118/5/18 117/4/18
f 117/4/41 118/5/41 116/7/41
f 115/6/14 116/7/14 112/14/14
f 113/9/16 117/4/16 115/6/16
f 114/13/13 112/11/13 116/7/13
f 120/12/40 122/2/40 121/3/40
f 122/2/18 126/5/18 125/4/18
f 125/4/41 126/5/41 124/7/41
f 123/6/14 124/7/14 120/14/14
f 121/9/16 125/4/16 123/6/16
f 122/13/13 120/11/13 124/7/13
f 128/12/40 130/2/40 129/3/40
f 130/2/18 134/5/18 133/4/18
f 133/4/41 134/5/41 132/7/41
f 131/6/14 132/7/14 128/14/14
f 129/9/16 133/4/16 131/6/16
f 130/13/13 128/11/13 132/7/13
f 136/12/40 138/2/40 137/3/40
f 138/2/18 142/5/18 141/4/18
f 141/4/41 142/5/41 140/7/41
f 139/6/14 140/7/14 136/14/14
f 137/9/16 141/4/16 139/6/16
f 138/13/13 136/11/13 140/7/13
f 152/12/51 154/2/51 153/3/51
f 154/2/52 158/5/52 157/4/52
f 157/4/53 158/5/53 156/7/53
f 155/6/121 156/7/121 152/14/121
f 153/9/16 157/4/16 155/6/16
f 154/13/13 152/11/13 156/7/13
f 159/1/55 160/12/55 162/2/55
f 161/3/56 162/2/56 166/5/56
f 165/4/122 166/5/122 164/7/122
f 164/7/123 160/14/123 159/8/123
f 161/9/16 165/4/16 163/6/16
f 162/13/124 160/11/124 164/7/124
f 175/1/142 176/12/142 178/2/142
f 177/3/69 178/2/69 182/5/69
f 182/5/143 180/7/143 179/6/143
f 180/7/144 176/14/144 175/8/144
f 181/4/145 179/6/145 175/10/145
f 178/13/146 176/11/146 180/7/146
g Cube.022_Material.001
usemtl Material.001
f 10/12/7 11/3/7 9/1/7
f 12/2/8 15/4/8 11/3/8
f 15/4/9 14/7/9 13/6/9
f 14/7/10 9/8/10 13/6/10
f 11/9/11 13/6/11 9/10/11
f 12/13/12 14/7/12 16/5/12
f 143/5/45 149/11/45 145/7/45
f 145/7/46 150/8/46 146/6/46
f 150/1/47 147/2/47 148/3/47
f 144/4/48 150/10/48 148/9/48
f 143/5/49 146/6/49 144/4/49
f 148/3/50 143/5/50 144/4/50
f 168/12/60 169/3/60 167/1/60
f 170/2/61 173/4/61 169/3/61
f 173/4/62 172/7/62 171/6/62
f 172/7/63 167/8/63 171/6/63
f 173/4/64 167/10/64 169/9/64
f 170/13/65 172/7/65 174/5/65
f 150/8/66 168/15/66 10/12/66
f 10/12/7 12/2/7 11/3/7
f 12/2/8 16/5/8 15/4/8
f 15/4/112 16/5/112 14/7/112
f 14/7/113 10/14/113 9/8/113
f 11/9/11 15/4/11 13/6/11
f 12/13/114 10/11/114 14/7/114
f 143/5/45 147/13/45 149/11/45
f 145/7/46 149/14/46 150/8/46
f 150/1/47 149/12/47 147/2/47
f 144/4/48 146/6/48 150/10/48
f 143/5/49 145/7/49 146/6/49
f 148/3/120 147/2/120 143/5/120
f 168/12/60 170/2/60 169/3/60
f 170/2/125 174/5/125 173/4/125
f 173/4/126 174/5/126 172/7/126
f 172/7/127 168/14/127 167/8/127
f 173/4/64 171/6/64 167/10/64
f 170/13/128 168/11/128 172/7/128
f 155/6/129 149/11/129 145/7/129
f 172/15/130 146/6/130 150/8/130
f 155/6/131 145/7/131 172/15/131
f 10/12/132 151/8/132 155/6/132
f 168/15/133 9/1/133 10/12/133
f 14/7/134 13/6/134 168/15/134
f 171/6/135 167/8/135 14/7/135
f 155/6/136 172/15/136 150/8/136
f 150/8/137 171/6/137 14/7/137
f 150/8/138 14/7/138 168/15/138
f 10/12/139 155/6/139 150/8/139
g Cube.022_Material
usemtl Material
f 21/13/13 19/7/13 17/5/13
f 20/6/14 23/14/14 24/8/14
f 23/12/15 22/3/15 24/1/15
f 22/9/16 20/6/16 24/10/16
f 18/4/17 19/7/17 20/6/17
f 21/2/18 18/4/18 22/3/18
f 29/13/19 27/7/19 25/5/19
f 28/6/20 31/14/20 32/8/20
f 32/1/21 29/2/21 30/3/21
f 30/9/22 28/6/22 32/10/22
f 25/5/23 28/6/23 26/4/23
f 29/2/24 26/4/24 30/3/24
f 33/5/25 39/11/25 35/7/25
f 36/6/26 39/14/26 40/8/26
f 40/1/27 37/2/27 38/3/27
f 34/4/28 40/10/28 38/9/28
f 33/5/29 36/6/29 34/4/29
f 37/2/30 34/4/30 38/3/30
f 41/5/31 47/11/31 43/7/31
f 43/7/32 48/8/32 44/6/32
f 48/1/33 45/2/33 46/3/33
f 42/4/34 48/10/34 46/9/34
f 41/5/35 44/6/35 42/4/35
f 46/3/36 41/5/36 42/4/36
f 49/5/37 54/11/37 51/7/37
f 101/14/26 98/6/26 97/7/26
f 49/5/38 52/6/38 50/4/38
f 102/1/42 99/2/42 100/3/42
f 96/4/43 102/10/43 100/9/43
f 95/5/44 98/6/44 96/4/44
f 103/5/31 109/11/31 105/7/31
f 105/7/32 110/8/32 106/6/32
f 110/1/33 107/2/33 108/3/33
f 104/4/34 110/10/34 108/9/34
f 103/5/35 106/6/35 104/4/35
f 51/7/67 53/2/67 50/4/67
f 21/13/13 23/11/13 19/7/13
f 20/6/14 19/7/14 23/14/14
f 23/12/15 21/2/15 22/3/15
f 22/9/16 18/4/16 20/6/16
f 18/4/17 17/5/17 19/7/17
f 21/2/18 17/5/18 18/4/18
f 29/13/19 31/11/19 27/7/19
f 28/6/20 27/7/20 31/14/20
f 32/1/21 31/12/21 29/2/21
f 30/9/22 26/4/22 28/6/22
f 25/5/23 27/7/23 28/6/23
f 29/2/115 25/5/115 26/4/115
f 33/5/25 37/13/25 39/11/25
f 36/6/116 35/7/116 39/14/116
f 40/1/27 39/12/27 37/2/27
f 34/4/28 36/6/28 40/10/28
f 33/5/29 35/7/29 36/6/29
f 37/2/117 33/5/117 34/4/117
f 41/5/31 45/13/31 47/11/31
f 43/7/32 47/14/32 48/8/32
f 48/1/33 47/12/33 45/2/33
f 42/4/34 44/6/34 48/10/34
f 41/5/35 43/7/35 44/6/35
f 46/3/118 45/2/118 41/5/118
f 49/5/37 53/13/37 54/11/37
f 97/7/119 95/5/119 99/13/119
f 101/14/116 102/8/116 98/6/116
f 97/7/119 99/13/119 101/14/119
f 49/5/38 51/7/38 52/6/38
f 102/1/42 101/12/42 99/2/42
f 96/4/43 98/6/43 102/10/43
f 95/5/44 97/7/44 98/6/44
f 103/5/31 107/13/31 109/11/31
f 105/7/32 109/14/32 110/8/32
f 110/1/33 109/12/33 107/2/33
f 104/4/34 106/6/34 110/10/34
f 103/5/35 105/7/35 106/6/35
f 50/4/140 52/6/140 51/7/140
f 51/7/141 54/12/141 53/2/141
g Cube.022_Material.005
usemtl Material.005
f 184/12/74 185/3/74 183/1/74
f 185/3/75 190/5/75 189/4/75
f 190/5/76 187/6/76 189/4/76
f 188/7/77 183/8/77 187/6/77
f 189/4/39 183/10/39 185/9/39
f 186/13/78 188/7/78 190/5/78
f 208/12/74 209/3/74 207/1/74
f 209/3/75 214/5/75 213/4/75
f 214/5/76 211/6/76 213/4/76
f 212/7/77 207/8/77 211/6/77
f 213/4/39 207/10/39 209/9/39
f 210/13/78 212/7/78 214/5/78
f 232/12/74 233/3/74 231/1/74
f 233/3/75 238/5/75 237/4/75
f 238/5/76 235/6/76 237/4/76
f 236/7/77 231/8/77 235/6/77
f 237/4/39 231/10/39 233/9/39
f 234/13/78 236/7/78 238/5/78
f 256/12/74 257/3/74 255/1/74
f 257/3/75 262/5/75 261/4/75
f 262/5/76 259/6/76 261/4/76
f 260/7/77 255/8/77 259/6/77
f 261/4/39 255/10/39 257/9/39
f 258/13/78 260/7/78 262/5/78
f 280/12/74 281/3/74 279/1/74
f 281/3/75 286/5/75 285/4/75
f 286/5/76 283/6/76 285/4/76
f 284/7/77 279/8/77 283/6/77
f 285/4/39 279/10/39 281/9/39
f 282/13/78 284/7/78 286/5/78
f 304/12/74 305/3/74 303/1/74
f 305/3/75 310/5/75 309/4/75
f 310/5/76 307/6/76 309/4/76
f 308/7/77 303/8/77 307/6/77
f 309/4/39 303/10/39 305/9/39
f 306/13/78 308/7/78 310/5/78
f 328/12/74 329/3/74 327/1/74
f 329/3/75 334/5/75 333/4/75
f 334/5/76 331/6/76 333/4/76
f 332/7/77 327/8/77 331/6/77
f 333/4/39 327/10/39 329/9/39
f 330/13/78 332/7/78 334/5/78
f 352/12/74 353/3/74 351/1/74
f 353/3/75 358/5/75 357/4/75
f 358/5/76 355/6/76 357/4/76
f 356/7/77 351/8/77 355/6/77
f 357/4/39 351/10/39 353/9/39
f 354/13/78 356/7/78 358/5/78
f 376/12/74 377/3/74 375/1/74
f 377/3/75 382/5/75 381/4/75
f 382/5/76 379/6/76 381/4/76
f 380/7/77 375/8/77 379/6/77
f 381/4/39 375/10/39 377/9/39
f 378/13/78 380/7/78 382/5/78
f 400/12/74 401/3/74 399/1/74
f 401/3/75 406/5/75 405/4/75
f 406/5/76 403/6/76 405/4/76
f 404/7/77 399/8/77 403/6/77
f 405/4/39 399/10/39 401/9/39
f 402/13/78 404/7/78 406/5/78
f 424/12/74 425/3/74 423/1/74
f 425/3/75 430/5/75 429/4/75
f 430/5/76 427/6/76 429/4/76
f 428/7/77 423/8/77 427/6/77
f 429/4/39 423/10/39 425/9/39
f 426/13/78 428/7/78 430/5/78
f 448/12/74 449/3/74 447/1/74
f 449/3/75 454/5/75 453/4/75
f 454/5/76 451/6/76 453/4/76
f 452/7/77 447/8/77 451/6/77
f 453/4/39 447/10/39 449/9/39
f 450/13/78 452/7/78 454/5/78
f 472/12/74 473/3/74 471/1/74
f 473/3/75 478/5/75 477/4/75
f 478/5/76 475/6/76 477/4/76
f 476/7/77 471/8/77 475/6/77
f 477/4/39 471/10/39 473/9/39
f 474/13/78 476/7/78 478/5/78
f 496/12/74 497/3/74 495/1/74
f 497/3/75 502/5/75 501/4/75
f 502/5/76 499/6/76 501/4/76
f 500/7/77 495/8/77 499/6/77
f 501/4/39 495/10/39 497/9/39
f 498/13/78 500/7/78 502/5/78
f 520/12/74 521/3/74 519/1/74
f 521/3/75 526/5/75 525/4/75
f 526/5/76 523/6/76 525/4/76
f 524/7/77 519/8/77 523/6/77
f 525/4/39 519/10/39 521/9/39
f 522/13/78 524/7/78 526/5/78
f 544/12/74 545/3/74 543/1/74
f 545/3/75 550/5/75 549/4/75
f 550/5/76 547/6/76 549/4/76
f 548/7/77 543/8/77 547/6/77
f 549/4/39 543/10/39 545/9/39
f 546/13/78 548/7/78 550/5/78
f 568/12/74 569/3/74 567/1/74
f 569/3/75 574/5/75 573/4/75
f 574/5/76 571/6/76 573/4/76
f 572/7/77 567/8/77 571/6/77
f 573/4/39 567/10/39 569/9/39
f 570/13/78 572/7/78 574/5/78
f 592/12/74 593/3/74 591/1/74
f 593/3/75 598/5/75 597/4/75
f 598/5/76 595/6/76 597/4/76
f 596/7/77 591/8/77 595/6/77
f 597/4/39 591/10/39 593/9/39
f 594/13/78 596/7/78 598/5/78
f 616/12/74 617/3/74 615/1/74
f 617/3/75 622/5/75 621/4/75
f 622/5/76 619/6/76 621/4/76
f 620/7/77 615/8/77 619/6/77
f 621/4/39 615/10/39 617/9/39
f 618/13/78 620/7/78 622/5/78
f 640/12/74 641/3/74 639/1/74
f 641/3/75 646/5/75 645/4/75
f 646/5/76 643/6/76 645/4/76
f 644/7/77 639/8/77 643/6/77
f 645/4/39 639/10/39 641/9/39
f 642/13/78 644/7/78 646/5/78
f 664/12/74 665/3/74 663/1/74
f 665/3/75 670/5/75 669/4/75
f 670/5/76 667/6/76 669/4/76
f 668/7/77 663/8/77 667/6/77
f 669/4/39 663/10/39 665/9/39
f 666/13/78 668/7/78 670/5/78
f 688/12/74 689/3/74 687/1/74
f 689/3/75 694/5/75 693/4/75
f 694/5/76 691/6/76 693/4/76
f 692/7/77 687/8/77 691/6/77
f 693/4/39 687/10/39 689/9/39
f 690/13/78 692/7/78 694/5/78
f 712/12/74 713/3/74 711/1/74
f 713/3/75 718/5/75 717/4/75
f 718/5/76 715/6/76 717/4/76
f 716/7/77 711/8/77 715/6/77
f 717/4/39 711/10/39 713/9/39
f 714/13/78 716/7/78 718/5/78
f 736/12/74 737/3/74 735/1/74
f 737/3/75 742/5/75 741/4/75
f 742/5/76 739/6/76 741/4/76
f 740/7/77 735/8/77 739/6/77
f 741/4/39 735/10/39 737/9/39
f 738/13/78 740/7/78 742/5/78
f 760/12/74 761/3/74 759/1/74
f 761/3/75 766/5/75 765/4/75
f 766/5/76 763/6/76 765/4/76
f 764/7/77 759/8/77 763/6/77
f 765/4/39 759/10/39 761/9/39
f 762/13/78 764/7/78 766/5/78
f 784/12/74 785/3/74 783/1/74
f 785/3/75 790/5/75 789/4/75
f 790/5/76 787/6/76 789/4/76
f 788/7/77 783/8/77 787/6/77
f 789/4/39 783/10/39 785/9/39
f 786/13/78 788/7/78 790/5/78
f 808/12/74 809/3/74 807/1/74
f 809/3/75 814/5/75 813/4/75
f 814/5/76 811/6/76 813/4/76
f 812/7/77 807/8/77 811/6/77
f 813/4/39 807/10/39 809/9/39
f 810/13/78 812/7/78 814/5/78
f 832/12/74 833/3/74 831/1/74
f 833/3/75 838/5/75 837/4/75
f 838/5/76 835/6/76 837/4/76
f 836/7/77 831/8/77 835/6/77
f 837/4/39 831/10/39 833/9/39
f 834/13/78 836/7/78 838/5/78
f 856/12/74 857/3/74 855/1/74
f 857/3/75 862/5/75 861/4/75
f 862/5/76 859/6/76 861/4/76
f 860/7/77 855/8/77 859/6/77
f 861/4/39 855/10/39 857/9/39
f 858/13/78 860/7/78 862/5/78
f 880/12/74 881/3/74 879/1/74
f 881/3/75 886/5/75 885/4/75
f 886/5/76 883/6/76 885/4/76
f 884/7/77 879/8/77 883/6/77
f 885/4/39 879/10/39 881/9/39
f 882/13/78 884/7/78 886/5/78
f 904/12/74 905/3/74 903/1/74
f 905/3/75 910/5/75 909/4/75
f 910/5/76 907/6/76 909/4/76
f 908/7/77 903/8/77 907/6/77
f 909/4/39 903/10/39 905/9/39
f 906/13/78 908/7/78 910/5/78
f 928/12/74 929/3/74 927/1/74
f 929/3/75 934/5/75 933/4/75
f 934/5/76 931/6/76 933/4/76
f 932/7/77 927/8/77 931/6/77
f 933/4/39 927/10/39 929/9/39
f 930/13/78 932/7/78 934/5/78
f 952/12/74 953/3/74 951/1/74
f 953/3/75 958/5/75 957/4/75
f 958/5/76 955/6/76 957/4/76
f 956/7/77 951/8/77 955/6/77
f 957/4/39 951/10/39 953/9/39
f 954/13/78 956/7/78 958/5/78
f 976/12/74 977/3/74 975/1/74
f 977/3/75 982/5/75 981/4/75
f 982/5/76 979/6/76 981/4/76
f 980/7/77 975/8/77 979/6/77
f 981/4/39 975/10/39 977/9/39
f 978/13/78 980/7/78 982/5/78
f 1000/12/74 1001/3/74 999/1/74
f 1001/3/75 1006/5/75 1005/4/75
f 1006/5/76 1003/6/76 1005/4/76
f 1004/7/77 999/8/77 1003/6/77
f 1005/4/39 999/10/39 1001/9/39
f 1002/13/78 1004/7/78 1006/5/78
f 1024/12/74 1025/3/74 1023/1/74
f 1025/3/75 1030/5/75 1029/4/75
f 1030/5/76 1027/6/76 1029/4/76
f 1028/7/77 1023/8/77 1027/6/77
f 1029/4/39 1023/10/39 1025/9/39
f 1026/13/78 1028/7/78 1030/5/78
f 1048/12/74 1049/3/74 1047/1/74
f 1049/3/75 1054/5/75 1053/4/75
f 1054/5/76 1051/6/76 1053/4/76
f 1052/7/77 1047/8/77 1051/6/77
f 1053/4/39 1047/10/39 1049/9/39
f 1050/13/78 1052/7/78 1054/5/78
f 1072/12/74 1073/3/74 1071/1/74
f 1073/3/75 1078/5/75 1077/4/75
f 1078/5/76 1075/6/76 1077/4/76
f 1076/7/77 1071/8/77 1075/6/77
f 1077/4/39 1071/10/39 1073/9/39
f 1074/13/78 1076/7/78 1078/5/78
f 1096/12/74 1097/3/74 1095/1/74
f 1097/3/75 1102/5/75 1101/4/75
f 1102/5/76 1099/6/76 1101/4/76
f 1100/7/77 1095/8/77 1099/6/77
f 1101/4/39 1095/10/39 1097/9/39
f 1098/13/78 1100/7/78 1102/5/78
f 1120/12/74 1121/3/74 1119/1/74
f 1121/3/75 1126/5/75 1125/4/75
f 1126/5/76 1123/6/76 1125/4/76
f 1124/7/77 1119/8/77 1123/6/77
f 1125/4/39 1119/10/39 1121/9/39
f 1122/13/78 1124/7/78 1126/5/78
f 1144/12/74 1145/3/74 1143/1/74
f 1145/3/75 1150/5/75 1149/4/75
f 1150/5/76 1147/6/76 1149/4/76
f 1148/7/77 1143/8/77 1147/6/77
f 1149/4/39 1143/10/39 1145/9/39
f 1146/13/78 1148/7/78 1150/5/78
f 1168/12/74 1169/3/74 1167/1/74
f 1169/3/75 1174/5/75 1173/4/75
f 1174/5/76 1171/6/76 1173/4/76
f 1172/7/77 1167/8/77 1171/6/77
f 1173/4/39 1167/10/39 1169/9/39
f 1170/13/78 1172/7/78 1174/5/78
f 1192/12/74 1193/3/74 1191/1/74
f 1193/3/75 1198/5/75 1197/4/75
f 1198/5/76 1195/6/76 1197/4/76
f 1196/7/77 1191/8/77 1195/6/77
f 1197/4/39 1191/10/39 1193/9/39
f 1194/13/78 1196/7/78 1198/5/78
f 1216/12/74 1217/3/74 1215/1/74
f 1217/3/75 1222/5/75 1221/4/75
f 1222/5/76 1219/6/76 1221/4/76
f 1220/7/77 1215/8/77 1219/6/77
f 1221/4/39 1215/10/39 1217/9/39
f 1218/13/78 1220/7/78 1222/5/78
f 1240/12/74 1241/3/74 1239/1/74
f 1241/3/75 1246/5/75 1245/4/75
f 1246/5/76 1243/6/76 1245/4/76
f 1244/7/77 1239/8/77 1243/6/77
f 1245/4/39 1239/10/39 1241/9/39
f 1242/13/78 1244/7/78 1246/5/78
f 1264/12/74 1265/3/74 1263/1/74
f 1265/3/75 1270/5/75 1269/4/75
f 1270/5/76 1267/6/76 1269/4/76
f 1268/7/77 1263/8/77 1267/6/77
f 1269/4/39 1263/10/39 1265/9/39
f 1266/13/78 1268/7/78 1270/5/78
f 1288/12/74 1289/3/74 1287/1/74
f 1289/3/75 1294/5/75 1293/4/75
f 1294/5/76 1291/6/76 1293/4/76
f 1292/7/77 1287/8/77 1291/6/77
f 1293/4/39 1287/10/39 1289/9/39
f 1290/13/78 1292/7/78 1294/5/78
f 1312/12/74 1313/3/74 1311/1/74
f 1313/3/75 1318/5/75 1317/4/75
f 1318/5/76 1315/6/76 1317/4/76
f 1316/7/77 1311/8/77 1315/6/77
f 1317/4/39 1311/10/39 1313/9/39
f 1314/13/78 1316/7/78 1318/5/78
f 1336/12/74 1337/3/74 1335/1/74
f 1337/3/75 1342/5/75 1341/4/75
f 1342/5/76 1339/6/76 1341/4/76
f 1340/7/77 1335/8/77 1339/6/77
f 1341/4/39 1335/10/39 1337/9/39
f 1338/13/78 1340/7/78 1342/5/78
f 1360/12/74 1361/3/74 1359/1/74
f 1361/3/75 1366/5/75 1365/4/75
f 1366/5/76 1363/6/76 1365/4/76
f 1364/7/77 1359/8/77 1363/6/77
f 1365/4/39 1359/10/39 1361/9/39
f 1362/13/78 1364/7/78 1366/5/78
f 1384/12/74 1385/3/74 1383/1/74
f 1385/3/75 1390/5/75 1389/4/75
f 1390/5/76 1387/6/76 1389/4/76
f 1388/7/77 1383/8/77 1387/6/77
f 1389/4/39 1383/10/39 1385/9/39
f 1386/13/78 1388/7/78 1390/5/78
f 1408/12/74 1409/3/74 1407/1/74
f 1409/3/75 1414/5/75 1413/4/75
f 1414/5/76 1411/6/76 1413/4/76
f 1412/7/77 1407/8/77 1411/6/77
f 1413/4/39 1407/10/39 1409/9/39
f 1410/13/78 1412/7/78 1414/5/78
f 1432/12/74 1433/3/74 1431/1/74
f 1433/3/75 1438/5/75 1437/4/75
f 1438/5/76 1435/6/76 1437/4/76
f 1436/7/77 1431/8/77 1435/6/77
f 1437/4/39 1431/10/39 1433/9/39
f 1434/13/78 1436/7/78 1438/5/78
f 1456/12/74 1457/3/74 1455/1/74
f 1457/3/75 1462/5/75 1461/4/75
f 1462/5/76 1459/6/76 1461/4/76
f 1460/7/77 1455/8/77 1459/6/77
f 1461/4/39 1455/10/39 1457/9/39
f 1458/13/78 1460/7/78 1462/5/78
f 1480/12/74 1481/3/74 1479/1/74
f 1481/3/75 1486/5/75 1485/4/75
f 1486/5/76 1483/6/76 1485/4/76
f 1484/7/77 1479/8/77 1483/6/77
f 1485/4/39 1479/10/39 1481/9/39
f 1482/13/78 1484/7/78 1486/5/78
f 1504/12/74 1505/3/74 1503/1/74
f 1505/3/75 1510/5/75 1509/4/75
f 1510/5/76 1507/6/76 1509/4/76
f 1508/7/77 1503/8/77 1507/6/77
f 1509/4/39 1503/10/39 1505/9/39
f 1506/13/78 1508/7/78 1510/5/78
f 1528/12/74 1529/3/74 1527/1/74
f 1529/3/75 1534/5/75 1533/4/75
f 1534/5/76 1531/6/76 1533/4/76
f 1532/7/77 1527/8/77 1531/6/77
f 1533/4/39 1527/10/39 1529/9/39
f 1530/13/78 1532/7/78 1534/5/78
f 1552/12/74 1553/3/74 1551/1/74
f 1553/3/75 1558/5/75 1557/4/75
f 1558/5/76 1555/6/76 1557/4/76
f 1556/7/77 1551/8/77 1555/6/77
f 1557/4/39 1551/10/39 1553/9/39
f 1554/13/78 1556/7/78 1558/5/78
f 1576/12/74 1577/3/74 1575/1/74
f 1577/3/75 1582/5/75 1581/4/75
f 1582/5/76 1579/6/76 1581/4/76
f 1580/7/77 1575/8/77 1579/6/77
f 1581/4/39 1575/10/39 1577/9/39
f 1578/13/78 1580/7/78 1582/5/78
f 1600/12/74 1601/3/74 1599/1/74
f 1601/3/75 1606/5/75 1605/4/75
f 1606/5/76 1603/6/76 1605/4/76
f 1604/7/77 1599/8/77 1603/6/77
f 1605/4/39 1599/10/39 1601/9/39
f 1602/13/78 1604/7/78 1606/5/78
f 1624/12/74 1625/3/74 1623/1/74
f 1625/3/75 1630/5/75 1629/4/75
f 1630/5/76 1627/6/76 1629/4/76
f 1628/7/77 1623/8/77 1627/6/77
f 1629/4/39 1623/10/39 1625/9/39
f 1626/13/78 1628/7/78 1630/5/78
f 1648/12/74 1649/3/74 1647/1/74
f 1649/3/75 1654/5/75 1653/4/75
f 1654/5/76 1651/6/76 1653/4/76
f 1652/7/77 1647/8/77 1651/6/77
f 1653/4/39 1647/10/39 1649/9/39
f 1650/13/78 1652/7/78 1654/5/78
f 1672/12/74 1673/3/74 1671/1/74
f 1673/3/75 1678/5/75 1677/4/75
f 1678/5/76 1675/6/76 1677/4/76
f 1676/7/77 1671/8/77 1675/6/77
f 1677/4/39 1671/10/39 1673/9/39
f 1674/13/78 1676/7/78 1678/5/78
f 1696/12/74 1697/3/74 1695/1/74
f 1697/3/75 1702/5/75 1701/4/75
f 1702/5/76 1699/6/76 1701/4/76
f 1700/7/77 1695/8/77 1699/6/77
f 1701/4/39 1695/10/39 1697/9/39
f 1698/13/78 1700/7/78 1702/5/78
f 1720/12/74 1721/3/74 1719/1/74
f 1721/3/75 1726/5/75 1725/4/75
f 1726/5/76 1723/6/76 1725/4/76
f 1724/7/77 1719/8/77 1723/6/77
f 1725/4/39 1719/10/39 1721/9/39
f 1722/13/78 1724/7/78 1726/5/78
f 1744/12/74 1745/3/74 1743/1/74
f 1745/3/75 1750/5/75 1749/4/75
f 1750/5/76 1747/6/76 1749/4/76
f 1748/7/77 1743/8/77 1747/6/77
f 1749/4/39 1743/10/39 1745/9/39
f 1746/13/78 1748/7/78 1750/5/78
f 1768/12/74 1769/3/74 1767/1/74
f 1769/3/75 1774/5/75 1773/4/75
f 1773/4/76 1772/7/76 1771/6/76
f 1772/7/77 1767/8/77 1771/6/77
f 1773/4/39 1767/10/39 1769/9/39
f 1770/13/78 1772/7/78 1774/5/78
f 1792/12/74 1793/3/74 1791/1/74
f 1793/3/75 1798/5/75 1797/4/75
f 1798/5/76 1795/6/76 1797/4/76
f 1796/7/77 1791/8/77 1795/6/77
f 1797/4/39 1791/10/39 1793/9/39
f 1794/13/78 1796/7/78 1798/5/78
f 1816/12/74 1817/3/74 1815/1/74
f 1817/3/75 1822/5/75 1821/4/75
f 1822/5/76 1819/6/76 1821/4/76
f 1820/7/77 1815/8/77 1819/6/77
f 1821/4/39 1815/10/39 1817/9/39
f 1818/13/78 1820/7/78 1822/5/78
f 1840/12/74 1841/3/74 1839/1/74
f 1841/3/75 1846/5/75 1845/4/75
f 1846/5/76 1843/6/76 1845/4/76
f 1844/7/77 1839/8/77 1843/6/77
f 1845/4/39 1839/10/39 1841/9/39
f 1842/13/78 1844/7/78 1846/5/78
f 1864/12/74 1865/3/74 1863/1/74
f 1865/3/75 1870/5/75 1869/4/75
f 1870/5/76 1867/6/76 1869/4/76
f 1868/7/77 1863/8/77 1867/6/77
f 1869/4/39 1863/10/39 1865/9/39
f 1866/13/78 1868/7/78 1870/5/78
f 1888/12/74 1889/3/74 1887/1/74
f 1889/3/75 1894/5/75 1893/4/75
f 1894/5/76 1891/6/76 1893/4/76
f 1892/7/77 1887/8/77 1891/6/77
f 1893/4/39 1887/10/39 1889/9/39
f 1890/13/78 1892/7/78 1894/5/78
f 1912/12/74 1913/3/74 1911/1/74
f 1913/3/75 1918/5/75 1917/4/75
f 1918/5/76 1915/6/76 1917/4/76
f 1916/7/77 1911/8/77 1915/6/77
f 1917/4/39 1911/10/39 1913/9/39
f 1914/13/78 1916/7/78 1918/5/78
f 1936/12/74 1937/3/74 1935/1/74
f 1937/3/75 1942/5/75 1941/4/75
f 1942/5/76 1939/6/76 1941/4/76
f 1940/7/77 1935/8/77 1939/6/77
f 1941/4/39 1935/10/39 1937/9/39
f 1938/13/78 1940/7/78 1942/5/78
f 1960/12/74 1961/3/74 1959/1/74
f 1961/3/75 1966/5/75 1965/4/75
f 1966/5/76 1963/6/76 1965/4/76
f 1964/7/77 1959/8/77 1963/6/77
f 1965/4/39 1959/10/39 1961/9/39
f 1962/13/78 1964/7/78 1966/5/78
f 1984/12/74 1985/3/74 1983/1/74
f 1985/3/75 1990/5/75 1989/4/75
f 1990/5/76 1987/6/76 1989/4/76
f 1988/7/77 1983/8/77 1987/6/77
f 1989/4/39 1983/10/39 1985/9/39
f 1986/13/78 1988/7/78 1990/5/78
f 2008/12/74 2009/3/74 2007/1/74
f 2009/3/75 2014/5/75 2013/4/75
f 2014/5/76 2011/6/76 2013/4/76
f 2012/7/77 2007/8/77 2011/6/77
f 2013/4/39 2007/10/39 2009/9/39
f 2010/13/78 2012/7/78 2014/5/78
f 2032/12/74 2033/3/74 2031/1/74
f 2033/3/75 2038/5/75 2037/4/75
f 2038/5/76 2035/6/76 2037/4/76
f 2036/7/77 2031/8/77 2035/6/77
f 2037/4/39 2031/10/39 2033/9/39
f 2034/13/78 2036/7/78 2038/5/78
f 2056/12/74 2057/3/74 2055/1/74
f 2057/3/75 2062/5/75 2061/4/75
f 2062/5/76 2059/6/76 2061/4/76
f 2060/7/77 2055/8/77 2059/6/77
f 2061/4/39 2055/10/39 2057/9/39
f 2058/13/78 2060/7/78 2062/5/78
f 2080/12/74 2081/3/74 2079/1/74
f 2081/3/75 2086/5/75 2085/4/75
f 2086/5/76 2083/6/76 2085/4/76
f 2084/7/77 2079/8/77 2083/6/77
f 2085/4/39 2079/10/39 2081/9/39
f 2082/13/78 2084/7/78 2086/5/78
f 2104/12/74 2105/3/74 2103/1/74
f 2105/3/75 2110/5/75 2109/4/75
f 2110/5/76 2107/6/76 2109/4/76
f 2108/7/77 2103/8/77 2107/6/77
f 2109/4/39 2103/10/39 2105/9/39
f 2106/13/78 2108/7/78 2110/5/78
f 2128/12/74 2129/3/74 2127/1/74
f 2129/3/75 2134/5/75 2133/4/75
f 2134/5/76 2131/6/76 2133/4/76
f 2132/7/77 2127/8/77 2131/6/77
f 2133/4/39 2127/10/39 2129/9/39
f 2130/13/78 2132/7/78 2134/5/78
f 2152/12/74 2153/3/74 2151/1/74
f 2153/3/75 2158/5/75 2157/4/75
f 2158/5/76 2155/6/76 2157/4/76
f 2156/7/77 2151/8/77 2155/6/77
f 2157/4/39 2151/10/39 2153/9/39
f 2154/13/78 2156/7/78 2158/5/78
f 2176/12/74 2177/3/74 2175/1/74
f 2177/3/75 2182/5/75 2181/4/75
f 2182/5/76 2179/6/76 2181/4/76
f 2180/7/77 2175/8/77 2179/6/77
f 2181/4/39 2175/10/39 2177/9/39
f 2178/13/78 2180/7/78 2182/5/78
f 2200/12/74 2201/3/74 2199/1/74
f 2201/3/75 2206/5/75 2205/4/75
f 2206/5/76 2203/6/76 2205/4/76
f 2204/7/77 2199/8/77 2203/6/77
f 2205/4/39 2199/10/39 2201/9/39
f 2202/13/78 2204/7/78 2206/5/78
f 2224/12/74 2225/3/74 2223/1/74
f 2225/3/75 2230/5/75 2229/4/75
f 2230/5/76 2227/6/76 2229/4/76
f 2228/7/77 2223/8/77 2227/6/77
f 2229/4/39 2223/10/39 2225/9/39
f 2226/13/78 2228/7/78 2230/5/78
f 2248/12/74 2249/3/74 2247/1/74
f 2249/3/75 2254/5/75 2253/4/75
f 2254/5/76 2251/6/76 2253/4/76
f 2252/7/77 2247/8/77 2251/6/77
f 2253/4/39 2247/10/39 2249/9/39
f 2250/13/78 2252/7/78 2254/5/78
f 2272/12/74 2273/3/74 2271/1/74
f 2273/3/75 2278/5/75 2277/4/75
f 2278/5/76 2275/6/76 2277/4/76
f 2276/7/77 2271/8/77 2275/6/77
f 2277/4/39 2271/10/39 2273/9/39
f 2274/13/78 2276/7/78 2278/5/78
f 2296/12/74 2297/3/74 2295/1/74
f 2297/3/75 2302/5/75 2301/4/75
f 2302/5/76 2299/6/76 2301/4/76
f 2300/7/77 2295/8/77 2299/6/77
f 2301/4/39 2295/10/39 2297/9/39
f 2298/13/78 2300/7/78 2302/5/78
f 2320/12/74 2321/3/74 2319/1/74
f 2321/3/75 2326/5/75 2325/4/75
f 2326/5/76 2323/6/76 2325/4/76
f 2324/7/77 2319/8/77 2323/6/77
f 2325/4/39 2319/10/39 2321/9/39
f 2322/13/78 2324/7/78 2326/5/78
f 2344/12/74 2345/3/74 2343/1/74
f 2345/3/75 2350/5/75 2349/4/75
f 2350/5/76 2347/6/76 2349/4/76
f 2348/7/77 2343/8/77 2347/6/77
f 2349/4/39 2343/10/39 2345/9/39
f 2346/13/78 2348/7/78 2350/5/78
f 2368/12/74 2369/3/74 2367/1/74
f 2369/3/75 2374/5/75 2373/4/75
f 2374/5/76 2371/6/76 2373/4/76
f 2372/7/77 2367/8/77 2371/6/77
f 2373/4/39 2367/10/39 2369/9/39
f 2370/13/78 2372/7/78 2374/5/78
f 2392/12/74 2393/3/74 2391/1/74
f 2393/3/75 2398/5/75 2397/4/75
f 2398/5/76 2395/6/76 2397/4/76
f 2396/7/77 2391/8/77 2395/6/77
f 2397/4/39 2391/10/39 2393/9/39
f 2394/13/78 2396/7/78 2398/5/78
f 2416/12/74 2417/3/74 2415/1/74
f 2417/3/75 2422/5/75 2421/4/75
f 2422/5/76 2419/6/76 2421/4/76
f 2420/7/77 2415/8/77 2419/6/77
f 2421/4/39 2415/10/39 2417/9/39
f 2418/13/78 2420/7/78 2422/5/78
f 2440/12/74 2441/3/74 2439/1/74
f 2441/3/75 2446/5/75 2445/4/75
f 2446/5/76 2443/6/76 2445/4/76
f 2444/7/77 2439/8/77 2443/6/77
f 2445/4/39 2439/10/39 2441/9/39
f 2442/13/78 2444/7/78 2446/5/78
f 2464/12/74 2465/3/74 2463/1/74
f 2465/3/75 2470/5/75 2469/4/75
f 2470/5/76 2467/6/76 2469/4/76
f 2468/7/77 2463/8/77 2467/6/77
f 2469/4/39 2463/10/39 2465/9/39
f 2466/13/78 2468/7/78 2470/5/78
f 2488/12/74 2489/3/74 2487/1/74
f 2489/3/75 2494/5/75 2493/4/75
f 2494/5/76 2491/6/76 2493/4/76
f 2492/7/77 2487/8/77 2491/6/77
f 2493/4/39 2487/10/39 2489/9/39
f 2490/13/78 2492/7/78 2494/5/78
f 2512/12/74 2513/3/74 2511/1/74
f 2513/3/75 2518/5/75 2517/4/75
f 2518/5/76 2515/6/76 2517/4/76
f 2516/7/77 2511/8/77 2515/6/77
f 2517/4/39 2511/10/39 2513/9/39
f 2514/13/78 2516/7/78 2518/5/78
f 2536/12/74 2537/3/74 2535/1/74
f 2537/3/75 2542/5/75 2541/4/75
f 2542/5/76 2539/6/76 2541/4/76
f 2540/7/77 2535/8/77 2539/6/77
f 2541/4/39 2535/10/39 2537/9/39
f 2538/13/78 2540/7/78 2542/5/78
f 2560/12/74 2561/3/74 2559/1/74
f 2561/3/75 2566/5/75 2565/4/75
f 2566/5/76 2563/6/76 2565/4/76
f 2564/7/77 2559/8/77 2563/6/77
f 2565/4/39 2559/10/39 2561/9/39
f 2562/13/78 2564/7/78 2566/5/78
f 2584/12/74 2585/3/74 2583/1/74
f 2585/3/75 2590/5/75 2589/4/75
f 2590/5/76 2587/6/76 2589/4/76
f 2588/7/77 2583/8/77 2587/6/77
f 2589/4/39 2583/10/39 2585/9/39
f 2586/13/78 2588/7/78 2590/5/78
f 2608/12/74 2609/3/74 2607/1/74
f 2609/3/75 2614/5/75 2613/4/75
f 2614/5/76 2611/6/76 2613/4/76
f 2612/7/77 2607/8/77 2611/6/77
f 2613/4/39 2607/10/39 2609/9/39
f 2610/13/78 2612/7/78 2614/5/78
f 2632/12/74 2633/3/74 2631/1/74
f 2633/3/75 2638/5/75 2637/4/75
f 2638/5/76 2635/6/76 2637/4/76
f 2636/7/77 2631/8/77 2635/6/77
f 2637/4/39 2631/10/39 2633/9/39
f 2634/13/78 2636/7/78 2638/5/78
f 2656/12/74 2657/3/74 2655/1/74
f 2657/3/75 2662/5/75 2661/4/75
f 2662/5/76 2659/6/76 2661/4/76
f 2660/7/77 2655/8/77 2659/6/77
f 2661/4/39 2655/10/39 2657/9/39
f 2658/13/78 2660/7/78 2662/5/78
f 2680/12/74 2681/3/74 2679/1/74
f 2681/3/75 2686/5/75 2685/4/75
f 2686/5/76 2683/6/76 2685/4/76
f 2684/7/77 2679/8/77 2683/6/77
f 2685/4/39 2679/10/39 2681/9/39
f 2682/13/78 2684/7/78 2686/5/78
f 2704/12/74 2705/3/74 2703/1/74
f 2705/3/75 2710/5/75 2709/4/75
f 2710/5/76 2707/6/76 2709/4/76
f 2708/7/77 2703/8/77 2707/6/77
f 2709/4/39 2703/10/39 2705/9/39
f 2706/13/78 2708/7/78 2710/5/78
f 2728/12/74 2729/3/74 2727/1/74
f 2729/3/75 2734/5/75 2733/4/75
f 2734/5/76 2731/6/76 2733/4/76
f 2732/7/77 2727/8/77 2731/6/77
f 2733/4/39 2727/10/39 2729/9/39
f 2730/13/78 2732/7/78 2734/5/78
f 2752/12/74 2753/3/74 2751/1/74
f 2753/3/75 2758/5/75 2757/4/75
f 2758/5/76 2755/6/76 2757/4/76
f 2756/7/77 2751/8/77 2755/6/77
f 2757/4/39 2751/10/39 2753/9/39
f 2754/13/78 2756/7/78 2758/5/78
f 2776/12/74 2777/3/74 2775/1/74
f 2777/3/75 2782/5/75 2781/4/75
f 2782/5/76 2779/6/76 2781/4/76
f 2780/7/77 2775/8/77 2779/6/77
f 2781/4/39 2775/10/39 2777/9/39
f 2778/13/78 2780/7/78 2782/5/78
f 2800/12/74 2801/3/74 2799/1/74
f 2801/3/75 2806/5/75 2805/4/75
f 2806/5/76 2803/6/76 2805/4/76
f 2804/7/77 2799/8/77 2803/6/77
f 2805/4/39 2799/10/39 2801/9/39
f 2802/13/78 2804/7/78 2806/5/78
f 2824/12/74 2825/3/74 2823/1/74
f 2825/3/75 2830/5/75 2829/4/75
f 2830/5/76 2827/6/76 2829/4/76
f 2828/7/77 2823/8/77 2827/6/77
f 2829/4/39 2823/10/39 2825/9/39
f 2826/13/78 2828/7/78 2830/5/78
f 2848/12/74 2849/3/74 2847/1/74
f 2849/3/75 2854/5/75 2853/4/75
f 2854/5/76 2851/6/76 2853/4/76
f 2852/7/77 2847/8/77 2851/6/77
f 2853/4/39 2847/10/39 2849/9/39
f 2850/13/78 2852/7/78 2854/5/78
f 2872/12/74 2873/3/74 2871/1/74
f 2873/3/75 2878/5/75 2877/4/75
f 2878/5/76 2875/6/76 2877/4/76
f 2876/7/77 2871/8/77 2875/6/77
f 2877/4/39 2871/10/39 2873/9/39
f 2874/13/78 2876/7/78 2878/5/78
f 2896/12/74 2897/3/74 2895/1/74
f 2897/3/75 2902/5/75 2901/4/75
f 2902/5/76 2899/6/76 2901/4/76
f 2900/7/77 2895/8/77 2899/6/77
f 2901/4/39 2895/10/39 2897/9/39
f 2898/13/78 2900/7/78 2902/5/78
f 2920/12/74 2921/3/74 2919/1/74
f 2921/3/75 2926/5/75 2925/4/75
f 2926/5/76 2923/6/76 2925/4/76
f 2924/7/77 2919/8/77 2923/6/77
f 2925/4/39 2919/10/39 2921/9/39
f 2922/13/78 2924/7/78 2926/5/78
f 2944/12/74 2945/3/74 2943/1/74
f 2945/3/75 2950/5/75 2949/4/75
f 2950/5/76 2947/6/76 2949/4/76
f 2948/7/77 2943/8/77 2947/6/77
f 2949/4/39 2943/10/39 2945/9/39
f 2946/13/78 2948/7/78 2950/5/78
f 2968/12/74 2969/3/74 2967/1/74
f 2969/3/75 2974/5/75 2973/4/75
f 2974/5/76 2971/6/76 2973/4/76
f 2972/7/77 2967/8/77 2971/6/77
f 2973/4/39 2967/10/39 2969/9/39
f 2970/13/78 2972/7/78 2974/5/78
f 2992/12/74 2993/3/74 2991/1/74
f 2993/3/75 2998/5/75 2997/4/75
f 2998/5/76 2995/6/76 2997/4/76
f 2996/7/77 2991/8/77 2995/6/77
f 2997/4/39 2991/10/39 2993/9/39
f 2994/13/78 2996/7/78 2998/5/78
f 3016/12/74 3017/3/74 3015/1/74
f 3017/3/75 3022/5/75 3021/4/75
f 3022/5/76 3019/6/76 3021/4/76
f 3020/7/77 3015/8/77 3019/6/77
f 3021/4/39 3015/10/39 3017/9/39
f 3018/13/78 3020/7/78 3022/5/78
f 3040/12/74 3041/3/74 3039/1/74
f 3041/3/75 3046/5/75 3045/4/75
f 3046/5/76 3043/6/76 3045/4/76
f 3044/7/77 3039/8/77 3043/6/77
f 3045/4/39 3039/10/39 3041/9/39
f 3042/13/78 3044/7/78 3046/5/78
f 3064/12/74 3065/3/74 3063/1/74
f 3065/3/75 3070/5/75 3069/4/75
f 3070/5/76 3067/6/76 3069/4/76
f 3068/7/77 3063/8/77 3067/6/77
f 3069/4/39 3063/10/39 3065/9/39
f 3066/13/78 3068/7/78 3070/5/78
f 3088/12/74 3089/3/74 3087/1/74
f 3089/3/75 3094/5/75 3093/4/75
f 3094/5/76 3091/6/76 3093/4/76
f 3092/7/77 3087/8/77 3091/6/77
f 3093/4/39 3087/10/39 3089/9/39
f 3090/13/78 3092/7/78 3094/5/78
f 3112/12/74 3113/3/74 3111/1/74
f 3113/3/75 3118/5/75 3117/4/75
f 3118/5/76 3115/6/76 3117/4/76
f 3116/7/77 3111/8/77 3115/6/77
f 3117/4/39 3111/10/39 3113/9/39
f 3114/13/78 3116/7/78 3118/5/78
f 3136/12/74 3137/3/74 3135/1/74
f 3137/3/75 3142/5/75 3141/4/75
f 3142/5/76 3139/6/76 3141/4/76
f 3140/7/77 3135/8/77 3139/6/77
f 3141/4/39 3135/10/39 3137/9/39
f 3138/13/78 3140/7/78 3142/5/78
f 3160/12/74 3161/3/74 3159/1/74
f 3161/3/75 3166/5/75 3165/4/75
f 3166/5/76 3163/6/76 3165/4/76
f 3164/7/77 3159/8/77 3163/6/77
f 3165/4/39 3159/10/39 3161/9/39
f 3162/13/78 3164/7/78 3166/5/78
f 3184/12/74 3185/3/74 3183/1/74
f 3185/3/75 3190/5/75 3189/4/75
f 3190/5/76 3187/6/76 3189/4/76
f 3188/7/77 3183/8/77 3187/6/77
f 3189/4/39 3183/10/39 3185/9/39
f 3186/13/78 3188/7/78 3190/5/78
f 3208/12/74 3209/3/74 3207/1/74
f 3209/3/75 3214/5/75 3213/4/75
f 3214/5/76 3211/6/76 3213/4/76
f 3212/7/77 3207/8/77 3211/6/77
f 3213/4/39 3207/10/39 3209/9/39
f 3210/13/78 3212/7/78 3214/5/78
f 3232/12/74 3233/3/74 3231/1/74
f 3233/3/75 3238/5/75 3237/4/75
f 3238/5/76 3235/6/76 3237/4/76
f 3236/7/77 3231/8/77 3235/6/77
f 3237/4/39 3231/10/39 3233/9/39
f 3234/13/78 3236/7/78 3238/5/78
f 3256/12/74 3257/3/74 3255/1/74
f 3257/3/75 3262/5/75 3261/4/75
f 3262/5/76 3259/6/76 3261/4/76
f 3260/7/77 3255/8/77 3259/6/77
f 3261/4/39 3255/10/39 3257/9/39
f 3258/13/78 3260/7/78 3262/5/78
f 3280/12/74 3281/3/74 3279/1/74
f 3281/3/75 3286/5/75 3285/4/75
f 3286/5/76 3283/6/76 3285/4/76
f 3284/7/77 3279/8/77 3283/6/77
f 3285/4/39 3279/10/39 3281/9/39
f 3282/13/78 3284/7/78 3286/5/78
f 3304/12/74 3305/3/74 3303/1/74
f 3305/3/75 3310/5/75 3309/4/75
f 3310/5/76 3307/6/76 3309/4/76
f 3308/7/77 3303/8/77 3307/6/77
f 3309/4/39 3303/10/39 3305/9/39
f 3306/13/78 3308/7/78 3310/5/78
f 3328/12/74 3329/3/74 3327/1/74
f 3329/3/75 3334/5/75 3333/4/75
f 3334/5/76 3331/6/76 3333/4/76
f 3332/7/77 3327/8/77 3331/6/77
f 3333/4/39 3327/10/39 3329/9/39
f 3330/13/78 3332/7/78 3334/5/78
f 3352/12/74 3353/3/74 3351/1/74
f 3353/3/75 3358/5/75 3357/4/75
f 3358/5/76 3355/6/76 3357/4/76
f 3356/7/77 3351/8/77 3355/6/77
f 3357/4/39 3351/10/39 3353/9/39
f 3354/13/78 3356/7/78 3358/5/78
f 3376/12/74 3377/3/74 3375/1/74
f 3377/3/75 3382/5/75 3381/4/75
f 3382/5/76 3379/6/76 3381/4/76
f 3380/7/77 3375/8/77 3379/6/77
f 3381/4/39 3375/10/39 3377/9/39
f 3378/13/78 3380/7/78 3382/5/78
f 3400/12/74 3401/3/74 3399/1/74
f 3401/3/75 3406/5/75 3405/4/75
f 3406/5/76 3403/6/76 3405/4/76
f 3404/7/77 3399/8/77 3403/6/77
f 3405/4/39 3399/10/39 3401/9/39
f 3402/13/78 3404/7/78 3406/5/78
f 3424/12/74 3425/3/74 3423/1/74
f 3425/3/75 3430/5/75 3429/4/75
f 3430/5/76 3427/6/76 3429/4/76
f 3428/7/77 3423/8/77 3427/6/77
f 3429/4/39 3423/10/39 3425/9/39
f 3426/13/78 3428/7/78 3430/5/78
f 3448/12/74 3449/3/74 3447/1/74
f 3449/3/75 3454/5/75 3453/4/75
f 3454/5/76 3451/6/76 3453/4/76
f 3452/7/77 3447/8/77 3451/6/77
f 3453/4/39 3447/10/39 3449/9/39
f 3450/13/78 3452/7/78 3454/5/78
f 3472/12/74 3473/3/74 3471/1/74
f 3473/3/75 3478/5/75 3477/4/75
f 3478/5/76 3475/6/76 3477/4/76
f 3476/7/77 3471/8/77 3475/6/77
f 3477/4/39 3471/10/39 3473/9/39
f 3474/13/78 3476/7/78 3478/5/78
f 3496/12/74 3497/3/74 3495/1/74
f 3497/3/75 3502/5/75 3501/4/75
f 3502/5/76 3499/6/76 3501/4/76
f 3500/7/77 3495/8/77 3499/6/77
f 3501/4/39 3495/10/39 3497/9/39
f 3498/13/78 3500/7/78 3502/5/78
f 3520/12/74 3521/3/74 3519/1/74
f 3521/3/75 3526/5/75 3525/4/75
f 3526/5/76 3523/6/76 3525/4/76
f 3524/7/77 3519/8/77 3523/6/77
f 3525/4/39 3519/10/39 3521/9/39
f 3522/13/78 3524/7/78 3526/5/78
f 3544/12/74 3545/3/74 3543/1/74
f 3545/3/75 3550/5/75 3549/4/75
f 3550/5/76 3547/6/76 3549/4/76
f 3548/7/77 3543/8/77 3547/6/77
f 3549/4/39 3543/10/39 3545/9/39
f 3546/13/78 3548/7/78 3550/5/78
f 3568/12/74 3569/3/74 3567/1/74
f 3569/3/75 3574/5/75 3573/4/75
f 3574/5/76 3571/6/76 3573/4/76
f 3572/7/77 3567/8/77 3571/6/77
f 3573/4/39 3567/10/39 3569/9/39
f 3570/13/78 3572/7/78 3574/5/78
f 3592/12/74 3593/3/74 3591/1/74
f 3593/3/75 3598/5/75 3597/4/75
f 3598/5/76 3595/6/76 3597/4/76
f 3596/7/77 3591/8/77 3595/6/77
f 3597/4/39 3591/10/39 3593/9/39
f 3594/13/78 3596/7/78 3598/5/78
f 3616/12/74 3617/3/74 3615/1/74
f 3617/3/75 3622/5/75 3621/4/75
f 3622/5/76 3619/6/76 3621/4/76
f 3620/7/77 3615/8/77 3619/6/77
f 3621/4/39 3615/10/39 3617/9/39
f 3618/13/78 3620/7/78 3622/5/78
f 184/12/74 186/2/74 185/3/74
f 185/3/75 186/2/75 190/5/75
f 190/5/76 188/7/76 187/6/76
f 188/7/77 184/14/77 183/8/77
f 189/4/39 187/6/39 183/10/39
f 186/13/78 184/11/78 188/7/78
f 208/12/74 210/2/74 209/3/74
f 209/3/75 210/2/75 214/5/75
f 214/5/76 212/7/76 211/6/76
f 212/7/77 208/14/77 207/8/77
f 213/4/39 211/6/39 207/10/39
f 210/13/78 208/11/78 212/7/78
f 232/12/74 234/2/74 233/3/74
f 233/3/75 234/2/75 238/5/75
f 238/5/76 236/7/76 235/6/76
f 236/7/77 232/14/77 231/8/77
f 237/4/39 235/6/39 231/10/39
f 234/13/78 232/11/78 236/7/78
f 256/12/74 258/2/74 257/3/74
f 257/3/75 258/2/75 262/5/75
f 262/5/76 260/7/76 259/6/76
f 260/7/77 256/14/77 255/8/77
f 261/4/39 259/6/39 255/10/39
f 258/13/78 256/11/78 260/7/78
f 280/12/74 282/2/74 281/3/74
f 281/3/75 282/2/75 286/5/75
f 286/5/76 284/7/76 283/6/76
f 284/7/77 280/14/77 279/8/77
f 285/4/39 283/6/39 279/10/39
f 282/13/78 280/11/78 284/7/78
f 304/12/74 306/2/74 305/3/74
f 305/3/75 306/2/75 310/5/75
f 310/5/76 308/7/76 307/6/76
f 308/7/77 304/14/77 303/8/77
f 309/4/39 307/6/39 303/10/39
f 306/13/78 304/11/78 308/7/78
f 328/12/74 330/2/74 329/3/74
f 329/3/75 330/2/75 334/5/75
f 334/5/76 332/7/76 331/6/76
f 332/7/77 328/14/77 327/8/77
f 333/4/39 331/6/39 327/10/39
f 330/13/78 328/11/78 332/7/78
f 352/12/74 354/2/74 353/3/74
f 353/3/75 354/2/75 358/5/75
f 358/5/76 356/7/76 355/6/76
f 356/7/77 352/14/77 351/8/77
f 357/4/39 355/6/39 351/10/39
f 354/13/78 352/11/78 356/7/78
f 376/12/74 378/2/74 377/3/74
f 377/3/75 378/2/75 382/5/75
f 382/5/76 380/7/76 379/6/76
f 380/7/77 376/14/77 375/8/77
f 381/4/39 379/6/39 375/10/39
f 378/13/78 376/11/78 380/7/78
f 400/12/74 402/2/74 401/3/74
f 401/3/75 402/2/75 406/5/75
f 406/5/76 404/7/76 403/6/76
f 404/7/77 400/14/77 399/8/77
f 405/4/39 403/6/39 399/10/39
f 402/13/78 400/11/78 404/7/78
f 424/12/74 426/2/74 425/3/74
f 425/3/75 426/2/75 430/5/75
f 430/5/76 428/7/76 427/6/76
f 428/7/77 424/14/77 423/8/77
f 429/4/39 427/6/39 423/10/39
f 426/13/78 424/11/78 428/7/78
f 448/12/74 450/2/74 449/3/74
f 449/3/75 450/2/75 454/5/75
f 454/5/76 452/7/76 451/6/76
f 452/7/77 448/14/77 447/8/77
f 453/4/39 451/6/39 447/10/39
f 450/13/78 448/11/78 452/7/78
f 472/12/74 474/2/74 473/3/74
f 473/3/75 474/2/75 478/5/75
f 478/5/76 476/7/76 475/6/76
f 476/7/77 472/14/77 471/8/77
f 477/4/39 475/6/39 471/10/39
f 474/13/78 472/11/78 476/7/78
f 496/12/74 498/2/74 497/3/74
f 497/3/75 498/2/75 502/5/75
f 502/5/76 500/7/76 499/6/76
f 500/7/77 496/14/77 495/8/77
f 501/4/39 499/6/39 495/10/39
f 498/13/78 496/11/78 500/7/78
f 520/12/74 522/2/74 521/3/74
f 521/3/75 522/2/75 526/5/75
f 526/5/76 524/7/76 523/6/76
f 524/7/77 520/14/77 519/8/77
f 525/4/39 523/6/39 519/10/39
f 522/13/78 520/11/78 524/7/78
f 544/12/74 546/2/74 545/3/74
f 545/3/75 546/2/75 550/5/75
f 550/5/76 548/7/76 547/6/76
f 548/7/77 544/14/77 543/8/77
f 549/4/39 547/6/39 543/10/39
f 546/13/78 544/11/78 548/7/78
f 568/12/74 570/2/74 569/3/74
f 569/3/75 570/2/75 574/5/75
f 574/5/76 572/7/76 571/6/76
f 572/7/77 568/14/77 567/8/77
f 573/4/39 571/6/39 567/10/39
f 570/13/78 568/11/78 572/7/78
f 592/12/74 594/2/74 593/3/74
f 593/3/75 594/2/75 598/5/75
f 598/5/76 596/7/76 595/6/76
f 596/7/77 592/14/77 591/8/77
f 597/4/39 595/6/39 591/10/39
f 594/13/78 592/11/78 596/7/78
f 616/12/74 618/2/74 617/3/74
f 617/3/75 618/2/75 622/5/75
f 622/5/76 620/7/76 619/6/76
f 620/7/77 616/14/77 615/8/77
f 621/4/39 619/6/39 615/10/39
f 618/13/78 616/11/78 620/7/78
f 640/12/74 642/2/74 641/3/74
f 641/3/75 642/2/75 646/5/75
f 646/5/76 644/7/76 643/6/76
f 644/7/77 640/14/77 639/8/77
f 645/4/39 643/6/39 639/10/39
f 642/13/78 640/11/78 644/7/78
f 664/12/74 666/2/74 665/3/74
f 665/3/75 666/2/75 670/5/75
f 670/5/76 668/7/76 667/6/76
f 668/7/77 664/14/77 663/8/77
f 669/4/39 667/6/39 663/10/39
f 666/13/78 664/11/78 668/7/78
f 688/12/74 690/2/74 689/3/74
f 689/3/75 690/2/75 694/5/75
f 694/5/76 692/7/76 691/6/76
f 692/7/77 688/14/77 687/8/77
f 693/4/39 691/6/39 687/10/39
f 690/13/78 688/11/78 692/7/78
f 712/12/74 714/2/74 713/3/74
f 713/3/75 714/2/75 718/5/75
f 718/5/76 716/7/76 715/6/76
f 716/7/77 712/14/77 711/8/77
f 717/4/39 715/6/39 711/10/39
f 714/13/78 712/11/78 716/7/78
f 736/12/74 738/2/74 737/3/74
f 737/3/75 738/2/75 742/5/75
f 742/5/76 740/7/76 739/6/76
f 740/7/77 736/14/77 735/8/77
f 741/4/39 739/6/39 735/10/39
f 738/13/78 736/11/78 740/7/78
f 760/12/74 762/2/74 761/3/74
f 761/3/75 762/2/75 766/5/75
f 766/5/76 764/7/76 763/6/76
f 764/7/77 760/14/77 759/8/77
f 765/4/39 763/6/39 759/10/39
f 762/13/78 760/11/78 764/7/78
f 784/12/74 786/2/74 785/3/74
f 785/3/75 786/2/75 790/5/75
f 790/5/76 788/7/76 787/6/76
f 788/7/77 784/14/77 783/8/77
f 789/4/39 787/6/39 783/10/39
f 786/13/78 784/11/78 788/7/78
f 808/12/74 810/2/74 809/3/74
f 809/3/75 810/2/75 814/5/75
f 814/5/76 812/7/76 811/6/76
f 812/7/77 808/14/77 807/8/77
f 813/4/39 811/6/39 807/10/39
f 810/13/78 808/11/78 812/7/78
f 832/12/74 834/2/74 833/3/74
f 833/3/75 834/2/75 838/5/75
f 838/5/76 836/7/76 835/6/76
f 836/7/77 832/14/77 831/8/77
f 837/4/39 835/6/39 831/10/39
f 834/13/78 832/11/78 836/7/78
f 856/12/74 858/2/74 857/3/74
f 857/3/75 858/2/75 862/5/75
f 862/5/76 860/7/76 859/6/76
f 860/7/77 856/14/77 855/8/77
f 861/4/39 859/6/39 855/10/39
f 858/13/78 856/11/78 860/7/78
f 880/12/74 882/2/74 881/3/74
f 881/3/75 882/2/75 886/5/75
f 886/5/76 884/7/76 883/6/76
f 884/7/77 880/14/77 879/8/77
f 885/4/39 883/6/39 879/10/39
f 882/13/78 880/11/78 884/7/78
f 904/12/74 906/2/74 905/3/74
f 905/3/75 906/2/75 910/5/75
f 910/5/76 908/7/76 907/6/76
f 908/7/77 904/14/77 903/8/77
f 909/4/39 907/6/39 903/10/39
f 906/13/78 904/11/78 908/7/78
f 928/12/74 930/2/74 929/3/74
f 929/3/75 930/2/75 934/5/75
f 934/5/76 932/7/76 931/6/76
f 932/7/77 928/14/77 927/8/77
f 933/4/39 931/6/39 927/10/39
f 930/13/78 928/11/78 932/7/78
f 952/12/74 954/2/74 953/3/74
f 953/3/75 954/2/75 958/5/75
f 958/5/76 956/7/76 955/6/76
f 956/7/77 952/14/77 951/8/77
f 957/4/39 955/6/39 951/10/39
f 954/13/78 952/11/78 956/7/78
f 976/12/74 978/2/74 977/3/74
f 977/3/75 978/2/75 982/5/75
f 982/5/76 980/7/76 979/6/76
f 980/7/77 976/14/77 975/8/77
f 981/4/39 979/6/39 975/10/39
f 978/13/78 976/11/78 980/7/78
f 1000/12/74 1002/2/74 1001/3/74
f 1001/3/75 1002/2/75 1006/5/75
f 1006/5/76 1004/7/76 1003/6/76
f 1004/7/77 1000/14/77 999/8/77
f 1005/4/39 1003/6/39 999/10/39
f 1002/13/78 1000/11/78 1004/7/78
f 1024/12/74 1026/2/74 1025/3/74
f 1025/3/75 1026/2/75 1030/5/75
f 1030/5/76 1028/7/76 1027/6/76
f 1028/7/77 1024/14/77 1023/8/77
f 1029/4/39 1027/6/39 1023/10/39
f 1026/13/78 1024/11/78 1028/7/78
f 1048/12/74 1050/2/74 1049/3/74
f 1049/3/75 1050/2/75 1054/5/75
f 1054/5/76 1052/7/76 1051/6/76
f 1052/7/77 1048/14/77 1047/8/77
f 1053/4/39 1051/6/39 1047/10/39
f 1050/13/78 1048/11/78 1052/7/78
f 1072/12/74 1074/2/74 1073/3/74
f 1073/3/75 1074/2/75 1078/5/75
f 1078/5/76 1076/7/76 1075/6/76
f 1076/7/77 1072/14/77 1071/8/77
f 1077/4/39 1075/6/39 1071/10/39
f 1074/13/78 1072/11/78 1076/7/78
f 1096/12/74 1098/2/74 1097/3/74
f 1097/3/75 1098/2/75 1102/5/75
f 1102/5/76 1100/7/76 1099/6/76
f 1100/7/77 1096/14/77 1095/8/77
f 1101/4/39 1099/6/39 1095/10/39
f 1098/13/78 1096/11/78 1100/7/78
f 1120/12/74 1122/2/74 1121/3/74
f 1121/3/75 1122/2/75 1126/5/75
f 1126/5/76 1124/7/76 1123/6/76
f 1124/7/77 1120/14/77 1119/8/77
f 1125/4/39 1123/6/39 1119/10/39
f 1122/13/78 1120/11/78 1124/7/78
f 1144/12/74 1146/2/74 1145/3/74
f 1145/3/75 1146/2/75 1150/5/75
f 1150/5/76 1148/7/76 1147/6/76
f 1148/7/77 1144/14/77 1143/8/77
f 1149/4/39 1147/6/39 1143/10/39
f 1146/13/78 1144/11/78 1148/7/78
f 1168/12/74 1170/2/74 1169/3/74
f 1169/3/75 1170/2/75 1174/5/75
f 1174/5/76 1172/7/76 1171/6/76
f 1172/7/77 1168/14/77 1167/8/77
f 1173/4/39 1171/6/39 1167/10/39
f 1170/13/78 1168/11/78 1172/7/78
f 1192/12/74 1194/2/74 1193/3/74
f 1193/3/75 1194/2/75 1198/5/75
f 1198/5/76 1196/7/76 1195/6/76
f 1196/7/77 1192/14/77 1191/8/77
f 1197/4/39 1195/6/39 1191/10/39
f 1194/13/78 1192/11/78 1196/7/78
f 1216/12/74 1218/2/74 1217/3/74
f 1217/3/75 1218/2/75 1222/5/75
f 1222/5/76 1220/7/76 1219/6/76
f 1220/7/77 1216/14/77 1215/8/77
f 1221/4/39 1219/6/39 1215/10/39
f 1218/13/78 1216/11/78 1220/7/78
f 1240/12/74 1242/2/74 1241/3/74
f 1241/3/75 1242/2/75 1246/5/75
f 1246/5/76 1244/7/76 1243/6/76
f 1244/7/77 1240/14/77 1239/8/77
f 1245/4/39 1243/6/39 1239/10/39
f 1242/13/78 1240/11/78 1244/7/78
f 1264/12/74 1266/2/74 1265/3/74
f 1265/3/75 1266/2/75 1270/5/75
f 1270/5/76 1268/7/76 1267/6/76
f 1268/7/77 1264/14/77 1263/8/77
f 1269/4/39 1267/6/39 1263/10/39
f 1266/13/78 1264/11/78 1268/7/78
f 1288/12/74 1290/2/74 1289/3/74
f 1289/3/75 1290/2/75 1294/5/75
f 1294/5/76 1292/7/76 1291/6/76
f 1292/7/77 1288/14/77 1287/8/77
f 1293/4/39 1291/6/39 1287/10/39
f 1290/13/78 1288/11/78 1292/7/78
f 1312/12/74 1314/2/74 1313/3/74
f 1313/3/75 1314/2/75 1318/5/75
f 1318/5/76 1316/7/76 1315/6/76
f 1316/7/77 1312/14/77 1311/8/77
f 1317/4/39 1315/6/39 1311/10/39
f 1314/13/78 1312/11/78 1316/7/78
f 1336/12/74 1338/2/74 1337/3/74
f 1337/3/75 1338/2/75 1342/5/75
f 1342/5/76 1340/7/76 1339/6/76
f 1340/7/77 1336/14/77 1335/8/77
f 1341/4/39 1339/6/39 1335/10/39
f 1338/13/78 1336/11/78 1340/7/78
f 1360/12/74 1362/2/74 1361/3/74
f 1361/3/75 1362/2/75 1366/5/75
f 1366/5/76 1364/7/76 1363/6/76
f 1364/7/77 1360/14/77 1359/8/77
f 1365/4/39 1363/6/39 1359/10/39
f 1362/13/78 1360/11/78 1364/7/78
f 1384/12/74 1386/2/74 1385/3/74
f 1385/3/75 1386/2/75 1390/5/75
f 1390/5/76 1388/7/76 1387/6/76
f 1388/7/77 1384/14/77 1383/8/77
f 1389/4/39 1387/6/39 1383/10/39
f 1386/13/78 1384/11/78 1388/7/78
f 1408/12/74 1410/2/74 1409/3/74
f 1409/3/75 1410/2/75 1414/5/75
f 1414/5/76 1412/7/76 1411/6/76
f 1412/7/77 1408/14/77 1407/8/77
f 1413/4/39 1411/6/39 1407/10/39
f 1410/13/78 1408/11/78 1412/7/78
f 1432/12/74 1434/2/74 1433/3/74
f 1433/3/75 1434/2/75 1438/5/75
f 1438/5/76 1436/7/76 1435/6/76
f 1436/7/77 1432/14/77 1431/8/77
f 1437/4/39 1435/6/39 1431/10/39
f 1434/13/78 1432/11/78 1436/7/78
f 1456/12/74 1458/2/74 1457/3/74
f 1457/3/75 1458/2/75 1462/5/75
f 1462/5/76 1460/7/76 1459/6/76
f 1460/7/77 1456/14/77 1455/8/77
f 1461/4/39 1459/6/39 1455/10/39
f 1458/13/78 1456/11/78 1460/7/78
f 1480/12/74 1482/2/74 1481/3/74
f 1481/3/75 1482/2/75 1486/5/75
f 1486/5/76 1484/7/76 1483/6/76
f 1484/7/77 1480/14/77 1479/8/77
f 1485/4/39 1483/6/39 1479/10/39
f 1482/13/78 1480/11/78 1484/7/78
f 1504/12/74 1506/2/74 1505/3/74
f 1505/3/75 1506/2/75 1510/5/75
f 1510/5/76 1508/7/76 1507/6/76
f 1508/7/77 1504/14/77 1503/8/77
f 1509/4/39 1507/6/39 1503/10/39
f 1506/13/78 1504/11/78 1508/7/78
f 1528/12/74 1530/2/74 1529/3/74
f 1529/3/75 1530/2/75 1534/5/75
f 1534/5/76 1532/7/76 1531/6/76
f 1532/7/77 1528/14/77 1527/8/77
f 1533/4/39 1531/6/39 1527/10/39
f 1530/13/78 1528/11/78 1532/7/78
f 1552/12/74 1554/2/74 1553/3/74
f 1553/3/75 1554/2/75 1558/5/75
f 1558/5/76 1556/7/76 1555/6/76
f 1556/7/77 1552/14/77 1551/8/77
f 1557/4/39 1555/6/39 1551/10/39
f 1554/13/78 1552/11/78 1556/7/78
f 1576/12/74 1578/2/74 1577/3/74
f 1577/3/75 1578/2/75 1582/5/75
f 1582/5/76 1580/7/76 1579/6/76
f 1580/7/77 1576/14/77 1575/8/77
f 1581/4/39 1579/6/39 1575/10/39
f 1578/13/78 1576/11/78 1580/7/78
f 1600/12/74 1602/2/74 1601/3/74
f 1601/3/75 1602/2/75 1606/5/75
f 1606/5/76 1604/7/76 1603/6/76
f 1604/7/77 1600/14/77 1599/8/77
f 1605/4/39 1603/6/39 1599/10/39
f 1602/13/78 1600/11/78 1604/7/78
f 1624/12/74 1626/2/74 1625/3/74
f 1625/3/75 1626/2/75 1630/5/75
f 1630/5/76 1628/7/76 1627/6/76
f 1628/7/77 1624/14/77 1623/8/77
f 1629/4/39 1627/6/39 1623/10/39
f 1626/13/78 1624/11/78 1628/7/78
f 1648/12/74 1650/2/74 1649/3/74
f 1649/3/75 1650/2/75 1654/5/75
f 1654/5/76 1652/7/76 1651/6/76
f 1652/7/77 1648/14/77 1647/8/77
f 1653/4/39 1651/6/39 1647/10/39
f 1650/13/78 1648/11/78 1652/7/78
f 1672/12/74 1674/2/74 1673/3/74
f 1673/3/75 1674/2/75 1678/5/75
f 1678/5/76 1676/7/76 1675/6/76
f 1676/7/77 1672/14/77 1671/8/77
f 1677/4/39 1675/6/39 1671/10/39
f 1674/13/78 1672/11/78 1676/7/78
f 1696/12/74 1698/2/74 1697/3/74
f 1697/3/75 1698/2/75 1702/5/75
f 1702/5/76 1700/7/76 1699/6/76
f 1700/7/77 1696/14/77 1695/8/77
f 1701/4/39 1699/6/39 1695/10/39
f 1698/13/78 1696/11/78 1700/7/78
f 1720/12/74 1722/2/74 1721/3/74
f 1721/3/75 1722/2/75 1726/5/75
f 1726/5/76 1724/7/76 1723/6/76
f 1724/7/77 1720/14/77 1719/8/77
f 1725/4/39 1723/6/39 1719/10/39
f 1722/13/78 1720/11/78 1724/7/78
f 1744/12/74 1746/2/74 1745/3/74
f 1745/3/75 1746/2/75 1750/5/75
f 1750/5/76 1748/7/76 1747/6/76
f 1748/7/77 1744/14/77 1743/8/77
f 1749/4/39 1747/6/39 1743/10/39
f 1746/13/78 1744/11/78 1748/7/78
f 1768/12/74 1770/2/74 1769/3/74
f 1769/3/75 1770/2/75 1774/5/75
f 1773/4/76 1774/5/76 1772/7/76
f 1772/7/77 1768/14/77 1767/8/77
f 1773/4/39 1771/6/39 1767/10/39
f 1770/13/78 1768/11/78 1772/7/78
f 1792/12/74 1794/2/74 1793/3/74
f 1793/3/75 1794/2/75 1798/5/75
f 1798/5/76 1796/7/76 1795/6/76
f 1796/7/77 1792/14/77 1791/8/77
f 1797/4/39 1795/6/39 1791/10/39
f 1794/13/78 1792/11/78 1796/7/78
f 1816/12/74 1818/2/74 1817/3/74
f 1817/3/75 1818/2/75 1822/5/75
f 1822/5/76 1820/7/76 1819/6/76
f 1820/7/77 1816/14/77 1815/8/77
f 1821/4/39 1819/6/39 1815/10/39
f 1818/13/78 1816/11/78 1820/7/78
f 1840/12/74 1842/2/74 1841/3/74
f 1841/3/75 1842/2/75 1846/5/75
f 1846/5/76 1844/7/76 1843/6/76
f 1844/7/77 1840/14/77 1839/8/77
f 1845/4/39 1843/6/39 1839/10/39
f 1842/13/78 1840/11/78 1844/7/78
f 1864/12/74 1866/2/74 1865/3/74
f 1865/3/75 1866/2/75 1870/5/75
f 1870/5/76 1868/7/76 1867/6/76
f 1868/7/77 1864/14/77 1863/8/77
f 1869/4/39 1867/6/39 1863/10/39
f 1866/13/78 1864/11/78 1868/7/78
f 1888/12/74 1890/2/74 1889/3/74
f 1889/3/75 1890/2/75 1894/5/75
f 1894/5/76 1892/7/76 1891/6/76
f 1892/7/77 1888/14/77 1887/8/77
f 1893/4/39 1891/6/39 1887/10/39
f 1890/13/78 1888/11/78 1892/7/78
f 1912/12/74 1914/2/74 1913/3/74
f 1913/3/75 1914/2/75 1918/5/75
f 1918/5/76 1916/7/76 1915/6/76
f 1916/7/77 1912/14/77 1911/8/77
f 1917/4/39 1915/6/39 1911/10/39
f 1914/13/78 1912/11/78 1916/7/78
f 1936/12/74 1938/2/74 1937/3/74
f 1937/3/75 1938/2/75 1942/5/75
f 1942/5/76 1940/7/76 1939/6/76
f 1940/7/77 1936/14/77 1935/8/77
f 1941/4/39 1939/6/39 1935/10/39
f 1938/13/78 1936/11/78 1940/7/78
f 1960/12/74 1962/2/74 1961/3/74
f 1961/3/75 1962/2/75 1966/5/75
f 1966/5/76 1964/7/76 1963/6/76
f 1964/7/77 1960/14/77 1959/8/77
f 1965/4/39 1963/6/39 1959/10/39
f 1962/13/78 1960/11/78 1964/7/78
f 1984/12/74 1986/2/74 1985/3/74
f 1985/3/75 1986/2/75 1990/5/75
f 1990/5/76 1988/7/76 1987/6/76
f 1988/7/77 1984/14/77 1983/8/77
f 1989/4/39 1987/6/39 1983/10/39
f 1986/13/78 1984/11/78 1988/7/78
f 2008/12/74 2010/2/74 2009/3/74
f 2009/3/75 2010/2/75 2014/5/75
f 2014/5/76 2012/7/76 2011/6/76
f 2012/7/77 2008/14/77 2007/8/77
f 2013/4/39 2011/6/39 2007/10/39
f 2010/13/78 2008/11/78 2012/7/78
f 2032/12/74 2034/2/74 2033/3/74
f 2033/3/75 2034/2/75 2038/5/75
f 2038/5/76 2036/7/76 2035/6/76
f 2036/7/77 2032/14/77 2031/8/77
f 2037/4/39 2035/6/39 2031/10/39
f 2034/13/78 2032/11/78 2036/7/78
f 2056/12/74 2058/2/74 2057/3/74
f 2057/3/75 2058/2/75 2062/5/75
f 2062/5/76 2060/7/76 2059/6/76
f 2060/7/77 2056/14/77 2055/8/77
f 2061/4/39 2059/6/39 2055/10/39
f 2058/13/78 2056/11/78 2060/7/78
f 2080/12/74 2082/2/74 2081/3/74
f 2081/3/75 2082/2/75 2086/5/75
f 2086/5/76 2084/7/76 2083/6/76
f 2084/7/77 2080/14/77 2079/8/77
f 2085/4/39 2083/6/39 2079/10/39
f 2082/13/78 2080/11/78 2084/7/78
f 2104/12/74 2106/2/74 2105/3/74
f 2105/3/75 2106/2/75 2110/5/75
f 2110/5/76 2108/7/76 2107/6/76
f 2108/7/77 2104/14/77 2103/8/77
f 2109/4/39 2107/6/39 2103/10/39
f 2106/13/78 2104/11/78 2108/7/78
f 2128/12/74 2130/2/74 2129/3/74
f 2129/3/75 2130/2/75 2134/5/75
f 2134/5/76 2132/7/76 2131/6/76
f 2132/7/77 2128/14/77 2127/8/77
f 2133/4/39 2131/6/39 2127/10/39
f 2130/13/78 2128/11/78 2132/7/78
f 2152/12/74 2154/2/74 2153/3/74
f 2153/3/75 2154/2/75 2158/5/75
f 2158/5/76 2156/7/76 2155/6/76
f 2156/7/77 2152/14/77 2151/8/77
f 2157/4/39 2155/6/39 2151/10/39
f 2154/13/78 2152/11/78 2156/7/78
f 2176/12/74 2178/2/74 2177/3/74
f 2177/3/75 2178/2/75 2182/5/75
f 2182/5/76 2180/7/76 2179/6/76
f 2180/7/77 2176/14/77 2175/8/77
f 2181/4/39 2179/6/39 2175/10/39
f 2178/13/78 2176/11/78 2180/7/78
f 2200/12/74 2202/2/74 2201/3/74
f 2201/3/75 2202/2/75 2206/5/75
f 2206/5/76 2204/7/76 2203/6/76
f 2204/7/77 2200/14/77 2199/8/77
f 2205/4/39 2203/6/39 2199/10/39
f 2202/13/78 2200/11/78 2204/7/78
f 2224/12/74 2226/2/74 2225/3/74
f 2225/3/75 2226/2/75 2230/5/75
f 2230/5/76 2228/7/76 2227/6/76
f 2228/7/77 2224/14/77 2223/8/77
f 2229/4/39 2227/6/39 2223/10/39
f 2226/13/78 2224/11/78 2228/7/78
f 2248/12/74 2250/2/74 2249/3/74
f 2249/3/75 2250/2/75 2254/5/75
f 2254/5/76 2252/7/76 2251/6/76
f 2252/7/77 2248/14/77 2247/8/77
f 2253/4/39 2251/6/39 2247/10/39
f 2250/13/78 2248/11/78 2252/7/78
f 2272/12/74 2274/2/74 2273/3/74
f 2273/3/75 2274/2/75 2278/5/75
f 2278/5/76 2276/7/76 2275/6/76
f 2276/7/77 2272/14/77 2271/8/77
f 2277/4/39 2275/6/39 2271/10/39
f 2274/13/78 2272/11/78 2276/7/78
f 2296/12/74 2298/2/74 2297/3/74
f 2297/3/75 2298/2/75 2302/5/75
f 2302/5/76 2300/7/76 2299/6/76
f 2300/7/77 2296/14/77 2295/8/77
f 2301/4/39 2299/6/39 2295/10/39
f 2298/13/78 2296/11/78 2300/7/78
f 2320/12/74 2322/2/74 2321/3/74
f 2321/3/75 2322/2/75 2326/5/75
f 2326/5/76 2324/7/76 2323/6/76
f 2324/7/77 2320/14/77 2319/8/77
f 2325/4/39 2323/6/39 2319/10/39
f 2322/13/78 2320/11/78 2324/7/78
f 2344/12/74 2346/2/74 2345/3/74
f 2345/3/75 2346/2/75 2350/5/75
f 2350/5/76 2348/7/76 2347/6/76
f 2348/7/77 2344/14/77 2343/8/77
f 2349/4/39 2347/6/39 2343/10/39
f 2346/13/78 2344/11/78 2348/7/78
f 2368/12/74 2370/2/74 2369/3/74
f 2369/3/75 2370/2/75 2374/5/75
f 2374/5/76 2372/7/76 2371/6/76
f 2372/7/77 2368/14/77 2367/8/77
f 2373/4/39 2371/6/39 2367/10/39
f 2370/13/78 2368/11/78 2372/7/78
f 2392/12/74 2394/2/74 2393/3/74
f 2393/3/75 2394/2/75 2398/5/75
f 2398/5/76 2396/7/76 2395/6/76
f 2396/7/77 2392/14/77 2391/8/77
f 2397/4/39 2395/6/39 2391/10/39
f 2394/13/78 2392/11/78 2396/7/78
f 2416/12/74 2418/2/74 2417/3/74
f 2417/3/75 2418/2/75 2422/5/75
f 2422/5/76 2420/7/76 2419/6/76
f 2420/7/77 2416/14/77 2415/8/77
f 2421/4/39 2419/6/39 2415/10/39
f 2418/13/78 2416/11/78 2420/7/78
f 2440/12/74 2442/2/74 2441/3/74
f 2441/3/75 2442/2/75 2446/5/75
f 2446/5/76 2444/7/76 2443/6/76
f 2444/7/77 2440/14/77 2439/8/77
f 2445/4/39 2443/6/39 2439/10/39
f 2442/13/78 2440/11/78 2444/7/78
f 2464/12/74 2466/2/74 2465/3/74
f 2465/3/75 2466/2/75 2470/5/75
f 2470/5/76 2468/7/76 2467/6/76
f 2468/7/77 2464/14/77 2463/8/77
f 2469/4/39 2467/6/39 2463/10/39
f 2466/13/78 2464/11/78 2468/7/78
f 2488/12/74 2490/2/74 2489/3/74
f 2489/3/75 2490/2/75 2494/5/75
f 2494/5/76 2492/7/76 2491/6/76
f 2492/7/77 2488/14/77 2487/8/77
f 2493/4/39 2491/6/39 2487/10/39
f 2490/13/78 2488/11/78 2492/7/78
f 2512/12/74 2514/2/74 2513/3/74
f 2513/3/75 2514/2/75 2518/5/75
f 2518/5/76 2516/7/76 2515/6/76
f 2516/7/77 2512/14/77 2511/8/77
f 2517/4/39 2515/6/39 2511/10/39
f 2514/13/78 2512/11/78 2516/7/78
f 2536/12/74 2538/2/74 2537/3/74
f 2537/3/75 2538/2/75 2542/5/75
f 2542/5/76 2540/7/76 2539/6/76
f 2540/7/77 2536/14/77 2535/8/77
f 2541/4/39 2539/6/39 2535/10/39
f 2538/13/78 2536/11/78 2540/7/78
f 2560/12/74 2562/2/74 2561/3/74
f 2561/3/75 2562/2/75 2566/5/75
f 2566/5/76 2564/7/76 2563/6/76
f 2564/7/77 2560/14/77 2559/8/77
f 2565/4/39 2563/6/39 2559/10/39
f 2562/13/78 2560/11/78 2564/7/78
f 2584/12/74 2586/2/74 2585/3/74
f 2585/3/75 2586/2/75 2590/5/75
f 2590/5/76 2588/7/76 2587/6/76
f 2588/7/77 2584/14/77 2583/8/77
f 2589/4/39 2587/6/39 2583/10/39
f 2586/13/78 2584/11/78 2588/7/78
f 2608/12/74 2610/2/74 2609/3/74
f 2609/3/75 2610/2/75 2614/5/75
f 2614/5/76 2612/7/76 2611/6/76
f 2612/7/77 2608/14/77 2607/8/77
f 2613/4/39 2611/6/39 2607/10/39
f 2610/13/78 2608/11/78 2612/7/78
f 2632/12/74 2634/2/74 2633/3/74
f 2633/3/75 2634/2/75 2638/5/75
f 2638/5/76 2636/7/76 2635/6/76
f 2636/7/77 2632/14/77 2631/8/77
f 2637/4/39 2635/6/39 2631/10/39
f 2634/13/78 2632/11/78 2636/7/78
f 2656/12/74 2658/2/74 2657/3/74
f 2657/3/75 2658/2/75 2662/5/75
f 2662/5/76 2660/7/76 2659/6/76
f 2660/7/77 2656/14/77 2655/8/77
f 2661/4/39 2659/6/39 2655/10/39
f 2658/13/78 2656/11/78 2660/7/78
f 2680/12/74 2682/2/74 2681/3/74
f 2681/3/75 2682/2/75 2686/5/75
f 2686/5/76 2684/7/76 2683/6/76
f 2684/7/77 2680/14/77 2679/8/77
f 2685/4/39 2683/6/39 2679/10/39
f 2682/13/78 2680/11/78 2684/7/78
f 2704/12/74 2706/2/74 2705/3/74
f 2705/3/75 2706/2/75 2710/5/75
f 2710/5/76 2708/7/76 2707/6/76
f 2708/7/77 2704/14/77 2703/8/77
f 2709/4/39 2707/6/39 2703/10/39
f 2706/13/78 2704/11/78 2708/7/78
f 2728/12/74 2730/2/74 2729/3/74
f 2729/3/75 2730/2/75 2734/5/75
f 2734/5/76 2732/7/76 2731/6/76
f 2732/7/77 2728/14/77 2727/8/77
f 2733/4/39 2731/6/39 2727/10/39
f 2730/13/78 2728/11/78 2732/7/78
f 2752/12/74 2754/2/74 2753/3/74
f 2753/3/75 2754/2/75 2758/5/75
f 2758/5/76 2756/7/76 2755/6/76
f 2756/7/77 2752/14/77 2751/8/77
f 2757/4/39 2755/6/39 2751/10/39
f 2754/13/78 2752/11/78 2756/7/78
f 2776/12/74 2778/2/74 2777/3/74
f 2777/3/75 2778/2/75 2782/5/75
f 2782/5/76 2780/7/76 2779/6/76
f 2780/7/77 2776/14/77 2775/8/77
f 2781/4/39 2779/6/39 2775/10/39
f 2778/13/78 2776/11/78 2780/7/78
f 2800/12/74 2802/2/74 2801/3/74
f 2801/3/75 2802/2/75 2806/5/75
f 2806/5/76 2804/7/76 2803/6/76
f 2804/7/77 2800/14/77 2799/8/77
f 2805/4/39 2803/6/39 2799/10/39
f 2802/13/78 2800/11/78 2804/7/78
f 2824/12/74 2826/2/74 2825/3/74
f 2825/3/75 2826/2/75 2830/5/75
f 2830/5/76 2828/7/76 2827/6/76
f 2828/7/77 2824/14/77 2823/8/77
f 2829/4/39 2827/6/39 2823/10/39
f 2826/13/78 2824/11/78 2828/7/78
f 2848/12/74 2850/2/74 2849/3/74
f 2849/3/75 2850/2/75 2854/5/75
f 2854/5/76 2852/7/76 2851/6/76
f 2852/7/77 2848/14/77 2847/8/77
f 2853/4/39 2851/6/39 2847/10/39
f 2850/13/78 2848/11/78 2852/7/78
f 2872/12/74 2874/2/74 2873/3/74
f 2873/3/75 2874/2/75 2878/5/75
f 2878/5/76 2876/7/76 2875/6/76
f 2876/7/77 2872/14/77 2871/8/77
f 2877/4/39 2875/6/39 2871/10/39
f 2874/13/78 2872/11/78 2876/7/78
f 2896/12/74 2898/2/74 2897/3/74
f 2897/3/75 2898/2/75 2902/5/75
f 2902/5/76 2900/7/76 2899/6/76
f 2900/7/77 2896/14/77 2895/8/77
f 2901/4/39 2899/6/39 2895/10/39
f 2898/13/78 2896/11/78 2900/7/78
f 2920/12/74 2922/2/74 2921/3/74
f 2921/3/75 2922/2/75 2926/5/75
f 2926/5/76 2924/7/76 2923/6/76
f 2924/7/77 2920/14/77 2919/8/77
f 2925/4/39 2923/6/39 2919/10/39
f 2922/13/78 2920/11/78 2924/7/78
f 2944/12/74 2946/2/74 2945/3/74
f 2945/3/75 2946/2/75 2950/5/75
f 2950/5/76 2948/7/76 2947/6/76
f 2948/7/77 2944/14/77 2943/8/77
f 2949/4/39 2947/6/39 2943/10/39
f 2946/13/78 2944/11/78 2948/7/78
f 2968/12/74 2970/2/74 2969/3/74
f 2969/3/75 2970/2/75 2974/5/75
f 2974/5/76 2972/7/76 2971/6/76
f 2972/7/77 2968/14/77 2967/8/77
f 2973/4/39 2971/6/39 2967/10/39
f 2970/13/78 2968/11/78 2972/7/78
f 2992/12/74 2994/2/74 2993/3/74
f 2993/3/75 2994/2/75 2998/5/75
f 2998/5/76 2996/7/76 2995/6/76
f 2996/7/77 2992/14/77 2991/8/77
f 2997/4/39 2995/6/39 2991/10/39
f 2994/13/78 2992/11/78 2996/7/78
f 3016/12/74 3018/2/74 3017/3/74
f 3017/3/75 3018/2/75 3022/5/75
f 3022/5/76 3020/7/76 3019/6/76
f 3020/7/77 3016/14/77 3015/8/77
f 3021/4/39 3019/6/39 3015/10/39
f 3018/13/78 3016/11/78 3020/7/78
f 3040/12/74 3042/2/74 3041/3/74
f 3041/3/75 3042/2/75 3046/5/75
f 3046/5/76 3044/7/76 3043/6/76
f 3044/7/77 3040/14/77 3039/8/77
f 3045/4/39 3043/6/39 3039/10/39
f 3042/13/78 3040/11/78 3044/7/78
f 3064/12/74 3066/2/74 3065/3/74
f 3065/3/75 3066/2/75 3070/5/75
f 3070/5/76 3068/7/76 3067/6/76
f 3068/7/77 3064/14/77 3063/8/77
f 3069/4/39 3067/6/39 3063/10/39
f 3066/13/78 3064/11/78 3068/7/78
f 3088/12/74 3090/2/74 3089/3/74
f 3089/3/75 3090/2/75 3094/5/75
f 3094/5/76 3092/7/76 3091/6/76
f 3092/7/77 3088/14/77 3087/8/77
f 3093/4/39 3091/6/39 3087/10/39
f 3090/13/78 3088/11/78 3092/7/78
f 3112/12/74 3114/2/74 3113/3/74
f 3113/3/75 3114/2/75 3118/5/75
f 3118/5/76 3116/7/76 3115/6/76
f 3116/7/77 3112/14/77 3111/8/77
f 3117/4/39 3115/6/39 3111/10/39
f 3114/13/78 3112/11/78 3116/7/78
f 3136/12/74 3138/2/74 3137/3/74
f 3137/3/75 3138/2/75 3142/5/75
f 3142/5/76 3140/7/76 3139/6/76
f 3140/7/77 3136/14/77 3135/8/77
f 3141/4/39 3139/6/39 3135/10/39
f 3138/13/78 3136/11/78 3140/7/78
f 3160/12/74 3162/2/74 3161/3/74
f 3161/3/75 3162/2/75 3166/5/75
f 3166/5/76 3164/7/76 3163/6/76
f 3164/7/77 3160/14/77 3159/8/77
f 3165/4/39 3163/6/39 3159/10/39
f 3162/13/78 3160/11/78 3164/7/78
f 3184/12/74 3186/2/74 3185/3/74
f 3185/3/75 3186/2/75 3190/5/75
f 3190/5/76 3188/7/76 3187/6/76
f 3188/7/77 3184/14/77 3183/8/77
f 3189/4/39 3187/6/39 3183/10/39
f 3186/13/78 3184/11/78 3188/7/78
f 3208/12/74 3210/2/74 3209/3/74
f 3209/3/75 3210/2/75 3214/5/75
f 3214/5/76 3212/7/76 3211/6/76
f 3212/7/77 3208/14/77 3207/8/77
f 3213/4/39 3211/6/39 3207/10/39
f 3210/13/78 3208/11/78 3212/7/78
f 3232/12/74 3234/2/74 3233/3/74
f 3233/3/75 3234/2/75 3238/5/75
f 3238/5/76 3236/7/76 3235/6/76
f 3236/7/77 3232/14/77 3231/8/77
f 3237/4/39 3235/6/39 3231/10/39
f 3234/13/78 3232/11/78 3236/7/78
f 3256/12/74 3258/2/74 3257/3/74
f 3257/3/75 3258/2/75 3262/5/75
f 3262/5/76 3260/7/76 3259/6/76
f 3260/7/77 3256/14/77 3255/8/77
f 3261/4/39 3259/6/39 3255/10/39
f 3258/13/78 3256/11/78 3260/7/78
f 3280/12/74 3282/2/74 3281/3/74
f 3281/3/75 3282/2/75 3286/5/75
f 3286/5/76 3284/7/76 3283/6/76
f 3284/7/77 3280/14/77 3279/8/77
f 3285/4/39 3283/6/39 3279/10/39
f 3282/13/78 3280/11/78 3284/7/78
f 3304/12/74 3306/2/74 3305/3/74
f 3305/3/75 3306/2/75 3310/5/75
f 3310/5/76 3308/7/76 3307/6/76
f 3308/7/77 3304/14/77 3303/8/77
f 3309/4/39 3307/6/39 3303/10/39
f 3306/13/78 3304/11/78 3308/7/78
f 3328/12/74 3330/2/74 3329/3/74
f 3329/3/75 3330/2/75 3334/5/75
f 3334/5/76 3332/7/76 3331/6/76
f 3332/7/77 3328/14/77 3327/8/77
f 3333/4/39 3331/6/39 3327/10/39
f 3330/13/78 3328/11/78 3332/7/78
f 3352/12/74 3354/2/74 3353/3/74
f 3353/3/75 3354/2/75 3358/5/75
f 3358/5/76 3356/7/76 3355/6/76
f 3356/7/77 3352/14/77 3351/8/77
f 3357/4/39 3355/6/39 3351/10/39
f 3354/13/78 3352/11/78 3356/7/78
f 3376/12/74 3378/2/74 3377/3/74
f 3377/3/75 3378/2/75 3382/5/75
f 3382/5/76 3380/7/76 3379/6/76
f 3380/7/77 3376/14/77 3375/8/77
f 3381/4/39 3379/6/39 3375/10/39
f 3378/13/78 3376/11/78 3380/7/78
f 3400/12/74 3402/2/74 3401/3/74
f 3401/3/75 3402/2/75 3406/5/75
f 3406/5/76 3404/7/76 3403/6/76
f 3404/7/77 3400/14/77 3399/8/77
f 3405/4/39 3403/6/39 3399/10/39
f 3402/13/78 3400/11/78 3404/7/78
f 3424/12/74 3426/2/74 3425/3/74
f 3425/3/75 3426/2/75 3430/5/75
f 3430/5/76 3428/7/76 3427/6/76
f 3428/7/77 3424/14/77 3423/8/77
f 3429/4/39 3427/6/39 3423/10/39
f 3426/13/78 3424/11/78 3428/7/78
f 3448/12/74 3450/2/74 3449/3/74
f 3449/3/75 3450/2/75 3454/5/75
f 3454/5/76 3452/7/76 3451/6/76
f 3452/7/77 3448/14/77 3447/8/77
f 3453/4/39 3451/6/39 3447/10/39
f 3450/13/78 3448/11/78 3452/7/78
f 3472/12/74 3474/2/74 3473/3/74
f 3473/3/75 3474/2/75 3478/5/75
f 3478/5/76 3476/7/76 3475/6/76
f 3476/7/77 3472/14/77 3471/8/77
f 3477/4/39 3475/6/39 3471/10/39
f 3474/13/78 3472/11/78 3476/7/78
f 3496/12/74 3498/2/74 3497/3/74
f 3497/3/75 3498/2/75 3502/5/75
f 3502/5/76 3500/7/76 3499/6/76
f 3500/7/77 3496/14/77 3495/8/77
f 3501/4/39 3499/6/39 3495/10/39
f 3498/13/78 3496/11/78 3500/7/78
f 3520/12/74 3522/2/74 3521/3/74
f 3521/3/75 3522/2/75 3526/5/75
f 3526/5/76 3524/7/76 3523/6/76
f 3524/7/77 3520/14/77 3519/8/77
f 3525/4/39 3523/6/39 3519/10/39
f 3522/13/78 3520/11/78 3524/7/78
f 3544/12/74 3546/2/74 3545/3/74
f 3545/3/75 3546/2/75 3550/5/75
f 3550/5/76 3548/7/76 3547/6/76
f 3548/7/77 3544/14/77 3543/8/77
f 3549/4/39 3547/6/39 3543/10/39
f 3546/13/78 3544/11/78 3548/7/78
f 3568/12/74 3570/2/74 3569/3/74
f 3569/3/75 3570/2/75 3574/5/75
f 3574/5/76 3572/7/76 3571/6/76
f 3572/7/77 3568/14/77 3567/8/77
f 3573/4/39 3571/6/39 3567/10/39
f 3570/13/78 3568/11/78 3572/7/78
f 3592/12/74 3594/2/74 3593/3/74
f 3593/3/75 3594/2/75 3598/5/75
f 3598/5/76 3596/7/76 3595/6/76
f 3596/7/77 3592/14/77 3591/8/77
f 3597/4/39 3595/6/39 3591/10/39
f 3594/13/78 3592/11/78 3596/7/78
f 3616/12/74 3618/2/74 3617/3/74
f 3617/3/75 3618/2/75 3622/5/75
f 3622/5/76 3620/7/76 3619/6/76
f 3620/7/77 3616/14/77 3615/8/77
f 3621/4/39 3619/6/39 3615/10/39
f 3618/13/78 3616/11/78 3620/7/78
g Cube.022_Material.006
usemtl Material.006
f 192/12/79 193/3/79 191/1/79
f 193/3/75 198/5/75 197/4/75
f 197/4/80 196/7/80 195/6/80
f 196/7/77 191/8/77 195/6/77
f 197/4/39 191/10/39 193/9/39
f 194/13/78 196/7/78 198/5/78
f 216/12/79 217/3/79 215/1/79
f 217/3/75 222/5/75 221/4/75
f 222/5/80 219/6/80 221/4/80
f 220/7/77 215/8/77 219/6/77
f 221/4/39 215/10/39 217/9/39
f 218/13/78 220/7/78 222/5/78
f 240/12/87 241/3/87 239/1/87
f 241/3/75 246/5/75 245/4/75
f 246/5/88 243/6/88 245/4/88
f 244/7/77 239/8/77 243/6/77
f 245/4/39 239/10/39 241/9/39
f 242/13/78 244/7/78 246/5/78
f 263/1/90 266/2/90 265/3/90
f 265/3/91 270/5/91 269/4/91
f 270/5/92 267/6/92 269/4/92
f 268/7/93 263/8/93 267/6/93
f 269/4/39 263/10/39 265/9/39
f 266/13/78 268/7/78 270/5/78
f 288/12/79 289/3/79 287/1/79
f 289/3/75 294/5/75 293/4/75
f 294/5/80 291/6/80 293/4/80
f 292/7/77 287/8/77 291/6/77
f 293/4/39 287/10/39 289/9/39
f 290/13/78 292/7/78 294/5/78
f 312/12/79 313/3/79 311/1/79
f 313/3/75 318/5/75 317/4/75
f 318/5/80 315/6/80 317/4/80
f 316/7/77 311/8/77 315/6/77
f 317/4/39 311/10/39 313/9/39
f 314/13/78 316/7/78 318/5/78
f 336/12/87 337/3/87 335/1/87
f 337/3/75 342/5/75 341/4/75
f 342/5/88 339/6/88 341/4/88
f 340/7/77 335/8/77 339/6/77
f 341/4/39 335/10/39 337/9/39
f 338/13/78 340/7/78 342/5/78
f 359/1/90 362/2/90 361/3/90
f 361/3/91 366/5/91 365/4/91
f 366/5/92 363/6/92 365/4/92
f 364/7/93 359/8/93 363/6/93
f 365/4/39 359/10/39 361/9/39
f 362/13/78 364/7/78 366/5/78
f 384/12/79 385/3/79 383/1/79
f 385/3/75 390/5/75 389/4/75
f 390/5/80 387/6/80 389/4/80
f 388/7/77 383/8/77 387/6/77
f 389/4/39 383/10/39 385/9/39
f 386/13/78 388/7/78 390/5/78
f 408/12/79 409/3/79 407/1/79
f 409/3/75 414/5/75 413/4/75
f 414/5/80 411/6/80 413/4/80
f 412/7/77 407/8/77 411/6/77
f 413/4/39 407/10/39 409/9/39
f 410/13/78 412/7/78 414/5/78
f 432/12/87 433/3/87 431/1/87
f 433/3/75 438/5/75 437/4/75
f 438/5/88 435/6/88 437/4/88
f 436/7/77 431/8/77 435/6/77
f 437/4/39 431/10/39 433/9/39
f 434/13/78 436/7/78 438/5/78
f 455/1/90 458/2/90 457/3/90
f 457/3/91 462/5/91 461/4/91
f 462/5/92 459/6/92 461/4/92
f 460/7/93 455/8/93 459/6/93
f 461/4/39 455/10/39 457/9/39
f 458/13/78 460/7/78 462/5/78
f 480/12/79 481/3/79 479/1/79
f 481/3/75 486/5/75 485/4/75
f 486/5/80 483/6/80 485/4/80
f 484/7/77 479/8/77 483/6/77
f 485/4/39 479/10/39 481/9/39
f 482/13/78 484/7/78 486/5/78
f 504/12/79 505/3/79 503/1/79
f 505/3/75 510/5/75 509/4/75
f 510/5/80 507/6/80 509/4/80
f 508/7/77 503/8/77 507/6/77
f 509/4/39 503/10/39 505/9/39
f 506/13/78 508/7/78 510/5/78
f 528/12/87 529/3/87 527/1/87
f 529/3/75 534/5/75 533/4/75
f 534/5/88 531/6/88 533/4/88
f 532/7/77 527/8/77 531/6/77
f 533/4/39 527/10/39 529/9/39
f 530/13/78 532/7/78 534/5/78
f 551/1/90 554/2/90 553/3/90
f 553/3/91 558/5/91 557/4/91
f 558/5/92 555/6/92 557/4/92
f 556/7/93 551/8/93 555/6/93
f 557/4/39 551/10/39 553/9/39
f 554/13/78 556/7/78 558/5/78
f 576/12/79 577/3/79 575/1/79
f 577/3/75 582/5/75 581/4/75
f 582/5/80 579/6/80 581/4/80
f 580/7/77 575/8/77 579/6/77
f 581/4/39 575/10/39 577/9/39
f 578/13/78 580/7/78 582/5/78
f 600/12/79 601/3/79 599/1/79
f 601/3/75 606/5/75 605/4/75
f 606/5/80 603/6/80 605/4/80
f 604/7/77 599/8/77 603/6/77
f 605/4/39 599/10/39 601/9/39
f 602/13/78 604/7/78 606/5/78
f 624/12/87 625/3/87 623/1/87
f 625/3/75 630/5/75 629/4/75
f 630/5/88 627/6/88 629/4/88
f 628/7/77 623/8/77 627/6/77
f 629/4/39 623/10/39 625/9/39
f 626/13/78 628/7/78 630/5/78
f 647/1/90 650/2/90 649/3/90
f 649/3/91 654/5/91 653/4/91
f 654/5/92 651/6/92 653/4/92
f 652/7/93 647/8/93 651/6/93
f 653/4/39 647/10/39 649/9/39
f 650/13/78 652/7/78 654/5/78
f 672/12/79 673/3/79 671/1/79
f 673/3/75 678/5/75 677/4/75
f 678/5/80 675/6/80 677/4/80
f 676/7/77 671/8/77 675/6/77
f 677/4/39 671/10/39 673/9/39
f 674/13/78 676/7/78 678/5/78
f 696/12/79 697/3/79 695/1/79
f 697/3/75 702/5/75 701/4/75
f 702/5/80 699/6/80 701/4/80
f 700/7/77 695/8/77 699/6/77
f 701/4/39 695/10/39 697/9/39
f 698/13/78 700/7/78 702/5/78
f 720/12/87 721/3/87 719/1/87
f 721/3/75 726/5/75 725/4/75
f 726/5/88 723/6/88 725/4/88
f 724/7/77 719/8/77 723/6/77
f 725/4/39 719/10/39 721/9/39
f 722/13/78 724/7/78 726/5/78
f 743/1/90 746/2/90 745/3/90
f 745/3/91 750/5/91 749/4/91
f 750/5/92 747/6/92 749/4/92
f 748/7/93 743/8/93 747/6/93
f 749/4/39 743/10/39 745/9/39
f 746/13/78 748/7/78 750/5/78
f 768/12/79 769/3/79 767/1/79
f 769/3/75 774/5/75 773/4/75
f 774/5/80 771/6/80 773/4/80
f 772/7/77 767/8/77 771/6/77
f 773/4/39 767/10/39 769/9/39
f 770/13/78 772/7/78 774/5/78
f 792/12/79 793/3/79 791/1/79
f 793/3/75 798/5/75 797/4/75
f 798/5/80 795/6/80 797/4/80
f 796/7/77 791/8/77 795/6/77
f 797/4/39 791/10/39 793/9/39
f 794/13/78 796/7/78 798/5/78
f 816/12/87 817/3/87 815/1/87
f 817/3/75 822/5/75 821/4/75
f 822/5/88 819/6/88 821/4/88
f 820/7/77 815/8/77 819/6/77
f 821/4/39 815/10/39 817/9/39
f 818/13/78 820/7/78 822/5/78
f 839/1/90 842/2/90 841/3/90
f 841/3/102 846/5/102 845/4/102
f 846/5/92 843/6/92 845/4/92
f 844/7/103 839/8/103 843/6/103
f 845/4/39 839/10/39 841/9/39
f 842/13/78 844/7/78 846/5/78
f 864/12/79 865/3/79 863/1/79
f 865/3/75 870/5/75 869/4/75
f 870/5/80 867/6/80 869/4/80
f 868/7/77 863/8/77 867/6/77
f 869/4/39 863/10/39 865/9/39
f 866/13/78 868/7/78 870/5/78
f 888/12/79 889/3/79 887/1/79
f 889/3/75 894/5/75 893/4/75
f 894/5/80 891/6/80 893/4/80
f 892/7/77 887/8/77 891/6/77
f 893/4/39 887/10/39 889/9/39
f 890/13/78 892/7/78 894/5/78
f 912/12/87 913/3/87 911/1/87
f 913/3/75 918/5/75 917/4/75
f 918/5/88 915/6/88 917/4/88
f 916/7/77 911/8/77 915/6/77
f 917/4/39 911/10/39 913/9/39
f 914/13/78 916/7/78 918/5/78
f 935/1/90 938/2/90 937/3/90
f 937/3/102 942/5/102 941/4/102
f 942/5/92 939/6/92 941/4/92
f 940/7/103 935/8/103 939/6/103
f 941/4/39 935/10/39 937/9/39
f 938/13/78 940/7/78 942/5/78
f 960/12/79 961/3/79 959/1/79
f 961/3/75 966/5/75 965/4/75
f 966/5/80 963/6/80 965/4/80
f 964/7/77 959/8/77 963/6/77
f 965/4/39 959/10/39 961/9/39
f 962/13/78 964/7/78 966/5/78
f 984/12/79 985/3/79 983/1/79
f 985/3/75 990/5/75 989/4/75
f 990/5/80 987/6/80 989/4/80
f 988/7/77 983/8/77 987/6/77
f 989/4/39 983/10/39 985/9/39
f 986/13/78 988/7/78 990/5/78
f 1008/12/87 1009/3/87 1007/1/87
f 1009/3/75 1014/5/75 1013/4/75
f 1014/5/88 1011/6/88 1013/4/88
f 1012/7/77 1007/8/77 1011/6/77
f 1013/4/39 1007/10/39 1009/9/39
f 1010/13/78 1012/7/78 1014/5/78
f 1031/1/90 1034/2/90 1033/3/90
f 1033/3/102 1038/5/102 1037/4/102
f 1038/5/92 1035/6/92 1037/4/92
f 1036/7/103 1031/8/103 1035/6/103
f 1037/4/39 1031/10/39 1033/9/39
f 1034/13/78 1036/7/78 1038/5/78
f 1056/12/79 1057/3/79 1055/1/79
f 1057/3/75 1062/5/75 1061/4/75
f 1062/5/80 1059/6/80 1061/4/80
f 1060/7/77 1055/8/77 1059/6/77
f 1061/4/39 1055/10/39 1057/9/39
f 1058/13/78 1060/7/78 1062/5/78
f 1080/12/79 1081/3/79 1079/1/79
f 1081/3/75 1086/5/75 1085/4/75
f 1086/5/80 1083/6/80 1085/4/80
f 1084/7/77 1079/8/77 1083/6/77
f 1085/4/39 1079/10/39 1081/9/39
f 1082/13/78 1084/7/78 1086/5/78
f 1104/12/87 1105/3/87 1103/1/87
f 1105/3/75 1110/5/75 1109/4/75
f 1110/5/88 1107/6/88 1109/4/88
f 1108/7/77 1103/8/77 1107/6/77
f 1109/4/39 1103/10/39 1105/9/39
f 1106/13/78 1108/7/78 1110/5/78
f 1127/1/90 1130/2/90 1129/3/90
f 1129/3/102 1134/5/102 1133/4/102
f 1134/5/92 1131/6/92 1133/4/92
f 1132/7/103 1127/8/103 1131/6/103
f 1133/4/39 1127/10/39 1129/9/39
f 1130/13/78 1132/7/78 1134/5/78
f 1152/12/79 1153/3/79 1151/1/79
f 1153/3/75 1158/5/75 1157/4/75
f 1157/4/80 1156/7/80 1155/6/80
f 1156/7/77 1151/8/77 1155/6/77
f 1157/4/39 1151/10/39 1153/9/39
f 1154/13/78 1156/7/78 1158/5/78
f 1176/12/79 1177/3/79 1175/1/79
f 1177/3/75 1182/5/75 1181/4/75
f 1182/5/80 1179/6/80 1181/4/80
f 1180/7/77 1175/8/77 1179/6/77
f 1181/4/39 1175/10/39 1177/9/39
f 1178/13/78 1180/7/78 1182/5/78
f 1200/12/87 1201/3/87 1199/1/87
f 1201/3/75 1206/5/75 1205/4/75
f 1206/5/88 1203/6/88 1205/4/88
f 1204/7/77 1199/8/77 1203/6/77
f 1205/4/39 1199/10/39 1201/9/39
f 1202/13/78 1204/7/78 1206/5/78
f 1223/1/90 1226/2/90 1225/3/90
f 1225/3/102 1230/5/102 1229/4/102
f 1230/5/92 1227/6/92 1229/4/92
f 1228/7/103 1223/8/103 1227/6/103
f 1229/4/39 1223/10/39 1225/9/39
f 1226/13/78 1228/7/78 1230/5/78
f 1248/12/79 1249/3/79 1247/1/79
f 1249/3/75 1254/5/75 1253/4/75
f 1253/4/80 1252/7/80 1251/6/80
f 1252/7/77 1247/8/77 1251/6/77
f 1253/4/39 1247/10/39 1249/9/39
f 1250/13/78 1252/7/78 1254/5/78
f 1272/12/79 1273/3/79 1271/1/79
f 1273/3/75 1278/5/75 1277/4/75
f 1278/5/80 1275/6/80 1277/4/80
f 1276/7/77 1271/8/77 1275/6/77
f 1277/4/39 1271/10/39 1273/9/39
f 1274/13/78 1276/7/78 1278/5/78
f 1296/12/87 1297/3/87 1295/1/87
f 1297/3/75 1302/5/75 1301/4/75
f 1302/5/88 1299/6/88 1301/4/88
f 1300/7/77 1295/8/77 1299/6/77
f 1301/4/39 1295/10/39 1297/9/39
f 1298/13/78 1300/7/78 1302/5/78
f 1319/1/90 1322/2/90 1321/3/90
f 1321/3/102 1326/5/102 1325/4/102
f 1326/5/92 1323/6/92 1325/4/92
f 1324/7/103 1319/8/103 1323/6/103
f 1325/4/39 1319/10/39 1321/9/39
f 1322/13/78 1324/7/78 1326/5/78
f 1344/12/79 1345/3/79 1343/1/79
f 1345/3/75 1350/5/75 1349/4/75
f 1350/5/80 1347/6/80 1349/4/80
f 1348/7/77 1343/8/77 1347/6/77
f 1349/4/39 1343/10/39 1345/9/39
f 1346/13/78 1348/7/78 1350/5/78
f 1368/12/79 1369/3/79 1367/1/79
f 1369/3/75 1374/5/75 1373/4/75
f 1374/5/80 1371/6/80 1373/4/80
f 1372/7/77 1367/8/77 1371/6/77
f 1373/4/39 1367/10/39 1369/9/39
f 1370/13/78 1372/7/78 1374/5/78
f 1392/12/87 1393/3/87 1391/1/87
f 1393/3/75 1398/5/75 1397/4/75
f 1398/5/88 1395/6/88 1397/4/88
f 1396/7/77 1391/8/77 1395/6/77
f 1397/4/39 1391/10/39 1393/9/39
f 1394/13/78 1396/7/78 1398/5/78
f 1415/1/90 1418/2/90 1417/3/90
f 1417/3/91 1422/5/91 1421/4/91
f 1422/5/92 1419/6/92 1421/4/92
f 1420/7/93 1415/8/93 1419/6/93
f 1421/4/39 1415/10/39 1417/9/39
f 1418/13/78 1420/7/78 1422/5/78
f 1440/12/79 1441/3/79 1439/1/79
f 1441/3/75 1446/5/75 1445/4/75
f 1446/5/80 1443/6/80 1445/4/80
f 1444/7/77 1439/8/77 1443/6/77
f 1445/4/39 1439/10/39 1441/9/39
f 1442/13/78 1444/7/78 1446/5/78
f 1464/12/79 1465/3/79 1463/1/79
f 1465/3/75 1470/5/75 1469/4/75
f 1470/5/80 1467/6/80 1469/4/80
f 1468/7/77 1463/8/77 1467/6/77
f 1469/4/39 1463/10/39 1465/9/39
f 1466/13/78 1468/7/78 1470/5/78
f 1488/12/87 1489/3/87 1487/1/87
f 1489/3/75 1494/5/75 1493/4/75
f 1494/5/88 1491/6/88 1493/4/88
f 1492/7/77 1487/8/77 1491/6/77
f 1493/4/39 1487/10/39 1489/9/39
f 1490/13/78 1492/7/78 1494/5/78
f 1511/1/90 1514/2/90 1513/3/90
f 1513/3/91 1518/5/91 1517/4/91
f 1518/5/92 1515/6/92 1517/4/92
f 1516/7/93 1511/8/93 1515/6/93
f 1517/4/39 1511/10/39 1513/9/39
f 1514/13/78 1516/7/78 1518/5/78
f 1536/12/79 1537/3/79 1535/1/79
f 1537/3/75 1542/5/75 1541/4/75
f 1542/5/80 1539/6/80 1541/4/80
f 1540/7/77 1535/8/77 1539/6/77
f 1541/4/39 1535/10/39 1537/9/39
f 1538/13/78 1540/7/78 1542/5/78
f 1560/12/79 1561/3/79 1559/1/79
f 1561/3/75 1566/5/75 1565/4/75
f 1566/5/80 1563/6/80 1565/4/80
f 1564/7/77 1559/8/77 1563/6/77
f 1565/4/39 1559/10/39 1561/9/39
f 1562/13/78 1564/7/78 1566/5/78
f 1584/12/87 1585/3/87 1583/1/87
f 1585/3/75 1590/5/75 1589/4/75
f 1590/5/88 1587/6/88 1589/4/88
f 1588/7/77 1583/8/77 1587/6/77
f 1589/4/39 1583/10/39 1585/9/39
f 1586/13/78 1588/7/78 1590/5/78
f 1607/1/90 1610/2/90 1609/3/90
f 1609/3/91 1614/5/91 1613/4/91
f 1614/5/92 1611/6/92 1613/4/92
f 1612/7/93 1607/8/93 1611/6/93
f 1613/4/39 1607/10/39 1609/9/39
f 1610/13/78 1612/7/78 1614/5/78
f 1632/12/79 1633/3/79 1631/1/79
f 1633/3/75 1638/5/75 1637/4/75
f 1638/5/80 1635/6/80 1637/4/80
f 1636/7/77 1631/8/77 1635/6/77
f 1637/4/39 1631/10/39 1633/9/39
f 1634/13/78 1636/7/78 1638/5/78
f 1656/12/79 1657/3/79 1655/1/79
f 1657/3/75 1662/5/75 1661/4/75
f 1662/5/80 1659/6/80 1661/4/80
f 1660/7/77 1655/8/77 1659/6/77
f 1661/4/39 1655/10/39 1657/9/39
f 1658/13/78 1660/7/78 1662/5/78
f 1680/12/87 1681/3/87 1679/1/87
f 1681/3/75 1686/5/75 1685/4/75
f 1686/5/88 1683/6/88 1685/4/88
f 1684/7/77 1679/8/77 1683/6/77
f 1685/4/39 1679/10/39 1681/9/39
f 1682/13/78 1684/7/78 1686/5/78
f 1703/1/90 1706/2/90 1705/3/90
f 1705/3/91 1710/5/91 1709/4/91
f 1710/5/92 1707/6/92 1709/4/92
f 1708/7/93 1703/8/93 1707/6/93
f 1709/4/39 1703/10/39 1705/9/39
f 1706/13/78 1708/7/78 1710/5/78
f 1728/12/79 1729/3/79 1727/1/79
f 1729/3/75 1734/5/75 1733/4/75
f 1734/5/80 1731/6/80 1733/4/80
f 1732/7/77 1727/8/77 1731/6/77
f 1733/4/39 1727/10/39 1729/9/39
f 1730/13/78 1732/7/78 1734/5/78
f 1752/12/79 1753/3/79 1751/1/79
f 1753/3/75 1758/5/75 1757/4/75
f 1758/5/80 1755/6/80 1757/4/80
f 1756/7/77 1751/8/77 1755/6/77
f 1757/4/39 1751/10/39 1753/9/39
f 1754/13/78 1756/7/78 1758/5/78
f 1776/12/87 1777/3/87 1775/1/87
f 1777/3/75 1782/5/75 1781/4/75
f 1782/5/88 1779/6/88 1781/4/88
f 1780/7/77 1775/8/77 1779/6/77
f 1781/4/39 1775/10/39 1777/9/39
f 1778/13/78 1780/7/78 1782/5/78
f 1799/1/90 1802/2/90 1801/3/90
f 1801/3/91 1806/5/91 1805/4/91
f 1806/5/92 1803/6/92 1805/4/92
f 1804/7/93 1799/8/93 1803/6/93
f 1805/4/39 1799/10/39 1801/9/39
f 1802/13/78 1804/7/78 1806/5/78
f 1824/12/79 1825/3/79 1823/1/79
f 1825/3/75 1830/5/75 1829/4/75
f 1830/5/80 1827/6/80 1829/4/80
f 1828/7/77 1823/8/77 1827/6/77
f 1829/4/39 1823/10/39 1825/9/39
f 1826/13/78 1828/7/78 1830/5/78
f 1848/12/105 1849/3/105 1847/1/105
f 1849/3/75 1854/5/75 1853/4/75
f 1854/5/80 1851/6/80 1853/4/80
f 1852/7/77 1847/8/77 1851/6/77
f 1853/4/39 1847/10/39 1849/9/39
f 1850/13/78 1852/7/78 1854/5/78
f 1872/12/87 1873/3/87 1871/1/87
f 1873/3/75 1878/5/75 1877/4/75
f 1878/5/88 1875/6/88 1877/4/88
f 1876/7/77 1871/8/77 1875/6/77
f 1877/4/39 1871/10/39 1873/9/39
f 1874/13/78 1876/7/78 1878/5/78
f 1895/1/90 1898/2/90 1897/3/90
f 1897/3/91 1902/5/91 1901/4/91
f 1902/5/92 1899/6/92 1901/4/92
f 1900/7/93 1895/8/93 1899/6/93
f 1901/4/39 1895/10/39 1897/9/39
f 1898/13/78 1900/7/78 1902/5/78
f 1920/12/79 1921/3/79 1919/1/79
f 1921/3/75 1926/5/75 1925/4/75
f 1926/5/80 1923/6/80 1925/4/80
f 1924/7/77 1919/8/77 1923/6/77
f 1925/4/39 1919/10/39 1921/9/39
f 1922/13/78 1924/7/78 1926/5/78
f 1944/12/79 1945/3/79 1943/1/79
f 1945/3/75 1950/5/75 1949/4/75
f 1950/5/80 1947/6/80 1949/4/80
f 1948/7/77 1943/8/77 1947/6/77
f 1949/4/39 1943/10/39 1945/9/39
f 1946/13/78 1948/7/78 1950/5/78
f 1968/12/87 1969/3/87 1967/1/87
f 1969/3/75 1974/5/75 1973/4/75
f 1974/5/88 1971/6/88 1973/4/88
f 1972/7/77 1967/8/77 1971/6/77
f 1973/4/39 1967/10/39 1969/9/39
f 1970/13/78 1972/7/78 1974/5/78
f 1991/1/90 1994/2/90 1993/3/90
f 1993/3/102 1998/5/102 1997/4/102
f 1998/5/92 1995/6/92 1997/4/92
f 1996/7/103 1991/8/103 1995/6/103
f 1997/4/39 1991/10/39 1993/9/39
f 1994/13/78 1996/7/78 1998/5/78
f 2016/12/79 2017/3/79 2015/1/79
f 2017/3/75 2022/5/75 2021/4/75
f 2022/5/80 2019/6/80 2021/4/80
f 2020/7/77 2015/8/77 2019/6/77
f 2021/4/39 2015/10/39 2017/9/39
f 2018/13/78 2020/7/78 2022/5/78
f 2040/12/79 2041/3/79 2039/1/79
f 2041/3/75 2046/5/75 2045/4/75
f 2046/5/80 2043/6/80 2045/4/80
f 2044/7/77 2039/8/77 2043/6/77
f 2045/4/39 2039/10/39 2041/9/39
f 2042/13/78 2044/7/78 2046/5/78
f 2064/12/87 2065/3/87 2063/1/87
f 2065/3/75 2070/5/75 2069/4/75
f 2070/5/88 2067/6/88 2069/4/88
f 2068/7/77 2063/8/77 2067/6/77
f 2069/4/39 2063/10/39 2065/9/39
f 2066/13/78 2068/7/78 2070/5/78
f 2087/1/90 2090/2/90 2089/3/90
f 2089/3/102 2094/5/102 2093/4/102
f 2094/5/92 2091/6/92 2093/4/92
f 2092/7/103 2087/8/103 2091/6/103
f 2093/4/39 2087/10/39 2089/9/39
f 2090/13/78 2092/7/78 2094/5/78
f 2112/12/79 2113/3/79 2111/1/79
f 2113/3/75 2118/5/75 2117/4/75
f 2118/5/80 2115/6/80 2117/4/80
f 2116/7/77 2111/8/77 2115/6/77
f 2117/4/39 2111/10/39 2113/9/39
f 2114/13/78 2116/7/78 2118/5/78
f 2136/12/79 2137/3/79 2135/1/79
f 2137/3/75 2142/5/75 2141/4/75
f 2142/5/80 2139/6/80 2141/4/80
f 2140/7/77 2135/8/77 2139/6/77
f 2141/4/39 2135/10/39 2137/9/39
f 2138/13/78 2140/7/78 2142/5/78
f 2160/12/87 2161/3/87 2159/1/87
f 2161/3/75 2166/5/75 2165/4/75
f 2166/5/88 2163/6/88 2165/4/88
f 2164/7/77 2159/8/77 2163/6/77
f 2165/4/39 2159/10/39 2161/9/39
f 2162/13/78 2164/7/78 2166/5/78
f 2183/1/90 2186/2/90 2185/3/90
f 2185/3/102 2190/5/102 2189/4/102
f 2190/5/92 2187/6/92 2189/4/92
f 2188/7/103 2183/8/103 2187/6/103
f 2189/4/39 2183/10/39 2185/9/39
f 2186/13/78 2188/7/78 2190/5/78
f 2208/12/79 2209/3/79 2207/1/79
f 2209/3/75 2214/5/75 2213/4/75
f 2214/5/80 2211/6/80 2213/4/80
f 2212/7/77 2207/8/77 2211/6/77
f 2213/4/39 2207/10/39 2209/9/39
f 2210/13/78 2212/7/78 2214/5/78
f 2232/12/79 2233/3/79 2231/1/79
f 2233/3/75 2238/5/75 2237/4/75
f 2238/5/80 2235/6/80 2237/4/80
f 2236/7/77 2231/8/77 2235/6/77
f 2237/4/39 2231/10/39 2233/9/39
f 2234/13/78 2236/7/78 2238/5/78
f 2256/12/87 2257/3/87 2255/1/87
f 2257/3/75 2262/5/75 2261/4/75
f 2262/5/88 2259/6/88 2261/4/88
f 2260/7/77 2255/8/77 2259/6/77
f 2261/4/39 2255/10/39 2257/9/39
f 2258/13/78 2260/7/78 2262/5/78
f 2279/1/90 2282/2/90 2281/3/90
f 2281/3/102 2286/5/102 2285/4/102
f 2286/5/92 2283/6/92 2285/4/92
f 2284/7/103 2279/8/103 2283/6/103
f 2285/4/39 2279/10/39 2281/9/39
f 2282/13/78 2284/7/78 2286/5/78
f 2304/12/79 2305/3/79 2303/1/79
f 2305/3/75 2310/5/75 2309/4/75
f 2310/5/80 2307/6/80 2309/4/80
f 2308/7/77 2303/8/77 2307/6/77
f 2309/4/39 2303/10/39 2305/9/39
f 2306/13/78 2308/7/78 2310/5/78
f 2328/12/79 2329/3/79 2327/1/79
f 2329/3/75 2334/5/75 2333/4/75
f 2334/5/80 2331/6/80 2333/4/80
f 2332/7/77 2327/8/77 2331/6/77
f 2333/4/39 2327/10/39 2329/9/39
f 2330/13/78 2332/7/78 2334/5/78
f 2352/12/87 2353/3/87 2351/1/87
f 2353/3/75 2358/5/75 2357/4/75
f 2358/5/88 2355/6/88 2357/4/88
f 2356/7/77 2351/8/77 2355/6/77
f 2357/4/39 2351/10/39 2353/9/39
f 2354/13/78 2356/7/78 2358/5/78
f 2375/1/90 2378/2/90 2377/3/90
f 2377/3/102 2382/5/102 2381/4/102
f 2382/5/92 2379/6/92 2381/4/92
f 2380/7/103 2375/8/103 2379/6/103
f 2381/4/39 2375/10/39 2377/9/39
f 2378/13/78 2380/7/78 2382/5/78
f 2400/12/79 2401/3/79 2399/1/79
f 2401/3/75 2406/5/75 2405/4/75
f 2406/5/80 2403/6/80 2405/4/80
f 2404/7/77 2399/8/77 2403/6/77
f 2405/4/39 2399/10/39 2401/9/39
f 2402/13/78 2404/7/78 2406/5/78
f 2424/12/79 2425/3/79 2423/1/79
f 2425/3/75 2430/5/75 2429/4/75
f 2430/5/80 2427/6/80 2429/4/80
f 2428/7/77 2423/8/77 2427/6/77
f 2429/4/39 2423/10/39 2425/9/39
f 2426/13/78 2428/7/78 2430/5/78
f 2448/12/87 2449/3/87 2447/1/87
f 2449/3/75 2454/5/75 2453/4/75
f 2454/5/88 2451/6/88 2453/4/88
f 2452/7/77 2447/8/77 2451/6/77
f 2453/4/39 2447/10/39 2449/9/39
f 2450/13/78 2452/7/78 2454/5/78
f 2471/1/90 2474/2/90 2473/3/90
f 2473/3/102 2478/5/102 2477/4/102
f 2478/5/92 2475/6/92 2477/4/92
f 2476/7/103 2471/8/103 2475/6/103
f 2477/4/39 2471/10/39 2473/9/39
f 2474/13/78 2476/7/78 2478/5/78
f 2496/12/79 2497/3/79 2495/1/79
f 2497/3/75 2502/5/75 2501/4/75
f 2502/5/80 2499/6/80 2501/4/80
f 2500/7/77 2495/8/77 2499/6/77
f 2501/4/39 2495/10/39 2497/9/39
f 2498/13/78 2500/7/78 2502/5/78
f 2520/12/79 2521/3/79 2519/1/79
f 2521/3/75 2526/5/75 2525/4/75
f 2526/5/80 2523/6/80 2525/4/80
f 2524/7/77 2519/8/77 2523/6/77
f 2525/4/39 2519/10/39 2521/9/39
f 2522/13/78 2524/7/78 2526/5/78
f 2544/12/87 2545/3/87 2543/1/87
f 2545/3/75 2550/5/75 2549/4/75
f 2550/5/88 2547/6/88 2549/4/88
f 2548/7/77 2543/8/77 2547/6/77
f 2549/4/39 2543/10/39 2545/9/39
f 2546/13/78 2548/7/78 2550/5/78
f 2567/1/90 2570/2/90 2569/3/90
f 2569/3/91 2574/5/91 2573/4/91
f 2574/5/92 2571/6/92 2573/4/92
f 2572/7/93 2567/8/93 2571/6/93
f 2573/4/39 2567/10/39 2569/9/39
f 2570/13/78 2572/7/78 2574/5/78
f 2592/12/79 2593/3/79 2591/1/79
f 2593/3/75 2598/5/75 2597/4/75
f 2598/5/80 2595/6/80 2597/4/80
f 2596/7/77 2591/8/77 2595/6/77
f 2597/4/39 2591/10/39 2593/9/39
f 2594/13/78 2596/7/78 2598/5/78
f 2616/12/79 2617/3/79 2615/1/79
f 2617/3/75 2622/5/75 2621/4/75
f 2622/5/80 2619/6/80 2621/4/80
f 2620/7/77 2615/8/77 2619/6/77
f 2621/4/39 2615/10/39 2617/9/39
f 2618/13/78 2620/7/78 2622/5/78
f 2640/12/87 2641/3/87 2639/1/87
f 2641/3/75 2646/5/75 2645/4/75
f 2646/5/88 2643/6/88 2645/4/88
f 2644/7/77 2639/8/77 2643/6/77
f 2645/4/39 2639/10/39 2641/9/39
f 2642/13/78 2644/7/78 2646/5/78
f 2663/1/90 2666/2/90 2665/3/90
f 2665/3/91 2670/5/91 2669/4/91
f 2670/5/92 2667/6/92 2669/4/92
f 2668/7/93 2663/8/93 2667/6/93
f 2669/4/39 2663/10/39 2665/9/39
f 2666/13/78 2668/7/78 2670/5/78
f 2688/12/79 2689/3/79 2687/1/79
f 2689/3/75 2694/5/75 2693/4/75
f 2694/5/80 2691/6/80 2693/4/80
f 2692/7/77 2687/8/77 2691/6/77
f 2693/4/39 2687/10/39 2689/9/39
f 2690/13/78 2692/7/78 2694/5/78
f 2712/12/79 2713/3/79 2711/1/79
f 2713/3/75 2718/5/75 2717/4/75
f 2718/5/80 2715/6/80 2717/4/80
f 2716/7/77 2711/8/77 2715/6/77
f 2717/4/39 2711/10/39 2713/9/39
f 2714/13/78 2716/7/78 2718/5/78
f 2736/12/87 2737/3/87 2735/1/87
f 2737/3/75 2742/5/75 2741/4/75
f 2742/5/88 2739/6/88 2741/4/88
f 2740/7/77 2735/8/77 2739/6/77
f 2741/4/39 2735/10/39 2737/9/39
f 2738/13/78 2740/7/78 2742/5/78
f 2759/1/90 2762/2/90 2761/3/90
f 2761/3/91 2766/5/91 2765/4/91
f 2766/5/92 2763/6/92 2765/4/92
f 2764/7/93 2759/8/93 2763/6/93
f 2765/4/39 2759/10/39 2761/9/39
f 2762/13/78 2764/7/78 2766/5/78
f 2784/12/79 2785/3/79 2783/1/79
f 2785/3/75 2790/5/75 2789/4/75
f 2790/5/80 2787/6/80 2789/4/80
f 2788/7/77 2783/8/77 2787/6/77
f 2789/4/39 2783/10/39 2785/9/39
f 2786/13/78 2788/7/78 2790/5/78
f 2808/12/105 2809/3/105 2807/1/105
f 2809/3/75 2814/5/75 2813/4/75
f 2814/5/80 2811/6/80 2813/4/80
f 2812/7/77 2807/8/77 2811/6/77
f 2813/4/39 2807/10/39 2809/9/39
f 2810/13/78 2812/7/78 2814/5/78
f 2832/12/87 2833/3/87 2831/1/87
f 2833/3/75 2838/5/75 2837/4/75
f 2838/5/88 2835/6/88 2837/4/88
f 2836/7/77 2831/8/77 2835/6/77
f 2837/4/39 2831/10/39 2833/9/39
f 2834/13/78 2836/7/78 2838/5/78
f 2855/1/90 2858/2/90 2857/3/90
f 2857/3/91 2862/5/91 2861/4/91
f 2862/5/92 2859/6/92 2861/4/92
f 2860/7/93 2855/8/93 2859/6/93
f 2861/4/39 2855/10/39 2857/9/39
f 2858/13/78 2860/7/78 2862/5/78
f 2880/12/79 2881/3/79 2879/1/79
f 2881/3/75 2886/5/75 2885/4/75
f 2885/4/80 2884/7/80 2883/6/80
f 2884/7/77 2879/8/77 2883/6/77
f 2885/4/39 2879/10/39 2881/9/39
f 2882/13/78 2884/7/78 2886/5/78
f 2904/12/79 2905/3/79 2903/1/79
f 2905/3/75 2910/5/75 2909/4/75
f 2910/5/80 2907/6/80 2909/4/80
f 2908/7/77 2903/8/77 2907/6/77
f 2909/4/39 2903/10/39 2905/9/39
f 2906/13/78 2908/7/78 2910/5/78
f 2928/12/87 2929/3/87 2927/1/87
f 2929/3/75 2934/5/75 2933/4/75
f 2934/5/88 2931/6/88 2933/4/88
f 2932/7/77 2927/8/77 2931/6/77
f 2933/4/39 2927/10/39 2929/9/39
f 2930/13/78 2932/7/78 2934/5/78
f 2951/1/90 2954/2/90 2953/3/90
f 2953/3/91 2958/5/91 2957/4/91
f 2958/5/92 2955/6/92 2957/4/92
f 2956/7/93 2951/8/93 2955/6/93
f 2957/4/39 2951/10/39 2953/9/39
f 2954/13/78 2956/7/78 2958/5/78
f 2976/12/79 2977/3/79 2975/1/79
f 2977/3/75 2982/5/75 2981/4/75
f 2982/5/80 2979/6/80 2981/4/80
f 2980/7/77 2975/8/77 2979/6/77
f 2981/4/39 2975/10/39 2977/9/39
f 2978/13/78 2980/7/78 2982/5/78
f 3000/12/79 3001/3/79 2999/1/79
f 3001/3/75 3006/5/75 3005/4/75
f 3006/5/80 3003/6/80 3005/4/80
f 3004/7/77 2999/8/77 3003/6/77
f 3005/4/39 2999/10/39 3001/9/39
f 3002/13/78 3004/7/78 3006/5/78
f 3024/12/87 3025/3/87 3023/1/87
f 3025/3/75 3030/5/75 3029/4/75
f 3030/5/88 3027/6/88 3029/4/88
f 3028/7/77 3023/8/77 3027/6/77
f 3029/4/39 3023/10/39 3025/9/39
f 3026/13/78 3028/7/78 3030/5/78
f 3047/1/90 3050/2/90 3049/3/90
f 3049/3/91 3054/5/91 3053/4/91
f 3054/5/92 3051/6/92 3053/4/92
f 3052/7/93 3047/8/93 3051/6/93
f 3053/4/39 3047/10/39 3049/9/39
f 3050/13/78 3052/7/78 3054/5/78
f 3072/12/105 3073/3/105 3071/1/105
f 3073/3/75 3078/5/75 3077/4/75
f 3078/5/80 3075/6/80 3077/4/80
f 3076/7/77 3071/8/77 3075/6/77
f 3077/4/39 3071/10/39 3073/9/39
f 3074/13/78 3076/7/78 3078/5/78
f 3096/12/79 3097/3/79 3095/1/79
f 3097/3/75 3102/5/75 3101/4/75
f 3102/5/80 3099/6/80 3101/4/80
f 3100/7/77 3095/8/77 3099/6/77
f 3101/4/39 3095/10/39 3097/9/39
f 3098/13/78 3100/7/78 3102/5/78
f 3120/12/87 3121/3/87 3119/1/87
f 3121/3/75 3126/5/75 3125/4/75
f 3126/5/88 3123/6/88 3125/4/88
f 3124/7/77 3119/8/77 3123/6/77
f 3125/4/39 3119/10/39 3121/9/39
f 3122/13/78 3124/7/78 3126/5/78
f 3143/1/90 3146/2/90 3145/3/90
f 3145/3/102 3150/5/102 3149/4/102
f 3150/5/92 3147/6/92 3149/4/92
f 3148/7/103 3143/8/103 3147/6/103
f 3149/4/39 3143/10/39 3145/9/39
f 3146/13/78 3148/7/78 3150/5/78
f 3168/12/79 3169/3/79 3167/1/79
f 3169/3/75 3174/5/75 3173/4/75
f 3174/5/80 3171/6/80 3173/4/80
f 3172/7/77 3167/8/77 3171/6/77
f 3173/4/39 3167/10/39 3169/9/39
f 3170/13/78 3172/7/78 3174/5/78
f 3192/12/79 3193/3/79 3191/1/79
f 3193/3/75 3198/5/75 3197/4/75
f 3198/5/106 3195/6/106 3197/4/106
f 3196/7/77 3191/8/77 3195/6/77
f 3197/4/39 3191/10/39 3193/9/39
f 3194/13/78 3196/7/78 3198/5/78
f 3216/12/87 3217/3/87 3215/1/87
f 3217/3/75 3222/5/75 3221/4/75
f 3222/5/88 3219/6/88 3221/4/88
f 3220/7/77 3215/8/77 3219/6/77
f 3221/4/39 3215/10/39 3217/9/39
f 3218/13/78 3220/7/78 3222/5/78
f 3239/1/90 3242/2/90 3241/3/90
f 3241/3/102 3246/5/102 3245/4/102
f 3246/5/92 3243/6/92 3245/4/92
f 3244/7/103 3239/8/103 3243/6/103
f 3245/4/39 3239/10/39 3241/9/39
f 3242/13/78 3244/7/78 3246/5/78
f 3264/12/105 3265/3/105 3263/1/105
f 3265/3/75 3270/5/75 3269/4/75
f 3270/5/80 3267/6/80 3269/4/80
f 3268/7/77 3263/8/77 3267/6/77
f 3269/4/39 3263/10/39 3265/9/39
f 3266/13/78 3268/7/78 3270/5/78
f 3288/12/79 3289/3/79 3287/1/79
f 3289/3/75 3294/5/75 3293/4/75
f 3294/5/80 3291/6/80 3293/4/80
f 3292/7/77 3287/8/77 3291/6/77
f 3293/4/39 3287/10/39 3289/9/39
f 3290/13/78 3292/7/78 3294/5/78
f 3312/12/87 3313/3/87 3311/1/87
f 3313/3/75 3318/5/75 3317/4/75
f 3318/5/88 3315/6/88 3317/4/88
f 3316/7/77 3311/8/77 3315/6/77
f 3317/4/39 3311/10/39 3313/9/39
f 3314/13/78 3316/7/78 3318/5/78
f 3335/1/90 3338/2/90 3337/3/90
f 3337/3/102 3342/5/102 3341/4/102
f 3342/5/92 3339/6/92 3341/4/92
f 3340/7/103 3335/8/103 3339/6/103
f 3341/4/39 3335/10/39 3337/9/39
f 3338/13/78 3340/7/78 3342/5/78
f 3360/12/79 3361/3/79 3359/1/79
f 3361/3/75 3366/5/75 3365/4/75
f 3366/5/80 3363/6/80 3365/4/80
f 3364/7/77 3359/8/77 3363/6/77
f 3365/4/39 3359/10/39 3361/9/39
f 3362/13/78 3364/7/78 3366/5/78
f 3384/12/105 3385/3/105 3383/1/105
f 3385/3/75 3390/5/75 3389/4/75
f 3390/5/80 3387/6/80 3389/4/80
f 3388/7/77 3383/8/77 3387/6/77
f 3389/4/39 3383/10/39 3385/9/39
f 3386/13/78 3388/7/78 3390/5/78
f 3408/12/87 3409/3/87 3407/1/87
f 3409/3/75 3414/5/75 3413/4/75
f 3414/5/88 3411/6/88 3413/4/88
f 3412/7/77 3407/8/77 3411/6/77
f 3413/4/39 3407/10/39 3409/9/39
f 3410/13/78 3412/7/78 3414/5/78
f 3431/1/90 3434/2/90 3433/3/90
f 3433/3/102 3438/5/102 3437/4/102
f 3438/5/92 3435/6/92 3437/4/92
f 3436/7/103 3431/8/103 3435/6/103
f 3437/4/39 3431/10/39 3433/9/39
f 3434/13/78 3436/7/78 3438/5/78
f 3456/12/105 3457/3/105 3455/1/105
f 3457/3/75 3462/5/75 3461/4/75
f 3461/4/106 3460/7/106 3459/6/106
f 3460/7/77 3455/8/77 3459/6/77
f 3461/4/39 3455/10/39 3457/9/39
f 3458/13/78 3460/7/78 3462/5/78
f 3480/12/105 3481/3/105 3479/1/105
f 3481/3/75 3486/5/75 3485/4/75
f 3486/5/80 3483/6/80 3485/4/80
f 3484/7/77 3479/8/77 3483/6/77
f 3485/4/39 3479/10/39 3481/9/39
f 3482/13/78 3484/7/78 3486/5/78
f 3504/12/87 3505/3/87 3503/1/87
f 3505/3/75 3510/5/75 3509/4/75
f 3510/5/88 3507/6/88 3509/4/88
f 3508/7/77 3503/8/77 3507/6/77
f 3509/4/39 3503/10/39 3505/9/39
f 3506/13/78 3508/7/78 3510/5/78
f 3527/1/90 3530/2/90 3529/3/90
f 3529/3/102 3534/5/102 3533/4/102
f 3534/5/92 3531/6/92 3533/4/92
f 3532/7/103 3527/8/103 3531/6/103
f 3533/4/39 3527/10/39 3529/9/39
f 3530/13/78 3532/7/78 3534/5/78
f 3552/12/79 3553/3/79 3551/1/79
f 3553/3/75 3558/5/75 3557/4/75
f 3558/5/80 3555/6/80 3557/4/80
f 3556/7/77 3551/8/77 3555/6/77
f 3557/4/39 3551/10/39 3553/9/39
f 3554/13/78 3556/7/78 3558/5/78
f 3576/12/79 3577/3/79 3575/1/79
f 3577/3/75 3582/5/75 3581/4/75
f 3582/5/80 3579/6/80 3581/4/80
f 3580/7/77 3575/8/77 3579/6/77
f 3581/4/39 3575/10/39 3577/9/39
f 3578/13/78 3580/7/78 3582/5/78
f 3600/12/87 3601/3/87 3599/1/87
f 3601/3/75 3606/5/75 3605/4/75
f 3606/5/88 3603/6/88 3605/4/88
f 3604/7/77 3599/8/77 3603/6/77
f 3605/4/39 3599/10/39 3601/9/39
f 3602/13/78 3604/7/78 3606/5/78
f 3623/1/90 3626/2/90 3625/3/90
f 3625/3/102 3630/5/102 3629/4/102
f 3630/5/92 3627/6/92 3629/4/92
f 3628/7/103 3623/8/103 3627/6/103
f 3629/4/39 3623/10/39 3625/9/39
f 3626/13/78 3628/7/78 3630/5/78
f 192/12/79 194/2/79 193/3/79
f 193/3/75 194/2/75 198/5/75
f 197/4/80 198/5/80 196/7/80
f 196/7/77 192/14/77 191/8/77
f 197/4/39 195/6/39 191/10/39
f 194/13/78 192/11/78 196/7/78
f 216/12/79 218/2/79 217/3/79
f 217/3/75 218/2/75 222/5/75
f 222/5/80 220/7/80 219/6/80
f 220/7/77 216/14/77 215/8/77
f 221/4/39 219/6/39 215/10/39
f 218/13/78 216/11/78 220/7/78
f 240/12/87 242/2/87 241/3/87
f 241/3/75 242/2/75 246/5/75
f 246/5/88 244/7/88 243/6/88
f 244/7/77 240/14/77 239/8/77
f 245/4/39 243/6/39 239/10/39
f 242/13/78 240/11/78 244/7/78
f 263/1/90 264/12/90 266/2/90
f 265/3/91 266/2/91 270/5/91
f 270/5/92 268/7/92 267/6/92
f 268/7/93 264/14/93 263/8/93
f 269/4/39 267/6/39 263/10/39
f 266/13/78 264/11/78 268/7/78
f 288/12/79 290/2/79 289/3/79
f 289/3/75 290/2/75 294/5/75
f 294/5/80 292/7/80 291/6/80
f 292/7/77 288/14/77 287/8/77
f 293/4/39 291/6/39 287/10/39
f 290/13/78 288/11/78 292/7/78
f 312/12/79 314/2/79 313/3/79
f 313/3/75 314/2/75 318/5/75
f 318/5/80 316/7/80 315/6/80
f 316/7/77 312/14/77 311/8/77
f 317/4/39 315/6/39 311/10/39
f 314/13/78 312/11/78 316/7/78
f 336/12/87 338/2/87 337/3/87
f 337/3/75 338/2/75 342/5/75
f 342/5/88 340/7/88 339/6/88
f 340/7/77 336/14/77 335/8/77
f 341/4/39 339/6/39 335/10/39
f 338/13/78 336/11/78 340/7/78
f 359/1/90 360/12/90 362/2/90
f 361/3/91 362/2/91 366/5/91
f 366/5/92 364/7/92 363/6/92
f 364/7/93 360/14/93 359/8/93
f 365/4/39 363/6/39 359/10/39
f 362/13/78 360/11/78 364/7/78
f 384/12/79 386/2/79 385/3/79
f 385/3/75 386/2/75 390/5/75
f 390/5/80 388/7/80 387/6/80
f 388/7/77 384/14/77 383/8/77
f 389/4/39 387/6/39 383/10/39
f 386/13/78 384/11/78 388/7/78
f 408/12/79 410/2/79 409/3/79
f 409/3/75 410/2/75 414/5/75
f 414/5/80 412/7/80 411/6/80
f 412/7/77 408/14/77 407/8/77
f 413/4/39 411/6/39 407/10/39
f 410/13/78 408/11/78 412/7/78
f 432/12/87 434/2/87 433/3/87
f 433/3/75 434/2/75 438/5/75
f 438/5/88 436/7/88 435/6/88
f 436/7/77 432/14/77 431/8/77
f 437/4/39 435/6/39 431/10/39
f 434/13/78 432/11/78 436/7/78
f 455/1/90 456/12/90 458/2/90
f 457/3/91 458/2/91 462/5/91
f 462/5/92 460/7/92 459/6/92
f 460/7/93 456/14/93 455/8/93
f 461/4/39 459/6/39 455/10/39
f 458/13/78 456/11/78 460/7/78
f 480/12/79 482/2/79 481/3/79
f 481/3/75 482/2/75 486/5/75
f 486/5/80 484/7/80 483/6/80
f 484/7/77 480/14/77 479/8/77
f 485/4/39 483/6/39 479/10/39
f 482/13/78 480/11/78 484/7/78
f 504/12/79 506/2/79 505/3/79
f 505/3/75 506/2/75 510/5/75
f 510/5/80 508/7/80 507/6/80
f 508/7/77 504/14/77 503/8/77
f 509/4/39 507/6/39 503/10/39
f 506/13/78 504/11/78 508/7/78
f 528/12/87 530/2/87 529/3/87
f 529/3/75 530/2/75 534/5/75
f 534/5/88 532/7/88 531/6/88
f 532/7/77 528/14/77 527/8/77
f 533/4/39 531/6/39 527/10/39
f 530/13/78 528/11/78 532/7/78
f 551/1/90 552/12/90 554/2/90
f 553/3/91 554/2/91 558/5/91
f 558/5/92 556/7/92 555/6/92
f 556/7/93 552/14/93 551/8/93
f 557/4/39 555/6/39 551/10/39
f 554/13/78 552/11/78 556/7/78
f 576/12/79 578/2/79 577/3/79
f 577/3/75 578/2/75 582/5/75
f 582/5/80 580/7/80 579/6/80
f 580/7/77 576/14/77 575/8/77
f 581/4/39 579/6/39 575/10/39
f 578/13/78 576/11/78 580/7/78
f 600/12/79 602/2/79 601/3/79
f 601/3/75 602/2/75 606/5/75
f 606/5/80 604/7/80 603/6/80
f 604/7/77 600/14/77 599/8/77
f 605/4/39 603/6/39 599/10/39
f 602/13/78 600/11/78 604/7/78
f 624/12/87 626/2/87 625/3/87
f 625/3/75 626/2/75 630/5/75
f 630/5/88 628/7/88 627/6/88
f 628/7/77 624/14/77 623/8/77
f 629/4/39 627/6/39 623/10/39
f 626/13/78 624/11/78 628/7/78
f 647/1/90 648/12/90 650/2/90
f 649/3/91 650/2/91 654/5/91
f 654/5/92 652/7/92 651/6/92
f 652/7/93 648/14/93 647/8/93
f 653/4/39 651/6/39 647/10/39
f 650/13/78 648/11/78 652/7/78
f 672/12/79 674/2/79 673/3/79
f 673/3/75 674/2/75 678/5/75
f 678/5/80 676/7/80 675/6/80
f 676/7/77 672/14/77 671/8/77
f 677/4/39 675/6/39 671/10/39
f 674/13/78 672/11/78 676/7/78
f 696/12/79 698/2/79 697/3/79
f 697/3/75 698/2/75 702/5/75
f 702/5/80 700/7/80 699/6/80
f 700/7/77 696/14/77 695/8/77
f 701/4/39 699/6/39 695/10/39
f 698/13/78 696/11/78 700/7/78
f 720/12/87 722/2/87 721/3/87
f 721/3/75 722/2/75 726/5/75
f 726/5/88 724/7/88 723/6/88
f 724/7/77 720/14/77 719/8/77
f 725/4/39 723/6/39 719/10/39
f 722/13/78 720/11/78 724/7/78
f 743/1/90 744/12/90 746/2/90
f 745/3/91 746/2/91 750/5/91
f 750/5/92 748/7/92 747/6/92
f 748/7/93 744/14/93 743/8/93
f 749/4/39 747/6/39 743/10/39
f 746/13/78 744/11/78 748/7/78
f 768/12/79 770/2/79 769/3/79
f 769/3/75 770/2/75 774/5/75
f 774/5/80 772/7/80 771/6/80
f 772/7/77 768/14/77 767/8/77
f 773/4/39 771/6/39 767/10/39
f 770/13/78 768/11/78 772/7/78
f 792/12/79 794/2/79 793/3/79
f 793/3/75 794/2/75 798/5/75
f 798/5/80 796/7/80 795/6/80
f 796/7/77 792/14/77 791/8/77
f 797/4/39 795/6/39 791/10/39
f 794/13/78 792/11/78 796/7/78
f 816/12/87 818/2/87 817/3/87
f 817/3/75 818/2/75 822/5/75
f 822/5/88 820/7/88 819/6/88
f 820/7/77 816/14/77 815/8/77
f 821/4/39 819/6/39 815/10/39
f 818/13/78 816/11/78 820/7/78
f 839/1/90 840/12/90 842/2/90
f 841/3/102 842/2/102 846/5/102
f 846/5/92 844/7/92 843/6/92
f 844/7/103 840/14/103 839/8/103
f 845/4/39 843/6/39 839/10/39
f 842/13/78 840/11/78 844/7/78
f 864/12/79 866/2/79 865/3/79
f 865/3/75 866/2/75 870/5/75
f 870/5/80 868/7/80 867/6/80
f 868/7/77 864/14/77 863/8/77
f 869/4/39 867/6/39 863/10/39
f 866/13/78 864/11/78 868/7/78
f 888/12/79 890/2/79 889/3/79
f 889/3/75 890/2/75 894/5/75
f 894/5/80 892/7/80 891/6/80
f 892/7/77 888/14/77 887/8/77
f 893/4/39 891/6/39 887/10/39
f 890/13/78 888/11/78 892/7/78
f 912/12/87 914/2/87 913/3/87
f 913/3/75 914/2/75 918/5/75
f 918/5/88 916/7/88 915/6/88
f 916/7/77 912/14/77 911/8/77
f 917/4/39 915/6/39 911/10/39
f 914/13/78 912/11/78 916/7/78
f 935/1/90 936/12/90 938/2/90
f 937/3/102 938/2/102 942/5/102
f 942/5/92 940/7/92 939/6/92
f 940/7/103 936/14/103 935/8/103
f 941/4/39 939/6/39 935/10/39
f 938/13/78 936/11/78 940/7/78
f 960/12/79 962/2/79 961/3/79
f 961/3/75 962/2/75 966/5/75
f 966/5/80 964/7/80 963/6/80
f 964/7/77 960/14/77 959/8/77
f 965/4/39 963/6/39 959/10/39
f 962/13/78 960/11/78 964/7/78
f 984/12/79 986/2/79 985/3/79
f 985/3/75 986/2/75 990/5/75
f 990/5/80 988/7/80 987/6/80
f 988/7/77 984/14/77 983/8/77
f 989/4/39 987/6/39 983/10/39
f 986/13/78 984/11/78 988/7/78
f 1008/12/87 1010/2/87 1009/3/87
f 1009/3/75 1010/2/75 1014/5/75
f 1014/5/88 1012/7/88 1011/6/88
f 1012/7/77 1008/14/77 1007/8/77
f 1013/4/39 1011/6/39 1007/10/39
f 1010/13/78 1008/11/78 1012/7/78
f 1031/1/90 1032/12/90 1034/2/90
f 1033/3/102 1034/2/102 1038/5/102
f 1038/5/92 1036/7/92 1035/6/92
f 1036/7/103 1032/14/103 1031/8/103
f 1037/4/39 1035/6/39 1031/10/39
f 1034/13/78 1032/11/78 1036/7/78
f 1056/12/79 1058/2/79 1057/3/79
f 1057/3/75 1058/2/75 1062/5/75
f 1062/5/80 1060/7/80 1059/6/80
f 1060/7/77 1056/14/77 1055/8/77
f 1061/4/39 1059/6/39 1055/10/39
f 1058/13/78 1056/11/78 1060/7/78
f 1080/12/79 1082/2/79 1081/3/79
f 1081/3/75 1082/2/75 1086/5/75
f 1086/5/80 1084/7/80 1083/6/80
f 1084/7/77 1080/14/77 1079/8/77
f 1085/4/39 1083/6/39 1079/10/39
f 1082/13/78 1080/11/78 1084/7/78
f 1104/12/87 1106/2/87 1105/3/87
f 1105/3/75 1106/2/75 1110/5/75
f 1110/5/88 1108/7/88 1107/6/88
f 1108/7/77 1104/14/77 1103/8/77
f 1109/4/39 1107/6/39 1103/10/39
f 1106/13/78 1104/11/78 1108/7/78
f 1127/1/90 1128/12/90 1130/2/90
f 1129/3/102 1130/2/102 1134/5/102
f 1134/5/92 1132/7/92 1131/6/92
f 1132/7/103 1128/14/103 1127/8/103
f 1133/4/39 1131/6/39 1127/10/39
f 1130/13/78 1128/11/78 1132/7/78
f 1152/12/79 1154/2/79 1153/3/79
f 1153/3/75 1154/2/75 1158/5/75
f 1157/4/80 1158/5/80 1156/7/80
f 1156/7/77 1152/14/77 1151/8/77
f 1157/4/39 1155/6/39 1151/10/39
f 1154/13/78 1152/11/78 1156/7/78
f 1176/12/79 1178/2/79 1177/3/79
f 1177/3/75 1178/2/75 1182/5/75
f 1182/5/80 1180/7/80 1179/6/80
f 1180/7/77 1176/14/77 1175/8/77
f 1181/4/39 1179/6/39 1175/10/39
f 1178/13/78 1176/11/78 1180/7/78
f 1200/12/87 1202/2/87 1201/3/87
f 1201/3/75 1202/2/75 1206/5/75
f 1206/5/88 1204/7/88 1203/6/88
f 1204/7/77 1200/14/77 1199/8/77
f 1205/4/39 1203/6/39 1199/10/39
f 1202/13/78 1200/11/78 1204/7/78
f 1223/1/90 1224/12/90 1226/2/90
f 1225/3/102 1226/2/102 1230/5/102
f 1230/5/92 1228/7/92 1227/6/92
f 1228/7/103 1224/14/103 1223/8/103
f 1229/4/39 1227/6/39 1223/10/39
f 1226/13/78 1224/11/78 1228/7/78
f 1248/12/79 1250/2/79 1249/3/79
f 1249/3/75 1250/2/75 1254/5/75
f 1253/4/80 1254/5/80 1252/7/80
f 1252/7/77 1248/14/77 1247/8/77
f 1253/4/39 1251/6/39 1247/10/39
f 1250/13/78 1248/11/78 1252/7/78
f 1272/12/79 1274/2/79 1273/3/79
f 1273/3/75 1274/2/75 1278/5/75
f 1278/5/80 1276/7/80 1275/6/80
f 1276/7/77 1272/14/77 1271/8/77
f 1277/4/39 1275/6/39 1271/10/39
f 1274/13/78 1272/11/78 1276/7/78
f 1296/12/87 1298/2/87 1297/3/87
f 1297/3/75 1298/2/75 1302/5/75
f 1302/5/88 1300/7/88 1299/6/88
f 1300/7/77 1296/14/77 1295/8/77
f 1301/4/39 1299/6/39 1295/10/39
f 1298/13/78 1296/11/78 1300/7/78
f 1319/1/90 1320/12/90 1322/2/90
f 1321/3/102 1322/2/102 1326/5/102
f 1326/5/92 1324/7/92 1323/6/92
f 1324/7/103 1320/14/103 1319/8/103
f 1325/4/39 1323/6/39 1319/10/39
f 1322/13/78 1320/11/78 1324/7/78
f 1344/12/79 1346/2/79 1345/3/79
f 1345/3/75 1346/2/75 1350/5/75
f 1350/5/80 1348/7/80 1347/6/80
f 1348/7/77 1344/14/77 1343/8/77
f 1349/4/39 1347/6/39 1343/10/39
f 1346/13/78 1344/11/78 1348/7/78
f 1368/12/79 1370/2/79 1369/3/79
f 1369/3/75 1370/2/75 1374/5/75
f 1374/5/80 1372/7/80 1371/6/80
f 1372/7/77 1368/14/77 1367/8/77
f 1373/4/39 1371/6/39 1367/10/39
f 1370/13/78 1368/11/78 1372/7/78
f 1392/12/87 1394/2/87 1393/3/87
f 1393/3/75 1394/2/75 1398/5/75
f 1398/5/88 1396/7/88 1395/6/88
f 1396/7/77 1392/14/77 1391/8/77
f 1397/4/39 1395/6/39 1391/10/39
f 1394/13/78 1392/11/78 1396/7/78
f 1415/1/90 1416/12/90 1418/2/90
f 1417/3/91 1418/2/91 1422/5/91
f 1422/5/92 1420/7/92 1419/6/92
f 1420/7/93 1416/14/93 1415/8/93
f 1421/4/39 1419/6/39 1415/10/39
f 1418/13/78 1416/11/78 1420/7/78
f 1440/12/79 1442/2/79 1441/3/79
f 1441/3/75 1442/2/75 1446/5/75
f 1446/5/80 1444/7/80 1443/6/80
f 1444/7/77 1440/14/77 1439/8/77
f 1445/4/39 1443/6/39 1439/10/39
f 1442/13/78 1440/11/78 1444/7/78
f 1464/12/79 1466/2/79 1465/3/79
f 1465/3/75 1466/2/75 1470/5/75
f 1470/5/80 1468/7/80 1467/6/80
f 1468/7/77 1464/14/77 1463/8/77
f 1469/4/39 1467/6/39 1463/10/39
f 1466/13/78 1464/11/78 1468/7/78
f 1488/12/87 1490/2/87 1489/3/87
f 1489/3/75 1490/2/75 1494/5/75
f 1494/5/88 1492/7/88 1491/6/88
f 1492/7/77 1488/14/77 1487/8/77
f 1493/4/39 1491/6/39 1487/10/39
f 1490/13/78 1488/11/78 1492/7/78
f 1511/1/90 1512/12/90 1514/2/90
f 1513/3/91 1514/2/91 1518/5/91
f 1518/5/92 1516/7/92 1515/6/92
f 1516/7/93 1512/14/93 1511/8/93
f 1517/4/39 1515/6/39 1511/10/39
f 1514/13/78 1512/11/78 1516/7/78
f 1536/12/79 1538/2/79 1537/3/79
f 1537/3/75 1538/2/75 1542/5/75
f 1542/5/80 1540/7/80 1539/6/80
f 1540/7/77 1536/14/77 1535/8/77
f 1541/4/39 1539/6/39 1535/10/39
f 1538/13/78 1536/11/78 1540/7/78
f 1560/12/79 1562/2/79 1561/3/79
f 1561/3/75 1562/2/75 1566/5/75
f 1566/5/80 1564/7/80 1563/6/80
f 1564/7/77 1560/14/77 1559/8/77
f 1565/4/39 1563/6/39 1559/10/39
f 1562/13/78 1560/11/78 1564/7/78
f 1584/12/87 1586/2/87 1585/3/87
f 1585/3/75 1586/2/75 1590/5/75
f 1590/5/88 1588/7/88 1587/6/88
f 1588/7/77 1584/14/77 1583/8/77
f 1589/4/39 1587/6/39 1583/10/39
f 1586/13/78 1584/11/78 1588/7/78
f 1607/1/90 1608/12/90 1610/2/90
f 1609/3/91 1610/2/91 1614/5/91
f 1614/5/92 1612/7/92 1611/6/92
f 1612/7/93 1608/14/93 1607/8/93
f 1613/4/39 1611/6/39 1607/10/39
f 1610/13/78 1608/11/78 1612/7/78
f 1632/12/79 1634/2/79 1633/3/79
f 1633/3/75 1634/2/75 1638/5/75
f 1638/5/80 1636/7/80 1635/6/80
f 1636/7/77 1632/14/77 1631/8/77
f 1637/4/39 1635/6/39 1631/10/39
f 1634/13/78 1632/11/78 1636/7/78
f 1656/12/79 1658/2/79 1657/3/79
f 1657/3/75 1658/2/75 1662/5/75
f 1662/5/80 1660/7/80 1659/6/80
f 1660/7/77 1656/14/77 1655/8/77
f 1661/4/39 1659/6/39 1655/10/39
f 1658/13/78 1656/11/78 1660/7/78
f 1680/12/87 1682/2/87 1681/3/87
f 1681/3/75 1682/2/75 1686/5/75
f 1686/5/88 1684/7/88 1683/6/88
f 1684/7/77 1680/14/77 1679/8/77
f 1685/4/39 1683/6/39 1679/10/39
f 1682/13/78 1680/11/78 1684/7/78
f 1703/1/90 1704/12/90 1706/2/90
f 1705/3/91 1706/2/91 1710/5/91
f 1710/5/92 1708/7/92 1707/6/92
f 1708/7/93 1704/14/93 1703/8/93
f 1709/4/39 1707/6/39 1703/10/39
f 1706/13/78 1704/11/78 1708/7/78
f 1728/12/79 1730/2/79 1729/3/79
f 1729/3/75 1730/2/75 1734/5/75
f 1734/5/80 1732/7/80 1731/6/80
f 1732/7/77 1728/14/77 1727/8/77
f 1733/4/39 1731/6/39 1727/10/39
f 1730/13/78 1728/11/78 1732/7/78
f 1752/12/79 1754/2/79 1753/3/79
f 1753/3/75 1754/2/75 1758/5/75
f 1758/5/80 1756/7/80 1755/6/80
f 1756/7/77 1752/14/77 1751/8/77
f 1757/4/39 1755/6/39 1751/10/39
f 1754/13/78 1752/11/78 1756/7/78
f 1776/12/87 1778/2/87 1777/3/87
f 1777/3/75 1778/2/75 1782/5/75
f 1782/5/88 1780/7/88 1779/6/88
f 1780/7/77 1776/14/77 1775/8/77
f 1781/4/39 1779/6/39 1775/10/39
f 1778/13/78 1776/11/78 1780/7/78
f 1799/1/90 1800/12/90 1802/2/90
f 1801/3/91 1802/2/91 1806/5/91
f 1806/5/92 1804/7/92 1803/6/92
f 1804/7/93 1800/14/93 1799/8/93
f 1805/4/39 1803/6/39 1799/10/39
f 1802/13/78 1800/11/78 1804/7/78
f 1824/12/79 1826/2/79 1825/3/79
f 1825/3/75 1826/2/75 1830/5/75
f 1830/5/80 1828/7/80 1827/6/80
f 1828/7/77 1824/14/77 1823/8/77
f 1829/4/39 1827/6/39 1823/10/39
f 1826/13/78 1824/11/78 1828/7/78
f 1848/12/79 1850/2/79 1849/3/79
f 1849/3/75 1850/2/75 1854/5/75
f 1854/5/80 1852/7/80 1851/6/80
f 1852/7/77 1848/14/77 1847/8/77
f 1853/4/39 1851/6/39 1847/10/39
f 1850/13/78 1848/11/78 1852/7/78
f 1872/12/87 1874/2/87 1873/3/87
f 1873/3/75 1874/2/75 1878/5/75
f 1878/5/88 1876/7/88 1875/6/88
f 1876/7/77 1872/14/77 1871/8/77
f 1877/4/39 1875/6/39 1871/10/39
f 1874/13/78 1872/11/78 1876/7/78
f 1895/1/90 1896/12/90 1898/2/90
f 1897/3/91 1898/2/91 1902/5/91
f 1902/5/92 1900/7/92 1899/6/92
f 1900/7/93 1896/14/93 1895/8/93
f 1901/4/39 1899/6/39 1895/10/39
f 1898/13/78 1896/11/78 1900/7/78
f 1920/12/79 1922/2/79 1921/3/79
f 1921/3/75 1922/2/75 1926/5/75
f 1926/5/80 1924/7/80 1923/6/80
f 1924/7/77 1920/14/77 1919/8/77
f 1925/4/39 1923/6/39 1919/10/39
f 1922/13/78 1920/11/78 1924/7/78
f 1944/12/79 1946/2/79 1945/3/79
f 1945/3/75 1946/2/75 1950/5/75
f 1950/5/80 1948/7/80 1947/6/80
f 1948/7/77 1944/14/77 1943/8/77
f 1949/4/39 1947/6/39 1943/10/39
f 1946/13/78 1944/11/78 1948/7/78
f 1968/12/87 1970/2/87 1969/3/87
f 1969/3/75 1970/2/75 1974/5/75
f 1974/5/88 1972/7/88 1971/6/88
f 1972/7/77 1968/14/77 1967/8/77
f 1973/4/39 1971/6/39 1967/10/39
f 1970/13/78 1968/11/78 1972/7/78
f 1991/1/90 1992/12/90 1994/2/90
f 1993/3/102 1994/2/102 1998/5/102
f 1998/5/92 1996/7/92 1995/6/92
f 1996/7/103 1992/14/103 1991/8/103
f 1997/4/39 1995/6/39 1991/10/39
f 1994/13/78 1992/11/78 1996/7/78
f 2016/12/79 2018/2/79 2017/3/79
f 2017/3/75 2018/2/75 2022/5/75
f 2022/5/80 2020/7/80 2019/6/80
f 2020/7/77 2016/14/77 2015/8/77
f 2021/4/39 2019/6/39 2015/10/39
f 2018/13/78 2016/11/78 2020/7/78
f 2040/12/79 2042/2/79 2041/3/79
f 2041/3/75 2042/2/75 2046/5/75
f 2046/5/80 2044/7/80 2043/6/80
f 2044/7/77 2040/14/77 2039/8/77
f 2045/4/39 2043/6/39 2039/10/39
f 2042/13/78 2040/11/78 2044/7/78
f 2064/12/87 2066/2/87 2065/3/87
f 2065/3/75 2066/2/75 2070/5/75
f 2070/5/88 2068/7/88 2067/6/88
f 2068/7/77 2064/14/77 2063/8/77
f 2069/4/39 2067/6/39 2063/10/39
f 2066/13/78 2064/11/78 2068/7/78
f 2087/1/90 2088/12/90 2090/2/90
f 2089/3/102 2090/2/102 2094/5/102
f 2094/5/92 2092/7/92 2091/6/92
f 2092/7/103 2088/14/103 2087/8/103
f 2093/4/39 2091/6/39 2087/10/39
f 2090/13/78 2088/11/78 2092/7/78
f 2112/12/79 2114/2/79 2113/3/79
f 2113/3/75 2114/2/75 2118/5/75
f 2118/5/80 2116/7/80 2115/6/80
f 2116/7/77 2112/14/77 2111/8/77
f 2117/4/39 2115/6/39 2111/10/39
f 2114/13/78 2112/11/78 2116/7/78
f 2136/12/79 2138/2/79 2137/3/79
f 2137/3/75 2138/2/75 2142/5/75
f 2142/5/80 2140/7/80 2139/6/80
f 2140/7/77 2136/14/77 2135/8/77
f 2141/4/39 2139/6/39 2135/10/39
f 2138/13/78 2136/11/78 2140/7/78
f 2160/12/87 2162/2/87 2161/3/87
f 2161/3/75 2162/2/75 2166/5/75
f 2166/5/88 2164/7/88 2163/6/88
f 2164/7/77 2160/14/77 2159/8/77
f 2165/4/39 2163/6/39 2159/10/39
f 2162/13/78 2160/11/78 2164/7/78
f 2183/1/90 2184/12/90 2186/2/90
f 2185/3/102 2186/2/102 2190/5/102
f 2190/5/92 2188/7/92 2187/6/92
f 2188/7/103 2184/14/103 2183/8/103
f 2189/4/39 2187/6/39 2183/10/39
f 2186/13/78 2184/11/78 2188/7/78
f 2208/12/79 2210/2/79 2209/3/79
f 2209/3/75 2210/2/75 2214/5/75
f 2214/5/80 2212/7/80 2211/6/80
f 2212/7/77 2208/14/77 2207/8/77
f 2213/4/39 2211/6/39 2207/10/39
f 2210/13/78 2208/11/78 2212/7/78
f 2232/12/79 2234/2/79 2233/3/79
f 2233/3/75 2234/2/75 2238/5/75
f 2238/5/80 2236/7/80 2235/6/80
f 2236/7/77 2232/14/77 2231/8/77
f 2237/4/39 2235/6/39 2231/10/39
f 2234/13/78 2232/11/78 2236/7/78
f 2256/12/87 2258/2/87 2257/3/87
f 2257/3/75 2258/2/75 2262/5/75
f 2262/5/88 2260/7/88 2259/6/88
f 2260/7/77 2256/14/77 2255/8/77
f 2261/4/39 2259/6/39 2255/10/39
f 2258/13/78 2256/11/78 2260/7/78
f 2279/1/90 2280/12/90 2282/2/90
f 2281/3/102 2282/2/102 2286/5/102
f 2286/5/92 2284/7/92 2283/6/92
f 2284/7/103 2280/14/103 2279/8/103
f 2285/4/39 2283/6/39 2279/10/39
f 2282/13/78 2280/11/78 2284/7/78
f 2304/12/79 2306/2/79 2305/3/79
f 2305/3/75 2306/2/75 2310/5/75
f 2310/5/80 2308/7/80 2307/6/80
f 2308/7/77 2304/14/77 2303/8/77
f 2309/4/39 2307/6/39 2303/10/39
f 2306/13/78 2304/11/78 2308/7/78
f 2328/12/79 2330/2/79 2329/3/79
f 2329/3/75 2330/2/75 2334/5/75
f 2334/5/80 2332/7/80 2331/6/80
f 2332/7/77 2328/14/77 2327/8/77
f 2333/4/39 2331/6/39 2327/10/39
f 2330/13/78 2328/11/78 2332/7/78
f 2352/12/87 2354/2/87 2353/3/87
f 2353/3/75 2354/2/75 2358/5/75
f 2358/5/88 2356/7/88 2355/6/88
f 2356/7/77 2352/14/77 2351/8/77
f 2357/4/39 2355/6/39 2351/10/39
f 2354/13/78 2352/11/78 2356/7/78
f 2375/1/90 2376/12/90 2378/2/90
f 2377/3/102 2378/2/102 2382/5/102
f 2382/5/92 2380/7/92 2379/6/92
f 2380/7/103 2376/14/103 2375/8/103
f 2381/4/39 2379/6/39 2375/10/39
f 2378/13/78 2376/11/78 2380/7/78
f 2400/12/79 2402/2/79 2401/3/79
f 2401/3/75 2402/2/75 2406/5/75
f 2406/5/80 2404/7/80 2403/6/80
f 2404/7/77 2400/14/77 2399/8/77
f 2405/4/39 2403/6/39 2399/10/39
f 2402/13/78 2400/11/78 2404/7/78
f 2424/12/79 2426/2/79 2425/3/79
f 2425/3/75 2426/2/75 2430/5/75
f 2430/5/80 2428/7/80 2427/6/80
f 2428/7/77 2424/14/77 2423/8/77
f 2429/4/39 2427/6/39 2423/10/39
f 2426/13/78 2424/11/78 2428/7/78
f 2448/12/87 2450/2/87 2449/3/87
f 2449/3/75 2450/2/75 2454/5/75
f 2454/5/88 2452/7/88 2451/6/88
f 2452/7/77 2448/14/77 2447/8/77
f 2453/4/39 2451/6/39 2447/10/39
f 2450/13/78 2448/11/78 2452/7/78
f 2471/1/90 2472/12/90 2474/2/90
f 2473/3/102 2474/2/102 2478/5/102
f 2478/5/92 2476/7/92 2475/6/92
f 2476/7/103 2472/14/103 2471/8/103
f 2477/4/39 2475/6/39 2471/10/39
f 2474/13/78 2472/11/78 2476/7/78
f 2496/12/79 2498/2/79 2497/3/79
f 2497/3/75 2498/2/75 2502/5/75
f 2502/5/80 2500/7/80 2499/6/80
f 2500/7/77 2496/14/77 2495/8/77
f 2501/4/39 2499/6/39 2495/10/39
f 2498/13/78 2496/11/78 2500/7/78
f 2520/12/79 2522/2/79 2521/3/79
f 2521/3/75 2522/2/75 2526/5/75
f 2526/5/80 2524/7/80 2523/6/80
f 2524/7/77 2520/14/77 2519/8/77
f 2525/4/39 2523/6/39 2519/10/39
f 2522/13/78 2520/11/78 2524/7/78
f 2544/12/87 2546/2/87 2545/3/87
f 2545/3/75 2546/2/75 2550/5/75
f 2550/5/88 2548/7/88 2547/6/88
f 2548/7/77 2544/14/77 2543/8/77
f 2549/4/39 2547/6/39 2543/10/39
f 2546/13/78 2544/11/78 2548/7/78
f 2567/1/90 2568/12/90 2570/2/90
f 2569/3/91 2570/2/91 2574/5/91
f 2574/5/92 2572/7/92 2571/6/92
f 2572/7/93 2568/14/93 2567/8/93
f 2573/4/39 2571/6/39 2567/10/39
f 2570/13/78 2568/11/78 2572/7/78
f 2592/12/79 2594/2/79 2593/3/79
f 2593/3/75 2594/2/75 2598/5/75
f 2598/5/80 2596/7/80 2595/6/80
f 2596/7/77 2592/14/77 2591/8/77
f 2597/4/39 2595/6/39 2591/10/39
f 2594/13/78 2592/11/78 2596/7/78
f 2616/12/79 2618/2/79 2617/3/79
f 2617/3/75 2618/2/75 2622/5/75
f 2622/5/80 2620/7/80 2619/6/80
f 2620/7/77 2616/14/77 2615/8/77
f 2621/4/39 2619/6/39 2615/10/39
f 2618/13/78 2616/11/78 2620/7/78
f 2640/12/87 2642/2/87 2641/3/87
f 2641/3/75 2642/2/75 2646/5/75
f 2646/5/88 2644/7/88 2643/6/88
f 2644/7/77 2640/14/77 2639/8/77
f 2645/4/39 2643/6/39 2639/10/39
f 2642/13/78 2640/11/78 2644/7/78
f 2663/1/90 2664/12/90 2666/2/90
f 2665/3/91 2666/2/91 2670/5/91
f 2670/5/92 2668/7/92 2667/6/92
f 2668/7/93 2664/14/93 2663/8/93
f 2669/4/39 2667/6/39 2663/10/39
f 2666/13/78 2664/11/78 2668/7/78
f 2688/12/79 2690/2/79 2689/3/79
f 2689/3/75 2690/2/75 2694/5/75
f 2694/5/80 2692/7/80 2691/6/80
f 2692/7/77 2688/14/77 2687/8/77
f 2693/4/39 2691/6/39 2687/10/39
f 2690/13/78 2688/11/78 2692/7/78
f 2712/12/79 2714/2/79 2713/3/79
f 2713/3/75 2714/2/75 2718/5/75
f 2718/5/80 2716/7/80 2715/6/80
f 2716/7/77 2712/14/77 2711/8/77
f 2717/4/39 2715/6/39 2711/10/39
f 2714/13/78 2712/11/78 2716/7/78
f 2736/12/87 2738/2/87 2737/3/87
f 2737/3/75 2738/2/75 2742/5/75
f 2742/5/88 2740/7/88 2739/6/88
f 2740/7/77 2736/14/77 2735/8/77
f 2741/4/39 2739/6/39 2735/10/39
f 2738/13/78 2736/11/78 2740/7/78
f 2759/1/90 2760/12/90 2762/2/90
f 2761/3/91 2762/2/91 2766/5/91
f 2766/5/92 2764/7/92 2763/6/92
f 2764/7/93 2760/14/93 2759/8/93
f 2765/4/39 2763/6/39 2759/10/39
f 2762/13/78 2760/11/78 2764/7/78
f 2784/12/79 2786/2/79 2785/3/79
f 2785/3/75 2786/2/75 2790/5/75
f 2790/5/80 2788/7/80 2787/6/80
f 2788/7/77 2784/14/77 2783/8/77
f 2789/4/39 2787/6/39 2783/10/39
f 2786/13/78 2784/11/78 2788/7/78
f 2808/12/79 2810/2/79 2809/3/79
f 2809/3/75 2810/2/75 2814/5/75
f 2814/5/80 2812/7/80 2811/6/80
f 2812/7/77 2808/14/77 2807/8/77
f 2813/4/39 2811/6/39 2807/10/39
f 2810/13/78 2808/11/78 2812/7/78
f 2832/12/87 2834/2/87 2833/3/87
f 2833/3/75 2834/2/75 2838/5/75
f 2838/5/88 2836/7/88 2835/6/88
f 2836/7/77 2832/14/77 2831/8/77
f 2837/4/39 2835/6/39 2831/10/39
f 2834/13/78 2832/11/78 2836/7/78
f 2855/1/90 2856/12/90 2858/2/90
f 2857/3/91 2858/2/91 2862/5/91
f 2862/5/92 2860/7/92 2859/6/92
f 2860/7/93 2856/14/93 2855/8/93
f 2861/4/39 2859/6/39 2855/10/39
f 2858/13/78 2856/11/78 2860/7/78
f 2880/12/79 2882/2/79 2881/3/79
f 2881/3/75 2882/2/75 2886/5/75
f 2885/4/80 2886/5/80 2884/7/80
f 2884/7/77 2880/14/77 2879/8/77
f 2885/4/39 2883/6/39 2879/10/39
f 2882/13/78 2880/11/78 2884/7/78
f 2904/12/79 2906/2/79 2905/3/79
f 2905/3/75 2906/2/75 2910/5/75
f 2910/5/80 2908/7/80 2907/6/80
f 2908/7/77 2904/14/77 2903/8/77
f 2909/4/39 2907/6/39 2903/10/39
f 2906/13/78 2904/11/78 2908/7/78
f 2928/12/87 2930/2/87 2929/3/87
f 2929/3/75 2930/2/75 2934/5/75
f 2934/5/88 2932/7/88 2931/6/88
f 2932/7/77 2928/14/77 2927/8/77
f 2933/4/39 2931/6/39 2927/10/39
f 2930/13/78 2928/11/78 2932/7/78
f 2951/1/90 2952/12/90 2954/2/90
f 2953/3/91 2954/2/91 2958/5/91
f 2958/5/92 2956/7/92 2955/6/92
f 2956/7/93 2952/14/93 2951/8/93
f 2957/4/39 2955/6/39 2951/10/39
f 2954/13/78 2952/11/78 2956/7/78
f 2976/12/79 2978/2/79 2977/3/79
f 2977/3/75 2978/2/75 2982/5/75
f 2982/5/80 2980/7/80 2979/6/80
f 2980/7/77 2976/14/77 2975/8/77
f 2981/4/39 2979/6/39 2975/10/39
f 2978/13/78 2976/11/78 2980/7/78
f 3000/12/79 3002/2/79 3001/3/79
f 3001/3/75 3002/2/75 3006/5/75
f 3006/5/80 3004/7/80 3003/6/80
f 3004/7/77 3000/14/77 2999/8/77
f 3005/4/39 3003/6/39 2999/10/39
f 3002/13/78 3000/11/78 3004/7/78
f 3024/12/87 3026/2/87 3025/3/87
f 3025/3/75 3026/2/75 3030/5/75
f 3030/5/88 3028/7/88 3027/6/88
f 3028/7/77 3024/14/77 3023/8/77
f 3029/4/39 3027/6/39 3023/10/39
f 3026/13/78 3024/11/78 3028/7/78
f 3047/1/90 3048/12/90 3050/2/90
f 3049/3/91 3050/2/91 3054/5/91
f 3054/5/92 3052/7/92 3051/6/92
f 3052/7/93 3048/14/93 3047/8/93
f 3053/4/39 3051/6/39 3047/10/39
f 3050/13/78 3048/11/78 3052/7/78
f 3072/12/79 3074/2/79 3073/3/79
f 3073/3/75 3074/2/75 3078/5/75
f 3078/5/106 3076/7/106 3075/6/106
f 3076/7/77 3072/14/77 3071/8/77
f 3077/4/39 3075/6/39 3071/10/39
f 3074/13/78 3072/11/78 3076/7/78
f 3096/12/79 3098/2/79 3097/3/79
f 3097/3/75 3098/2/75 3102/5/75
f 3102/5/80 3100/7/80 3099/6/80
f 3100/7/77 3096/14/77 3095/8/77
f 3101/4/39 3099/6/39 3095/10/39
f 3098/13/78 3096/11/78 3100/7/78
f 3120/12/87 3122/2/87 3121/3/87
f 3121/3/75 3122/2/75 3126/5/75
f 3126/5/88 3124/7/88 3123/6/88
f 3124/7/77 3120/14/77 3119/8/77
f 3125/4/39 3123/6/39 3119/10/39
f 3122/13/78 3120/11/78 3124/7/78
f 3143/1/90 3144/12/90 3146/2/90
f 3145/3/102 3146/2/102 3150/5/102
f 3150/5/92 3148/7/92 3147/6/92
f 3148/7/103 3144/14/103 3143/8/103
f 3149/4/39 3147/6/39 3143/10/39
f 3146/13/78 3144/11/78 3148/7/78
f 3168/12/79 3170/2/79 3169/3/79
f 3169/3/75 3170/2/75 3174/5/75
f 3174/5/80 3172/7/80 3171/6/80
f 3172/7/77 3168/14/77 3167/8/77
f 3173/4/39 3171/6/39 3167/10/39
f 3170/13/78 3168/11/78 3172/7/78
f 3192/12/79 3194/2/79 3193/3/79
f 3193/3/75 3194/2/75 3198/5/75
f 3198/5/80 3196/7/80 3195/6/80
f 3196/7/77 3192/14/77 3191/8/77
f 3197/4/39 3195/6/39 3191/10/39
f 3194/13/78 3192/11/78 3196/7/78
f 3216/12/87 3218/2/87 3217/3/87
f 3217/3/75 3218/2/75 3222/5/75
f 3222/5/88 3220/7/88 3219/6/88
f 3220/7/77 3216/14/77 3215/8/77
f 3221/4/39 3219/6/39 3215/10/39
f 3218/13/78 3216/11/78 3220/7/78
f 3239/1/90 3240/12/90 3242/2/90
f 3241/3/102 3242/2/102 3246/5/102
f 3246/5/92 3244/7/92 3243/6/92
f 3244/7/103 3240/14/103 3239/8/103
f 3245/4/39 3243/6/39 3239/10/39
f 3242/13/78 3240/11/78 3244/7/78
f 3264/12/79 3266/2/79 3265/3/79
f 3265/3/75 3266/2/75 3270/5/75
f 3270/5/106 3268/7/106 3267/6/106
f 3268/7/77 3264/14/77 3263/8/77
f 3269/4/39 3267/6/39 3263/10/39
f 3266/13/78 3264/11/78 3268/7/78
f 3288/12/79 3290/2/79 3289/3/79
f 3289/3/75 3290/2/75 3294/5/75
f 3294/5/80 3292/7/80 3291/6/80
f 3292/7/77 3288/14/77 3287/8/77
f 3293/4/39 3291/6/39 3287/10/39
f 3290/13/78 3288/11/78 3292/7/78
f 3312/12/87 3314/2/87 3313/3/87
f 3313/3/75 3314/2/75 3318/5/75
f 3318/5/88 3316/7/88 3315/6/88
f 3316/7/77 3312/14/77 3311/8/77
f 3317/4/39 3315/6/39 3311/10/39
f 3314/13/78 3312/11/78 3316/7/78
f 3335/1/90 3336/12/90 3338/2/90
f 3337/3/102 3338/2/102 3342/5/102
f 3342/5/92 3340/7/92 3339/6/92
f 3340/7/103 3336/14/103 3335/8/103
f 3341/4/39 3339/6/39 3335/10/39
f 3338/13/78 3336/11/78 3340/7/78
f 3360/12/105 3362/2/105 3361/3/105
f 3361/3/75 3362/2/75 3366/5/75
f 3366/5/80 3364/7/80 3363/6/80
f 3364/7/77 3360/14/77 3359/8/77
f 3365/4/39 3363/6/39 3359/10/39
f 3362/13/78 3360/11/78 3364/7/78
f 3384/12/79 3386/2/79 3385/3/79
f 3385/3/75 3386/2/75 3390/5/75
f 3390/5/80 3388/7/80 3387/6/80
f 3388/7/77 3384/14/77 3383/8/77
f 3389/4/39 3387/6/39 3383/10/39
f 3386/13/78 3384/11/78 3388/7/78
f 3408/12/87 3410/2/87 3409/3/87
f 3409/3/75 3410/2/75 3414/5/75
f 3414/5/88 3412/7/88 3411/6/88
f 3412/7/77 3408/14/77 3407/8/77
f 3413/4/39 3411/6/39 3407/10/39
f 3410/13/78 3408/11/78 3412/7/78
f 3431/1/90 3432/12/90 3434/2/90
f 3433/3/102 3434/2/102 3438/5/102
f 3438/5/92 3436/7/92 3435/6/92
f 3436/7/103 3432/14/103 3431/8/103
f 3437/4/39 3435/6/39 3431/10/39
f 3434/13/78 3432/11/78 3436/7/78
f 3456/12/79 3458/2/79 3457/3/79
f 3457/3/75 3458/2/75 3462/5/75
f 3461/4/80 3462/5/80 3460/7/80
f 3460/7/77 3456/14/77 3455/8/77
f 3461/4/39 3459/6/39 3455/10/39
f 3458/13/78 3456/11/78 3460/7/78
f 3480/12/79 3482/2/79 3481/3/79
f 3481/3/75 3482/2/75 3486/5/75
f 3486/5/106 3484/7/106 3483/6/106
f 3484/7/77 3480/14/77 3479/8/77
f 3485/4/39 3483/6/39 3479/10/39
f 3482/13/78 3480/11/78 3484/7/78
f 3504/12/87 3506/2/87 3505/3/87
f 3505/3/75 3506/2/75 3510/5/75
f 3510/5/88 3508/7/88 3507/6/88
f 3508/7/77 3504/14/77 3503/8/77
f 3509/4/39 3507/6/39 3503/10/39
f 3506/13/78 3504/11/78 3508/7/78
f 3527/1/90 3528/12/90 3530/2/90
f 3529/3/102 3530/2/102 3534/5/102
f 3534/5/92 3532/7/92 3531/6/92
f 3532/7/103 3528/14/103 3527/8/103
f 3533/4/39 3531/6/39 3527/10/39
f 3530/13/78 3528/11/78 3532/7/78
f 3552/12/79 3554/2/79 3553/3/79
f 3553/3/75 3554/2/75 3558/5/75
f 3558/5/80 3556/7/80 3555/6/80
f 3556/7/77 3552/14/77 3551/8/77
f 3557/4/39 3555/6/39 3551/10/39
f 3554/13/78 3552/11/78 3556/7/78
f 3576/12/105 3578/2/105 3577/3/105
f 3577/3/75 3578/2/75 3582/5/75
f 3582/5/106 3580/7/106 3579/6/106
f 3580/7/77 3576/14/77 3575/8/77
f 3581/4/39 3579/6/39 3575/10/39
f 3578/13/78 3576/11/78 3580/7/78
f 3600/12/87 3602/2/87 3601/3/87
f 3601/3/75 3602/2/75 3606/5/75
f 3606/5/88 3604/7/88 3603/6/88
f 3604/7/77 3600/14/77 3599/8/77
f 3605/4/39 3603/6/39 3599/10/39
f 3602/13/78 3600/11/78 3604/7/78
f 3623/1/90 3624/12/90 3626/2/90
f 3625/3/102 3626/2/102 3630/5/102
f 3630/5/92 3628/7/92 3627/6/92
f 3628/7/103 3624/14/103 3623/8/103
f 3629/4/39 3627/6/39 3623/10/39
f 3626/13/78 3624/11/78 3628/7/78
g Cube.022_Material.004
usemtl Material.004
f 199/1/81 202/2/81 201/3/81
f 201/3/82 206/5/82 205/4/82
f 206/5/83 203/6/83 205/4/83
f 204/7/84 199/8/84 203/6/84
f 205/4/85 199/10/85 201/9/85
f 206/5/86 200/11/86 204/7/86
f 223/1/81 226/2/81 225/3/81
f 225/3/82 230/5/82 229/4/82
f 230/5/83 227/6/83 229/4/83
f 228/7/84 223/8/84 227/6/84
f 229/4/85 223/10/85 225/9/85
f 230/5/86 224/11/86 228/7/86
f 247/1/81 250/2/81 249/3/81
f 249/3/82 254/5/82 253/4/82
f 254/5/89 251/6/89 253/4/89
f 252/7/84 247/8/84 251/6/84
f 253/4/85 247/10/85 249/9/85
f 254/5/86 248/11/86 252/7/86
f 271/1/81 274/2/81 273/3/81
f 273/3/82 278/5/82 277/4/82
f 278/5/89 275/6/89 277/4/89
f 276/7/84 271/8/84 275/6/84
f 277/4/85 271/10/85 273/9/85
f 278/5/86 272/11/86 276/7/86
f 295/1/81 298/2/81 297/3/81
f 297/3/82 302/5/82 301/4/82
f 302/5/83 299/6/83 301/4/83
f 300/7/84 295/8/84 299/6/84
f 301/4/85 295/10/85 297/9/85
f 302/5/86 296/11/86 300/7/86
f 319/1/81 322/2/81 321/3/81
f 321/3/82 326/5/82 325/4/82
f 326/5/89 323/6/89 325/4/89
f 324/7/84 319/8/84 323/6/84
f 325/4/85 319/10/85 321/9/85
f 326/5/86 320/11/86 324/7/86
f 343/1/81 346/2/81 345/3/81
f 345/3/82 350/5/82 349/4/82
f 350/5/83 347/6/83 349/4/83
f 348/7/84 343/8/84 347/6/84
f 349/4/85 343/10/85 345/9/85
f 350/5/86 344/11/86 348/7/86
f 367/1/94 370/2/94 369/3/94
f 369/3/82 374/5/82 373/4/82
f 374/5/83 371/6/83 373/4/83
f 372/7/84 367/8/84 371/6/84
f 373/4/85 367/10/85 369/9/85
f 374/5/86 368/11/86 372/7/86
f 391/1/81 394/2/81 393/3/81
f 393/3/82 398/5/82 397/4/82
f 398/5/89 395/6/89 397/4/89
f 396/7/84 391/8/84 395/6/84
f 397/4/85 391/10/85 393/9/85
f 398/5/86 392/11/86 396/7/86
f 415/1/81 418/2/81 417/3/81
f 417/3/82 422/5/82 421/4/82
f 422/5/83 419/6/83 421/4/83
f 420/7/84 415/8/84 419/6/84
f 421/4/85 415/10/85 417/9/85
f 422/5/86 416/11/86 420/7/86
f 439/1/81 442/2/81 441/3/81
f 441/3/82 446/5/82 445/4/82
f 446/5/89 443/6/89 445/4/89
f 444/7/84 439/8/84 443/6/84
f 445/4/85 439/10/85 441/9/85
f 446/5/86 440/11/86 444/7/86
f 463/1/94 466/2/94 465/3/94
f 465/3/82 470/5/82 469/4/82
f 470/5/83 467/6/83 469/4/83
f 468/7/84 463/8/84 467/6/84
f 469/4/85 463/10/85 465/9/85
f 470/5/86 464/11/86 468/7/86
f 487/1/81 490/2/81 489/3/81
f 489/3/82 494/5/82 493/4/82
f 494/5/83 491/6/83 493/4/83
f 492/7/84 487/8/84 491/6/84
f 493/4/85 487/10/85 489/9/85
f 494/5/86 488/11/86 492/7/86
f 511/1/94 514/2/94 513/3/94
f 513/3/82 518/5/82 517/4/82
f 518/5/83 515/6/83 517/4/83
f 516/7/84 511/8/84 515/6/84
f 517/4/85 511/10/85 513/9/85
f 518/5/86 512/11/86 516/7/86
f 535/1/81 538/2/81 537/3/81
f 537/3/82 542/5/82 541/4/82
f 542/5/89 539/6/89 541/4/89
f 540/7/84 535/8/84 539/6/84
f 541/4/85 535/10/85 537/9/85
f 542/5/86 536/11/86 540/7/86
f 559/1/81 562/2/81 561/3/81
f 561/3/82 566/5/82 565/4/82
f 566/5/89 563/6/89 565/4/89
f 564/7/84 559/8/84 563/6/84
f 565/4/85 559/10/85 561/9/85
f 566/5/86 560/11/86 564/7/86
f 583/1/94 586/2/94 585/3/94
f 585/3/82 590/5/82 589/4/82
f 590/5/83 587/6/83 589/4/83
f 588/7/84 583/8/84 587/6/84
f 589/4/85 583/10/85 585/9/85
f 590/5/86 584/11/86 588/7/86
f 607/1/94 610/2/94 609/3/94
f 609/3/82 614/5/82 613/4/82
f 614/5/89 611/6/89 613/4/89
f 612/7/84 607/8/84 611/6/84
f 613/4/85 607/10/85 609/9/85
f 614/5/86 608/11/86 612/7/86
f 631/1/81 634/2/81 633/3/81
f 633/3/82 638/5/82 637/4/82
f 638/5/83 635/6/83 637/4/83
f 636/7/84 631/8/84 635/6/84
f 637/4/85 631/10/85 633/9/85
f 638/5/86 632/11/86 636/7/86
f 655/1/81 658/2/81 657/3/81
f 657/3/82 662/5/82 661/4/82
f 662/5/83 659/6/83 661/4/83
f 660/7/84 655/8/84 659/6/84
f 661/4/85 655/10/85 657/9/85
f 662/5/86 656/11/86 660/7/86
f 679/1/81 682/2/81 681/3/81
f 681/3/82 686/5/82 685/4/82
f 686/5/83 683/6/83 685/4/83
f 684/7/84 679/8/84 683/6/84
f 685/4/85 679/10/85 681/9/85
f 686/5/86 680/11/86 684/7/86
f 703/1/81 706/2/81 705/3/81
f 705/3/82 710/5/82 709/4/82
f 710/5/83 707/6/83 709/4/83
f 708/7/84 703/8/84 707/6/84
f 709/4/85 703/10/85 705/9/85
f 710/5/86 704/11/86 708/7/86
f 727/1/81 730/2/81 729/3/81
f 729/3/82 734/5/82 733/4/82
f 734/5/83 731/6/83 733/4/83
f 732/7/84 727/8/84 731/6/84
f 733/4/85 727/10/85 729/9/85
f 734/5/86 728/11/86 732/7/86
f 751/1/81 754/2/81 753/3/81
f 753/3/82 758/5/82 757/4/82
f 758/5/89 755/6/89 757/4/89
f 756/7/84 751/8/84 755/6/84
f 757/4/85 751/10/85 753/9/85
f 758/5/86 752/11/86 756/7/86
f 775/1/95 778/2/95 777/3/95
f 777/3/96 782/5/96 781/4/96
f 782/5/97 779/6/97 781/4/97
f 780/7/98 775/8/98 779/6/98
f 781/4/99 775/10/99 777/9/99
f 782/5/100 776/11/100 780/7/100
f 799/1/95 802/2/95 801/3/95
f 801/3/96 806/5/96 805/4/96
f 806/5/101 803/6/101 805/4/101
f 804/7/98 799/8/98 803/6/98
f 805/4/99 799/10/99 801/9/99
f 806/5/100 800/11/100 804/7/100
f 823/1/95 826/2/95 825/3/95
f 825/3/96 830/5/96 829/4/96
f 830/5/101 827/6/101 829/4/101
f 828/7/98 823/8/98 827/6/98
f 829/4/99 823/10/99 825/9/99
f 830/5/100 824/11/100 828/7/100
f 847/1/95 850/2/95 849/3/95
f 849/3/96 854/5/96 853/4/96
f 854/5/101 851/6/101 853/4/101
f 852/7/98 847/8/98 851/6/98
f 853/4/99 847/10/99 849/9/99
f 854/5/100 848/11/100 852/7/100
f 871/1/95 874/2/95 873/3/95
f 873/3/96 878/5/96 877/4/96
f 878/5/101 875/6/101 877/4/101
f 876/7/98 871/8/98 875/6/98
f 877/4/99 871/10/99 873/9/99
f 878/5/100 872/11/100 876/7/100
f 895/1/95 898/2/95 897/3/95
f 897/3/96 902/5/96 901/4/96
f 902/5/97 899/6/97 901/4/97
f 900/7/98 895/8/98 899/6/98
f 901/4/99 895/10/99 897/9/99
f 902/5/100 896/11/100 900/7/100
f 919/1/95 922/2/95 921/3/95
f 921/3/96 926/5/96 925/4/96
f 926/5/97 923/6/97 925/4/97
f 924/7/98 919/8/98 923/6/98
f 925/4/99 919/10/99 921/9/99
f 926/5/100 920/11/100 924/7/100
f 943/1/95 946/2/95 945/3/95
f 945/3/96 950/5/96 949/4/96
f 950/5/97 947/6/97 949/4/97
f 948/7/98 943/8/98 947/6/98
f 949/4/99 943/10/99 945/9/99
f 950/5/100 944/11/100 948/7/100
f 967/1/95 970/2/95 969/3/95
f 969/3/96 974/5/96 973/4/96
f 974/5/97 971/6/97 973/4/97
f 972/7/98 967/8/98 971/6/98
f 973/4/99 967/10/99 969/9/99
f 974/5/100 968/11/100 972/7/100
f 991/1/95 994/2/95 993/3/95
f 993/3/96 998/5/96 997/4/96
f 998/5/97 995/6/97 997/4/97
f 996/7/98 991/8/98 995/6/98
f 997/4/99 991/10/99 993/9/99
f 998/5/100 992/11/100 996/7/100
f 1015/1/95 1018/2/95 1017/3/95
f 1017/3/96 1022/5/96 1021/4/96
f 1022/5/97 1019/6/97 1021/4/97
f 1020/7/98 1015/8/98 1019/6/98
f 1021/4/99 1015/10/99 1017/9/99
f 1022/5/100 1016/11/100 1020/7/100
f 1039/1/95 1042/2/95 1041/3/95
f 1041/3/96 1046/5/96 1045/4/96
f 1046/5/97 1043/6/97 1045/4/97
f 1044/7/98 1039/8/98 1043/6/98
f 1045/4/99 1039/10/99 1041/9/99
f 1046/5/100 1040/11/100 1044/7/100
f 1063/1/95 1066/2/95 1065/3/95
f 1065/3/96 1070/5/96 1069/4/96
f 1070/5/97 1067/6/97 1069/4/97
f 1068/7/98 1063/8/98 1067/6/98
f 1069/4/99 1063/10/99 1065/9/99
f 1070/5/100 1064/11/100 1068/7/100
f 1087/1/95 1090/2/95 1089/3/95
f 1089/3/96 1094/5/96 1093/4/96
f 1094/5/101 1091/6/101 1093/4/101
f 1092/7/98 1087/8/98 1091/6/98
f 1093/4/99 1087/10/99 1089/9/99
f 1094/5/100 1088/11/100 1092/7/100
f 1111/1/95 1114/2/95 1113/3/95
f 1113/3/96 1118/5/96 1117/4/96
f 1118/5/101 1115/6/101 1117/4/101
f 1116/7/98 1111/8/98 1115/6/98
f 1117/4/99 1111/10/99 1113/9/99
f 1118/5/100 1112/11/100 1116/7/100
f 1135/1/95 1138/2/95 1137/3/95
f 1137/3/96 1142/5/96 1141/4/96
f 1142/5/101 1139/6/101 1141/4/101
f 1140/7/98 1135/8/98 1139/6/98
f 1141/4/99 1135/10/99 1137/9/99
f 1142/5/100 1136/11/100 1140/7/100
f 1159/1/95 1162/2/95 1161/3/95
f 1161/3/96 1166/5/96 1165/4/96
f 1166/5/101 1163/6/101 1165/4/101
f 1164/7/98 1159/8/98 1163/6/98
f 1165/4/99 1159/10/99 1161/9/99
f 1166/5/100 1160/11/100 1164/7/100
f 1183/1/104 1186/2/104 1185/3/104
f 1185/3/96 1190/5/96 1189/4/96
f 1190/5/97 1187/6/97 1189/4/97
f 1188/7/98 1183/8/98 1187/6/98
f 1189/4/99 1183/10/99 1185/9/99
f 1190/5/100 1184/11/100 1188/7/100
f 1207/1/95 1210/2/95 1209/3/95
f 1209/3/96 1214/5/96 1213/4/96
f 1214/5/97 1211/6/97 1213/4/97
f 1212/7/98 1207/8/98 1211/6/98
f 1213/4/99 1207/10/99 1209/9/99
f 1214/5/100 1208/11/100 1212/7/100
f 1231/1/95 1234/2/95 1233/3/95
f 1233/3/96 1238/5/96 1237/4/96
f 1238/5/97 1235/6/97 1237/4/97
f 1236/7/98 1231/8/98 1235/6/98
f 1237/4/99 1231/10/99 1233/9/99
f 1238/5/100 1232/11/100 1236/7/100
f 1255/1/95 1258/2/95 1257/3/95
f 1257/3/96 1262/5/96 1261/4/96
f 1262/5/101 1259/6/101 1261/4/101
f 1260/7/98 1255/8/98 1259/6/98
f 1261/4/99 1255/10/99 1257/9/99
f 1262/5/100 1256/11/100 1260/7/100
f 1279/1/95 1282/2/95 1281/3/95
f 1281/3/96 1286/5/96 1285/4/96
f 1286/5/97 1283/6/97 1285/4/97
f 1284/7/98 1279/8/98 1283/6/98
f 1285/4/99 1279/10/99 1281/9/99
f 1286/5/100 1280/11/100 1284/7/100
f 1303/1/95 1306/2/95 1305/3/95
f 1305/3/96 1310/5/96 1309/4/96
f 1310/5/97 1307/6/97 1309/4/97
f 1308/7/98 1303/8/98 1307/6/98
f 1309/4/99 1303/10/99 1305/9/99
f 1310/5/100 1304/11/100 1308/7/100
f 1327/1/95 1330/2/95 1329/3/95
f 1329/3/96 1334/5/96 1333/4/96
f 1334/5/97 1331/6/97 1333/4/97
f 1332/7/98 1327/8/98 1331/6/98
f 1333/4/99 1327/10/99 1329/9/99
f 1334/5/100 1328/11/100 1332/7/100
f 1351/1/81 1354/2/81 1353/3/81
f 1353/3/82 1358/5/82 1357/4/82
f 1358/5/83 1355/6/83 1357/4/83
f 1356/7/84 1351/8/84 1355/6/84
f 1357/4/85 1351/10/85 1353/9/85
f 1358/5/86 1352/11/86 1356/7/86
f 1375/1/94 1378/2/94 1377/3/94
f 1377/3/82 1382/5/82 1381/4/82
f 1382/5/83 1379/6/83 1381/4/83
f 1380/7/84 1375/8/84 1379/6/84
f 1381/4/85 1375/10/85 1377/9/85
f 1382/5/86 1376/11/86 1380/7/86
f 1399/1/81 1402/2/81 1401/3/81
f 1401/3/82 1406/5/82 1405/4/82
f 1406/5/89 1403/6/89 1405/4/89
f 1404/7/84 1399/8/84 1403/6/84
f 1405/4/85 1399/10/85 1401/9/85
f 1406/5/86 1400/11/86 1404/7/86
f 1423/1/81 1426/2/81 1425/3/81
f 1425/3/82 1430/5/82 1429/4/82
f 1430/5/89 1427/6/89 1429/4/89
f 1428/7/84 1423/8/84 1427/6/84
f 1429/4/85 1423/10/85 1425/9/85
f 1430/5/86 1424/11/86 1428/7/86
f 1447/1/81 1450/2/81 1449/3/81
f 1449/3/82 1454/5/82 1453/4/82
f 1454/5/89 1451/6/89 1453/4/89
f 1452/7/84 1447/8/84 1451/6/84
f 1453/4/85 1447/10/85 1449/9/85
f 1454/5/86 1448/11/86 1452/7/86
f 1471/1/81 1474/2/81 1473/3/81
f 1473/3/82 1478/5/82 1477/4/82
f 1478/5/89 1475/6/89 1477/4/89
f 1476/7/84 1471/8/84 1475/6/84
f 1477/4/85 1471/10/85 1473/9/85
f 1478/5/86 1472/11/86 1476/7/86
f 1495/1/94 1498/2/94 1497/3/94
f 1497/3/82 1502/5/82 1501/4/82
f 1502/5/83 1499/6/83 1501/4/83
f 1500/7/84 1495/8/84 1499/6/84
f 1501/4/85 1495/10/85 1497/9/85
f 1502/5/86 1496/11/86 1500/7/86
f 1519/1/94 1522/2/94 1521/3/94
f 1521/3/82 1526/5/82 1525/4/82
f 1526/5/83 1523/6/83 1525/4/83
f 1524/7/84 1519/8/84 1523/6/84
f 1525/4/85 1519/10/85 1521/9/85
f 1526/5/86 1520/11/86 1524/7/86
f 1543/1/81 1546/2/81 1545/3/81
f 1545/3/82 1550/5/82 1549/4/82
f 1550/5/89 1547/6/89 1549/4/89
f 1548/7/84 1543/8/84 1547/6/84
f 1549/4/85 1543/10/85 1545/9/85
f 1550/5/86 1544/11/86 1548/7/86
f 1567/1/81 1570/2/81 1569/3/81
f 1569/3/82 1574/5/82 1573/4/82
f 1574/5/83 1571/6/83 1573/4/83
f 1572/7/84 1567/8/84 1571/6/84
f 1573/4/85 1567/10/85 1569/9/85
f 1574/5/86 1568/11/86 1572/7/86
f 1591/1/81 1594/2/81 1593/3/81
f 1593/3/82 1598/5/82 1597/4/82
f 1598/5/89 1595/6/89 1597/4/89
f 1596/7/84 1591/8/84 1595/6/84
f 1597/4/85 1591/10/85 1593/9/85
f 1598/5/86 1592/11/86 1596/7/86
f 1615/1/81 1618/2/81 1617/3/81
f 1617/3/82 1622/5/82 1621/4/82
f 1622/5/83 1619/6/83 1621/4/83
f 1620/7/84 1615/8/84 1619/6/84
f 1621/4/85 1615/10/85 1617/9/85
f 1622/5/86 1616/11/86 1620/7/86
f 1639/1/81 1642/2/81 1641/3/81
f 1641/3/82 1646/5/82 1645/4/82
f 1646/5/83 1643/6/83 1645/4/83
f 1644/7/84 1639/8/84 1643/6/84
f 1645/4/85 1639/10/85 1641/9/85
f 1646/5/86 1640/11/86 1644/7/86
f 1663/1/94 1666/2/94 1665/3/94
f 1665/3/82 1670/5/82 1669/4/82
f 1670/5/89 1667/6/89 1669/4/89
f 1668/7/84 1663/8/84 1667/6/84
f 1669/4/85 1663/10/85 1665/9/85
f 1670/5/86 1664/11/86 1668/7/86
f 1687/1/81 1690/2/81 1689/3/81
f 1689/3/82 1694/5/82 1693/4/82
f 1694/5/89 1691/6/89 1693/4/89
f 1692/7/84 1687/8/84 1691/6/84
f 1693/4/85 1687/10/85 1689/9/85
f 1694/5/86 1688/11/86 1692/7/86
f 1711/1/81 1714/2/81 1713/3/81
f 1713/3/82 1718/5/82 1717/4/82
f 1718/5/83 1715/6/83 1717/4/83
f 1716/7/84 1711/8/84 1715/6/84
f 1717/4/85 1711/10/85 1713/9/85
f 1718/5/86 1712/11/86 1716/7/86
f 1735/1/94 1738/2/94 1737/3/94
f 1737/3/82 1742/5/82 1741/4/82
f 1742/5/83 1739/6/83 1741/4/83
f 1740/7/84 1735/8/84 1739/6/84
f 1741/4/85 1735/10/85 1737/9/85
f 1742/5/86 1736/11/86 1740/7/86
f 1759/1/81 1762/2/81 1761/3/81
f 1761/3/82 1766/5/82 1765/4/82
f 1766/5/89 1763/6/89 1765/4/89
f 1764/7/84 1759/8/84 1763/6/84
f 1765/4/85 1759/10/85 1761/9/85
f 1766/5/86 1760/11/86 1764/7/86
f 1783/1/81 1786/2/81 1785/3/81
f 1785/3/82 1790/5/82 1789/4/82
f 1790/5/83 1787/6/83 1789/4/83
f 1788/7/84 1783/8/84 1787/6/84
f 1789/4/85 1783/10/85 1785/9/85
f 1790/5/86 1784/11/86 1788/7/86
f 1807/1/81 1810/2/81 1809/3/81
f 1809/3/82 1814/5/82 1813/4/82
f 1814/5/83 1811/6/83 1813/4/83
f 1812/7/84 1807/8/84 1811/6/84
f 1813/4/85 1807/10/85 1809/9/85
f 1814/5/86 1808/11/86 1812/7/86
f 1831/1/81 1834/2/81 1833/3/81
f 1833/3/82 1838/5/82 1837/4/82
f 1838/5/83 1835/6/83 1837/4/83
f 1836/7/84 1831/8/84 1835/6/84
f 1837/4/85 1831/10/85 1833/9/85
f 1838/5/86 1832/11/86 1836/7/86
f 1855/1/81 1858/2/81 1857/3/81
f 1857/3/82 1862/5/82 1861/4/82
f 1862/5/83 1859/6/83 1861/4/83
f 1860/7/84 1855/8/84 1859/6/84
f 1861/4/85 1855/10/85 1857/9/85
f 1862/5/86 1856/11/86 1860/7/86
f 1879/1/81 1882/2/81 1881/3/81
f 1881/3/82 1886/5/82 1885/4/82
f 1886/5/89 1883/6/89 1885/4/89
f 1884/7/84 1879/8/84 1883/6/84
f 1885/4/85 1879/10/85 1881/9/85
f 1886/5/86 1880/11/86 1884/7/86
f 1903/1/81 1906/2/81 1905/3/81
f 1905/3/82 1910/5/82 1909/4/82
f 1910/5/89 1907/6/89 1909/4/89
f 1908/7/84 1903/8/84 1907/6/84
f 1909/4/85 1903/10/85 1905/9/85
f 1910/5/86 1904/11/86 1908/7/86
f 1927/1/95 1930/2/95 1929/3/95
f 1929/3/96 1934/5/96 1933/4/96
f 1934/5/97 1931/6/97 1933/4/97
f 1932/7/98 1927/8/98 1931/6/98
f 1933/4/99 1927/10/99 1929/9/99
f 1934/5/100 1928/11/100 1932/7/100
f 1951/1/95 1954/2/95 1953/3/95
f 1953/3/96 1958/5/96 1957/4/96
f 1958/5/101 1955/6/101 1957/4/101
f 1956/7/98 1951/8/98 1955/6/98
f 1957/4/99 1951/10/99 1953/9/99
f 1958/5/100 1952/11/100 1956/7/100
f 1975/1/95 1978/2/95 1977/3/95
f 1977/3/96 1982/5/96 1981/4/96
f 1982/5/97 1979/6/97 1981/4/97
f 1980/7/98 1975/8/98 1979/6/98
f 1981/4/99 1975/10/99 1977/9/99
f 1982/5/100 1976/11/100 1980/7/100
f 1999/1/95 2002/2/95 2001/3/95
f 2001/3/96 2006/5/96 2005/4/96
f 2006/5/97 2003/6/97 2005/4/97
f 2004/7/98 1999/8/98 2003/6/98
f 2005/4/99 1999/10/99 2001/9/99
f 2006/5/100 2000/11/100 2004/7/100
f 2023/1/95 2026/2/95 2025/3/95
f 2025/3/96 2030/5/96 2029/4/96
f 2030/5/101 2027/6/101 2029/4/101
f 2028/7/98 2023/8/98 2027/6/98
f 2029/4/99 2023/10/99 2025/9/99
f 2030/5/100 2024/11/100 2028/7/100
f 2047/1/95 2050/2/95 2049/3/95
f 2049/3/96 2054/5/96 2053/4/96
f 2054/5/97 2051/6/97 2053/4/97
f 2052/7/98 2047/8/98 2051/6/98
f 2053/4/99 2047/10/99 2049/9/99
f 2054/5/100 2048/11/100 2052/7/100
f 2071/1/95 2074/2/95 2073/3/95
f 2073/3/96 2078/5/96 2077/4/96
f 2078/5/97 2075/6/97 2077/4/97
f 2076/7/98 2071/8/98 2075/6/98
f 2077/4/99 2071/10/99 2073/9/99
f 2078/5/100 2072/11/100 2076/7/100
f 2095/1/95 2098/2/95 2097/3/95
f 2097/3/96 2102/5/96 2101/4/96
f 2102/5/97 2099/6/97 2101/4/97
f 2100/7/98 2095/8/98 2099/6/98
f 2101/4/99 2095/10/99 2097/9/99
f 2102/5/100 2096/11/100 2100/7/100
f 2119/1/95 2122/2/95 2121/3/95
f 2121/3/96 2126/5/96 2125/4/96
f 2126/5/97 2123/6/97 2125/4/97
f 2124/7/98 2119/8/98 2123/6/98
f 2125/4/99 2119/10/99 2121/9/99
f 2126/5/100 2120/11/100 2124/7/100
f 2143/1/95 2146/2/95 2145/3/95
f 2145/3/96 2150/5/96 2149/4/96
f 2150/5/97 2147/6/97 2149/4/97
f 2148/7/98 2143/8/98 2147/6/98
f 2149/4/99 2143/10/99 2145/9/99
f 2150/5/100 2144/11/100 2148/7/100
f 2167/1/104 2170/2/104 2169/3/104
f 2169/3/96 2174/5/96 2173/4/96
f 2174/5/97 2171/6/97 2173/4/97
f 2172/7/98 2167/8/98 2171/6/98
f 2173/4/99 2167/10/99 2169/9/99
f 2174/5/100 2168/11/100 2172/7/100
f 2191/1/104 2194/2/104 2193/3/104
f 2193/3/96 2198/5/96 2197/4/96
f 2198/5/97 2195/6/97 2197/4/97
f 2196/7/98 2191/8/98 2195/6/98
f 2197/4/99 2191/10/99 2193/9/99
f 2198/5/100 2192/11/100 2196/7/100
f 2215/1/95 2218/2/95 2217/3/95
f 2217/3/96 2222/5/96 2221/4/96
f 2222/5/97 2219/6/97 2221/4/97
f 2220/7/98 2215/8/98 2219/6/98
f 2221/4/99 2215/10/99 2217/9/99
f 2222/5/100 2216/11/100 2220/7/100
f 2239/1/95 2242/2/95 2241/3/95
f 2241/3/96 2246/5/96 2245/4/96
f 2246/5/101 2243/6/101 2245/4/101
f 2244/7/98 2239/8/98 2243/6/98
f 2245/4/99 2239/10/99 2241/9/99
f 2246/5/100 2240/11/100 2244/7/100
f 2263/1/95 2266/2/95 2265/3/95
f 2265/3/96 2270/5/96 2269/4/96
f 2270/5/97 2267/6/97 2269/4/97
f 2268/7/98 2263/8/98 2267/6/98
f 2269/4/99 2263/10/99 2265/9/99
f 2270/5/100 2264/11/100 2268/7/100
f 2287/1/95 2290/2/95 2289/3/95
f 2289/3/96 2294/5/96 2293/4/96
f 2294/5/97 2291/6/97 2293/4/97
f 2292/7/98 2287/8/98 2291/6/98
f 2293/4/99 2287/10/99 2289/9/99
f 2294/5/100 2288/11/100 2292/7/100
f 2311/1/95 2314/2/95 2313/3/95
f 2313/3/96 2318/5/96 2317/4/96
f 2318/5/101 2315/6/101 2317/4/101
f 2316/7/98 2311/8/98 2315/6/98
f 2317/4/99 2311/10/99 2313/9/99
f 2318/5/100 2312/11/100 2316/7/100
f 2335/1/104 2338/2/104 2337/3/104
f 2337/3/96 2342/5/96 2341/4/96
f 2342/5/97 2339/6/97 2341/4/97
f 2340/7/98 2335/8/98 2339/6/98
f 2341/4/99 2335/10/99 2337/9/99
f 2342/5/100 2336/11/100 2340/7/100
f 2359/1/95 2362/2/95 2361/3/95
f 2361/3/96 2366/5/96 2365/4/96
f 2366/5/97 2363/6/97 2365/4/97
f 2364/7/98 2359/8/98 2363/6/98
f 2365/4/99 2359/10/99 2361/9/99
f 2366/5/100 2360/11/100 2364/7/100
f 2383/1/95 2386/2/95 2385/3/95
f 2385/3/96 2390/5/96 2389/4/96
f 2390/5/97 2387/6/97 2389/4/97
f 2388/7/98 2383/8/98 2387/6/98
f 2389/4/99 2383/10/99 2385/9/99
f 2390/5/100 2384/11/100 2388/7/100
f 2407/1/95 2410/2/95 2409/3/95
f 2409/3/96 2414/5/96 2413/4/96
f 2414/5/97 2411/6/97 2413/4/97
f 2412/7/98 2407/8/98 2411/6/98
f 2413/4/99 2407/10/99 2409/9/99
f 2414/5/100 2408/11/100 2412/7/100
f 2431/1/95 2434/2/95 2433/3/95
f 2433/3/96 2438/5/96 2437/4/96
f 2438/5/97 2435/6/97 2437/4/97
f 2436/7/98 2431/8/98 2435/6/98
f 2437/4/99 2431/10/99 2433/9/99
f 2438/5/100 2432/11/100 2436/7/100
f 2455/1/104 2458/2/104 2457/3/104
f 2457/3/96 2462/5/96 2461/4/96
f 2462/5/97 2459/6/97 2461/4/97
f 2460/7/98 2455/8/98 2459/6/98
f 2461/4/99 2455/10/99 2457/9/99
f 2462/5/100 2456/11/100 2460/7/100
f 2479/1/104 2482/2/104 2481/3/104
f 2481/3/96 2486/5/96 2485/4/96
f 2486/5/97 2483/6/97 2485/4/97
f 2484/7/98 2479/8/98 2483/6/98
f 2485/4/99 2479/10/99 2481/9/99
f 2486/5/100 2480/11/100 2484/7/100
f 2503/1/81 2506/2/81 2505/3/81
f 2505/3/82 2510/5/82 2509/4/82
f 2510/5/89 2507/6/89 2509/4/89
f 2508/7/84 2503/8/84 2507/6/84
f 2509/4/85 2503/10/85 2505/9/85
f 2510/5/86 2504/11/86 2508/7/86
f 2527/1/81 2530/2/81 2529/3/81
f 2529/3/82 2534/5/82 2533/4/82
f 2534/5/83 2531/6/83 2533/4/83
f 2532/7/84 2527/8/84 2531/6/84
f 2533/4/85 2527/10/85 2529/9/85
f 2534/5/86 2528/11/86 2532/7/86
f 2551/1/81 2554/2/81 2553/3/81
f 2553/3/82 2558/5/82 2557/4/82
f 2558/5/89 2555/6/89 2557/4/89
f 2556/7/84 2551/8/84 2555/6/84
f 2557/4/85 2551/10/85 2553/9/85
f 2558/5/86 2552/11/86 2556/7/86
f 2575/1/81 2578/2/81 2577/3/81
f 2577/3/82 2582/5/82 2581/4/82
f 2582/5/89 2579/6/89 2581/4/89
f 2580/7/84 2575/8/84 2579/6/84
f 2581/4/85 2575/10/85 2577/9/85
f 2582/5/86 2576/11/86 2580/7/86
f 2599/1/81 2602/2/81 2601/3/81
f 2601/3/82 2606/5/82 2605/4/82
f 2606/5/83 2603/6/83 2605/4/83
f 2604/7/84 2599/8/84 2603/6/84
f 2605/4/85 2599/10/85 2601/9/85
f 2606/5/86 2600/11/86 2604/7/86
f 2623/1/81 2626/2/81 2625/3/81
f 2625/3/82 2630/5/82 2629/4/82
f 2630/5/89 2627/6/89 2629/4/89
f 2628/7/84 2623/8/84 2627/6/84
f 2629/4/85 2623/10/85 2625/9/85
f 2630/5/86 2624/11/86 2628/7/86
f 2647/1/81 2650/2/81 2649/3/81
f 2649/3/82 2654/5/82 2653/4/82
f 2654/5/83 2651/6/83 2653/4/83
f 2652/7/84 2647/8/84 2651/6/84
f 2653/4/85 2647/10/85 2649/9/85
f 2654/5/86 2648/11/86 2652/7/86
f 2671/1/94 2674/2/94 2673/3/94
f 2673/3/82 2678/5/82 2677/4/82
f 2678/5/83 2675/6/83 2677/4/83
f 2676/7/84 2671/8/84 2675/6/84
f 2677/4/85 2671/10/85 2673/9/85
f 2678/5/86 2672/11/86 2676/7/86
f 2695/1/81 2698/2/81 2697/3/81
f 2697/3/82 2702/5/82 2701/4/82
f 2702/5/89 2699/6/89 2701/4/89
f 2700/7/84 2695/8/84 2699/6/84
f 2701/4/85 2695/10/85 2697/9/85
f 2702/5/86 2696/11/86 2700/7/86
f 2719/1/81 2722/2/81 2721/3/81
f 2721/3/82 2726/5/82 2725/4/82
f 2726/5/83 2723/6/83 2725/4/83
f 2724/7/84 2719/8/84 2723/6/84
f 2725/4/85 2719/10/85 2721/9/85
f 2726/5/86 2720/11/86 2724/7/86
f 2743/1/94 2746/2/94 2745/3/94
f 2745/3/82 2750/5/82 2749/4/82
f 2750/5/89 2747/6/89 2749/4/89
f 2748/7/84 2743/8/84 2747/6/84
f 2749/4/85 2743/10/85 2745/9/85
f 2750/5/86 2744/11/86 2748/7/86
f 2767/1/81 2770/2/81 2769/3/81
f 2769/3/82 2774/5/82 2773/4/82
f 2774/5/83 2771/6/83 2773/4/83
f 2772/7/84 2767/8/84 2771/6/84
f 2773/4/85 2767/10/85 2769/9/85
f 2774/5/86 2768/11/86 2772/7/86
f 2791/1/81 2794/2/81 2793/3/81
f 2793/3/82 2798/5/82 2797/4/82
f 2798/5/89 2795/6/89 2797/4/89
f 2796/7/84 2791/8/84 2795/6/84
f 2797/4/85 2791/10/85 2793/9/85
f 2798/5/86 2792/11/86 2796/7/86
f 2815/1/81 2818/2/81 2817/3/81
f 2817/3/82 2822/5/82 2821/4/82
f 2822/5/83 2819/6/83 2821/4/83
f 2820/7/84 2815/8/84 2819/6/84
f 2821/4/85 2815/10/85 2817/9/85
f 2822/5/86 2816/11/86 2820/7/86
f 2839/1/81 2842/2/81 2841/3/81
f 2841/3/82 2846/5/82 2845/4/82
f 2846/5/89 2843/6/89 2845/4/89
f 2844/7/84 2839/8/84 2843/6/84
f 2845/4/85 2839/10/85 2841/9/85
f 2846/5/86 2840/11/86 2844/7/86
f 2863/1/81 2866/2/81 2865/3/81
f 2865/3/82 2870/5/82 2869/4/82
f 2870/5/89 2867/6/89 2869/4/89
f 2868/7/84 2863/8/84 2867/6/84
f 2869/4/85 2863/10/85 2865/9/85
f 2870/5/86 2864/11/86 2868/7/86
f 2887/1/94 2890/2/94 2889/3/94
f 2889/3/82 2894/5/82 2893/4/82
f 2894/5/89 2891/6/89 2893/4/89
f 2892/7/84 2887/8/84 2891/6/84
f 2893/4/85 2887/10/85 2889/9/85
f 2894/5/86 2888/11/86 2892/7/86
f 2911/1/94 2914/2/94 2913/3/94
f 2913/3/82 2918/5/82 2917/4/82
f 2918/5/89 2915/6/89 2917/4/89
f 2916/7/84 2911/8/84 2915/6/84
f 2917/4/85 2911/10/85 2913/9/85
f 2918/5/86 2912/11/86 2916/7/86
f 2935/1/81 2938/2/81 2937/3/81
f 2937/3/82 2942/5/82 2941/4/82
f 2942/5/83 2939/6/83 2941/4/83
f 2940/7/84 2935/8/84 2939/6/84
f 2941/4/85 2935/10/85 2937/9/85
f 2942/5/86 2936/11/86 2940/7/86
f 2959/1/81 2962/2/81 2961/3/81
f 2961/3/82 2966/5/82 2965/4/82
f 2966/5/83 2963/6/83 2965/4/83
f 2964/7/84 2959/8/84 2963/6/84
f 2965/4/85 2959/10/85 2961/9/85
f 2966/5/86 2960/11/86 2964/7/86
f 2983/1/81 2986/2/81 2985/3/81
f 2985/3/82 2990/5/82 2989/4/82
f 2990/5/89 2987/6/89 2989/4/89
f 2988/7/84 2983/8/84 2987/6/84
f 2989/4/85 2983/10/85 2985/9/85
f 2990/5/86 2984/11/86 2988/7/86
f 3007/1/81 3010/2/81 3009/3/81
f 3009/3/82 3014/5/82 3013/4/82
f 3014/5/89 3011/6/89 3013/4/89
f 3012/7/84 3007/8/84 3011/6/84
f 3013/4/85 3007/10/85 3009/9/85
f 3014/5/86 3008/11/86 3012/7/86
f 3031/1/94 3034/2/94 3033/3/94
f 3033/3/82 3038/5/82 3037/4/82
f 3038/5/83 3035/6/83 3037/4/83
f 3036/7/84 3031/8/84 3035/6/84
f 3037/4/85 3031/10/85 3033/9/85
f 3038/5/86 3032/11/86 3036/7/86
f 3055/1/81 3058/2/81 3057/3/81
f 3057/3/82 3062/5/82 3061/4/82
f 3062/5/83 3059/6/83 3061/4/83
f 3060/7/84 3055/8/84 3059/6/84
f 3061/4/85 3055/10/85 3057/9/85
f 3062/5/86 3056/11/86 3060/7/86
f 3079/1/104 3082/2/104 3081/3/104
f 3081/3/96 3086/5/96 3085/4/96
f 3086/5/97 3083/6/97 3085/4/97
f 3084/7/98 3079/8/98 3083/6/98
f 3085/4/99 3079/10/99 3081/9/99
f 3086/5/100 3080/11/100 3084/7/100
f 3103/1/95 3106/2/95 3105/3/95
f 3105/3/96 3110/5/96 3109/4/96
f 3110/5/97 3107/6/97 3109/4/97
f 3108/7/98 3103/8/98 3107/6/98
f 3109/4/99 3103/10/99 3105/9/99
f 3110/5/100 3104/11/100 3108/7/100
f 3127/1/95 3130/2/95 3129/3/95
f 3129/3/96 3134/5/96 3133/4/96
f 3134/5/101 3131/6/101 3133/4/101
f 3132/7/98 3127/8/98 3131/6/98
f 3133/4/99 3127/10/99 3129/9/99
f 3134/5/100 3128/11/100 3132/7/100
f 3151/1/95 3154/2/95 3153/3/95
f 3153/3/96 3158/5/96 3157/4/96
f 3158/5/101 3155/6/101 3157/4/101
f 3156/7/98 3151/8/98 3155/6/98
f 3157/4/99 3151/10/99 3153/9/99
f 3158/5/100 3152/11/100 3156/7/100
f 3175/1/95 3178/2/95 3177/3/95
f 3177/3/96 3182/5/96 3181/4/96
f 3182/5/101 3179/6/101 3181/4/101
f 3180/7/98 3175/8/98 3179/6/98
f 3181/4/99 3175/10/99 3177/9/99
f 3182/5/100 3176/11/100 3180/7/100
f 3199/1/95 3202/2/95 3201/3/95
f 3201/3/96 3206/5/96 3205/4/96
f 3206/5/97 3203/6/97 3205/4/97
f 3204/7/98 3199/8/98 3203/6/98
f 3205/4/99 3199/10/99 3201/9/99
f 3206/5/100 3200/11/100 3204/7/100
f 3223/1/95 3226/2/95 3225/3/95
f 3225/3/96 3230/5/96 3229/4/96
f 3230/5/97 3227/6/97 3229/4/97
f 3228/7/98 3223/8/98 3227/6/98
f 3229/4/99 3223/10/99 3225/9/99
f 3230/5/100 3224/11/100 3228/7/100
f 3247/1/95 3250/2/95 3249/3/95
f 3249/3/96 3254/5/96 3253/4/96
f 3254/5/97 3251/6/97 3253/4/97
f 3252/7/98 3247/8/98 3251/6/98
f 3253/4/99 3247/10/99 3249/9/99
f 3254/5/100 3248/11/100 3252/7/100
f 3271/1/95 3274/2/95 3273/3/95
f 3273/3/96 3278/5/96 3277/4/96
f 3278/5/101 3275/6/101 3277/4/101
f 3276/7/98 3271/8/98 3275/6/98
f 3277/4/99 3271/10/99 3273/9/99
f 3278/5/100 3272/11/100 3276/7/100
f 3295/1/104 3298/2/104 3297/3/104
f 3297/3/96 3302/5/96 3301/4/96
f 3302/5/97 3299/6/97 3301/4/97
f 3300/7/98 3295/8/98 3299/6/98
f 3301/4/99 3295/10/99 3297/9/99
f 3302/5/100 3296/11/100 3300/7/100
f 3319/1/104 3322/2/104 3321/3/104
f 3321/3/96 3326/5/96 3325/4/96
f 3326/5/97 3323/6/97 3325/4/97
f 3324/7/98 3319/8/98 3323/6/98
f 3325/4/99 3319/10/99 3321/9/99
f 3326/5/100 3320/11/100 3324/7/100
f 3343/1/95 3346/2/95 3345/3/95
f 3345/3/96 3350/5/96 3349/4/96
f 3350/5/97 3347/6/97 3349/4/97
f 3348/7/98 3343/8/98 3347/6/98
f 3349/4/99 3343/10/99 3345/9/99
f 3350/5/100 3344/11/100 3348/7/100
f 3367/1/104 3370/2/104 3369/3/104
f 3369/3/96 3374/5/96 3373/4/96
f 3374/5/97 3371/6/97 3373/4/97
f 3372/7/98 3367/8/98 3371/6/98
f 3373/4/99 3367/10/99 3369/9/99
f 3374/5/100 3368/11/100 3372/7/100
f 3391/1/95 3394/2/95 3393/3/95
f 3393/3/96 3398/5/96 3397/4/96
f 3398/5/97 3395/6/97 3397/4/97
f 3396/7/98 3391/8/98 3395/6/98
f 3397/4/99 3391/10/99 3393/9/99
f 3398/5/100 3392/11/100 3396/7/100
f 3415/1/95 3418/2/95 3417/3/95
f 3417/3/96 3422/5/96 3421/4/96
f 3422/5/101 3419/6/101 3421/4/101
f 3420/7/98 3415/8/98 3419/6/98
f 3421/4/99 3415/10/99 3417/9/99
f 3422/5/100 3416/11/100 3420/7/100
f 3439/1/95 3442/2/95 3441/3/95
f 3441/3/96 3446/5/96 3445/4/96
f 3446/5/101 3443/6/101 3445/4/101
f 3444/7/98 3439/8/98 3443/6/98
f 3445/4/99 3439/10/99 3441/9/99
f 3446/5/100 3440/11/100 3444/7/100
f 3463/1/95 3466/2/95 3465/3/95
f 3465/3/96 3470/5/96 3469/4/96
f 3470/5/101 3467/6/101 3469/4/101
f 3468/7/98 3463/8/98 3467/6/98
f 3469/4/99 3463/10/99 3465/9/99
f 3470/5/100 3464/11/100 3468/7/100
f 3487/1/104 3490/2/104 3489/3/104
f 3489/3/96 3494/5/96 3493/4/96
f 3494/5/97 3491/6/97 3493/4/97
f 3492/7/98 3487/8/98 3491/6/98
f 3493/4/99 3487/10/99 3489/9/99
f 3494/5/100 3488/11/100 3492/7/100
f 3511/1/95 3514/2/95 3513/3/95
f 3513/3/96 3518/5/96 3517/4/96
f 3518/5/97 3515/6/97 3517/4/97
f 3516/7/98 3511/8/98 3515/6/98
f 3517/4/99 3511/10/99 3513/9/99
f 3518/5/100 3512/11/100 3516/7/100
f 3535/1/95 3538/2/95 3537/3/95
f 3537/3/96 3542/5/96 3541/4/96
f 3542/5/97 3539/6/97 3541/4/97
f 3540/7/98 3535/8/98 3539/6/98
f 3541/4/99 3535/10/99 3537/9/99
f 3542/5/100 3536/11/100 3540/7/100
f 3559/1/95 3562/2/95 3561/3/95
f 3561/3/96 3566/5/96 3565/4/96
f 3566/5/101 3563/6/101 3565/4/101
f 3564/7/98 3559/8/98 3563/6/98
f 3565/4/99 3559/10/99 3561/9/99
f 3566/5/100 3560/11/100 3564/7/100
f 3583/1/104 3586/2/104 3585/3/104
f 3585/3/96 3590/5/96 3589/4/96
f 3590/5/97 3587/6/97 3589/4/97
f 3588/7/98 3583/8/98 3587/6/98
f 3589/4/99 3583/10/99 3585/9/99
f 3590/5/100 3584/11/100 3588/7/100
f 3607/1/104 3610/2/104 3609/3/104
f 3609/3/96 3614/5/96 3613/4/96
f 3614/5/97 3611/6/97 3613/4/97
f 3612/7/98 3607/8/98 3611/6/98
f 3613/4/99 3607/10/99 3609/9/99
f 3614/5/100 3608/11/100 3612/7/100
f 3631/1/95 3634/2/95 3633/3/95
f 3633/3/96 3638/5/96 3637/4/96
f 3638/5/97 3635/6/97 3637/4/97
f 3636/7/98 3631/8/98 3635/6/98
f 3637/4/99 3631/10/99 3633/9/99
f 3638/5/100 3632/11/100 3636/7/100
f 199/1/81 200/12/81 202/2/81
f 201/3/82 202/2/82 206/5/82
f 206/5/83 204/7/83 203/6/83
f 204/7/84 200/14/84 199/8/84
f 205/4/85 203/6/85 199/10/85
f 206/5/86 202/13/86 200/11/86
f 223/1/81 224/12/81 226/2/81
f 225/3/82 226/2/82 230/5/82
f 230/5/83 228/7/83 227/6/83
f 228/7/84 224/14/84 223/8/84
f 229/4/85 227/6/85 223/10/85
f 230/5/86 226/13/86 224/11/86
f 247/1/94 248/12/94 250/2/94
f 249/3/82 250/2/82 254/5/82
f 254/5/89 252/7/89 251/6/89
f 252/7/84 248/14/84 247/8/84
f 253/4/85 251/6/85 247/10/85
f 254/5/86 250/13/86 248/11/86
f 271/1/81 272/12/81 274/2/81
f 273/3/82 274/2/82 278/5/82
f 278/5/83 276/7/83 275/6/83
f 276/7/84 272/14/84 271/8/84
f 277/4/85 275/6/85 271/10/85
f 278/5/86 274/13/86 272/11/86
f 295/1/81 296/12/81 298/2/81
f 297/3/82 298/2/82 302/5/82
f 302/5/83 300/7/83 299/6/83
f 300/7/84 296/14/84 295/8/84
f 301/4/85 299/6/85 295/10/85
f 302/5/86 298/13/86 296/11/86
f 319/1/81 320/12/81 322/2/81
f 321/3/82 322/2/82 326/5/82
f 326/5/83 324/7/83 323/6/83
f 324/7/84 320/14/84 319/8/84
f 325/4/85 323/6/85 319/10/85
f 326/5/86 322/13/86 320/11/86
f 343/1/94 344/12/94 346/2/94
f 345/3/82 346/2/82 350/5/82
f 350/5/83 348/7/83 347/6/83
f 348/7/84 344/14/84 343/8/84
f 349/4/85 347/6/85 343/10/85
f 350/5/86 346/13/86 344/11/86
f 367/1/81 368/12/81 370/2/81
f 369/3/82 370/2/82 374/5/82
f 374/5/83 372/7/83 371/6/83
f 372/7/84 368/14/84 367/8/84
f 373/4/85 371/6/85 367/10/85
f 374/5/86 370/13/86 368/11/86
f 391/1/81 392/12/81 394/2/81
f 393/3/82 394/2/82 398/5/82
f 398/5/89 396/7/89 395/6/89
f 396/7/84 392/14/84 391/8/84
f 397/4/85 395/6/85 391/10/85
f 398/5/86 394/13/86 392/11/86
f 415/1/81 416/12/81 418/2/81
f 417/3/82 418/2/82 422/5/82
f 422/5/83 420/7/83 419/6/83
f 420/7/84 416/14/84 415/8/84
f 421/4/85 419/6/85 415/10/85
f 422/5/86 418/13/86 416/11/86
f 439/1/81 440/12/81 442/2/81
f 441/3/82 442/2/82 446/5/82
f 446/5/83 444/7/83 443/6/83
f 444/7/84 440/14/84 439/8/84
f 445/4/85 443/6/85 439/10/85
f 446/5/86 442/13/86 440/11/86
f 463/1/81 464/12/81 466/2/81
f 465/3/82 466/2/82 470/5/82
f 470/5/83 468/7/83 467/6/83
f 468/7/84 464/14/84 463/8/84
f 469/4/85 467/6/85 463/10/85
f 470/5/86 466/13/86 464/11/86
f 487/1/81 488/12/81 490/2/81
f 489/3/82 490/2/82 494/5/82
f 494/5/83 492/7/83 491/6/83
f 492/7/84 488/14/84 487/8/84
f 493/4/85 491/6/85 487/10/85
f 494/5/86 490/13/86 488/11/86
f 511/1/81 512/12/81 514/2/81
f 513/3/82 514/2/82 518/5/82
f 518/5/83 516/7/83 515/6/83
f 516/7/84 512/14/84 511/8/84
f 517/4/85 515/6/85 511/10/85
f 518/5/86 514/13/86 512/11/86
f 535/1/94 536/12/94 538/2/94
f 537/3/82 538/2/82 542/5/82
f 542/5/89 540/7/89 539/6/89
f 540/7/84 536/14/84 535/8/84
f 541/4/85 539/6/85 535/10/85
f 542/5/86 538/13/86 536/11/86
f 559/1/81 560/12/81 562/2/81
f 561/3/82 562/2/82 566/5/82
f 566/5/89 564/7/89 563/6/89
f 564/7/84 560/14/84 559/8/84
f 565/4/147 563/6/147 559/10/147
f 566/5/86 562/13/86 560/11/86
f 583/1/81 584/12/81 586/2/81
f 585/3/82 586/2/82 590/5/82
f 590/5/83 588/7/83 587/6/83
f 588/7/84 584/14/84 583/8/84
f 589/4/85 587/6/85 583/10/85
f 590/5/86 586/13/86 584/11/86
f 607/1/81 608/12/81 610/2/81
f 609/3/82 610/2/82 614/5/82
f 614/5/83 612/7/83 611/6/83
f 612/7/84 608/14/84 607/8/84
f 613/4/85 611/6/85 607/10/85
f 614/5/86 610/13/86 608/11/86
f 631/1/81 632/12/81 634/2/81
f 633/3/82 634/2/82 638/5/82
f 638/5/83 636/7/83 635/6/83
f 636/7/84 632/14/84 631/8/84
f 637/4/85 635/6/85 631/10/85
f 638/5/86 634/13/86 632/11/86
f 655/1/81 656/12/81 658/2/81
f 657/3/82 658/2/82 662/5/82
f 662/5/83 660/7/83 659/6/83
f 660/7/84 656/14/84 655/8/84
f 661/4/85 659/6/85 655/10/85
f 662/5/86 658/13/86 656/11/86
f 679/1/81 680/12/81 682/2/81
f 681/3/82 682/2/82 686/5/82
f 686/5/89 684/7/89 683/6/89
f 684/7/84 680/14/84 679/8/84
f 685/4/85 683/6/85 679/10/85
f 686/5/86 682/13/86 680/11/86
f 703/1/81 704/12/81 706/2/81
f 705/3/82 706/2/82 710/5/82
f 710/5/83 708/7/83 707/6/83
f 708/7/84 704/14/84 703/8/84
f 709/4/85 707/6/85 703/10/85
f 710/5/86 706/13/86 704/11/86
f 727/1/81 728/12/81 730/2/81
f 729/3/82 730/2/82 734/5/82
f 734/5/89 732/7/89 731/6/89
f 732/7/84 728/14/84 727/8/84
f 733/4/85 731/6/85 727/10/85
f 734/5/86 730/13/86 728/11/86
f 751/1/81 752/12/81 754/2/81
f 753/3/82 754/2/82 758/5/82
f 758/5/83 756/7/83 755/6/83
f 756/7/84 752/14/84 751/8/84
f 757/4/85 755/6/85 751/10/85
f 758/5/86 754/13/86 752/11/86
f 775/1/95 776/12/95 778/2/95
f 777/3/96 778/2/96 782/5/96
f 782/5/97 780/7/97 779/6/97
f 780/7/98 776/14/98 775/8/98
f 781/4/99 779/6/99 775/10/99
f 782/5/100 778/13/100 776/11/100
f 799/1/95 800/12/95 802/2/95
f 801/3/96 802/2/96 806/5/96
f 806/5/101 804/7/101 803/6/101
f 804/7/98 800/14/98 799/8/98
f 805/4/99 803/6/99 799/10/99
f 806/5/100 802/13/100 800/11/100
f 823/1/95 824/12/95 826/2/95
f 825/3/96 826/2/96 830/5/96
f 830/5/97 828/7/97 827/6/97
f 828/7/98 824/14/98 823/8/98
f 829/4/99 827/6/99 823/10/99
f 830/5/100 826/13/100 824/11/100
f 847/1/95 848/12/95 850/2/95
f 849/3/96 850/2/96 854/5/96
f 854/5/101 852/7/101 851/6/101
f 852/7/98 848/14/98 847/8/98
f 853/4/99 851/6/99 847/10/99
f 854/5/100 850/13/100 848/11/100
f 871/1/95 872/12/95 874/2/95
f 873/3/96 874/2/96 878/5/96
f 878/5/101 876/7/101 875/6/101
f 876/7/98 872/14/98 871/8/98
f 877/4/99 875/6/99 871/10/99
f 878/5/100 874/13/100 872/11/100
f 895/1/95 896/12/95 898/2/95
f 897/3/96 898/2/96 902/5/96
f 902/5/97 900/7/97 899/6/97
f 900/7/98 896/14/98 895/8/98
f 901/4/99 899/6/99 895/10/99
f 902/5/100 898/13/100 896/11/100
f 919/1/95 920/12/95 922/2/95
f 921/3/96 922/2/96 926/5/96
f 926/5/101 924/7/101 923/6/101
f 924/7/98 920/14/98 919/8/98
f 925/4/99 923/6/99 919/10/99
f 926/5/100 922/13/100 920/11/100
f 943/1/95 944/12/95 946/2/95
f 945/3/96 946/2/96 950/5/96
f 950/5/101 948/7/101 947/6/101
f 948/7/98 944/14/98 943/8/98
f 949/4/99 947/6/99 943/10/99
f 950/5/100 946/13/100 944/11/100
f 967/1/95 968/12/95 970/2/95
f 969/3/96 970/2/96 974/5/96
f 974/5/101 972/7/101 971/6/101
f 972/7/98 968/14/98 967/8/98
f 973/4/99 971/6/99 967/10/99
f 974/5/100 970/13/100 968/11/100
f 991/1/95 992/12/95 994/2/95
f 993/3/96 994/2/96 998/5/96
f 998/5/101 996/7/101 995/6/101
f 996/7/98 992/14/98 991/8/98
f 997/4/99 995/6/99 991/10/99
f 998/5/100 994/13/100 992/11/100
f 1015/1/95 1016/12/95 1018/2/95
f 1017/3/96 1018/2/96 1022/5/96
f 1022/5/97 1020/7/97 1019/6/97
f 1020/7/98 1016/14/98 1015/8/98
f 1021/4/99 1019/6/99 1015/10/99
f 1022/5/100 1018/13/100 1016/11/100
f 1039/1/95 1040/12/95 1042/2/95
f 1041/3/96 1042/2/96 1046/5/96
f 1046/5/97 1044/7/97 1043/6/97
f 1044/7/98 1040/14/98 1039/8/98
f 1045/4/99 1043/6/99 1039/10/99
f 1046/5/100 1042/13/100 1040/11/100
f 1063/1/95 1064/12/95 1066/2/95
f 1065/3/96 1066/2/96 1070/5/96
f 1070/5/101 1068/7/101 1067/6/101
f 1068/7/98 1064/14/98 1063/8/98
f 1069/4/99 1067/6/99 1063/10/99
f 1070/5/100 1066/13/100 1064/11/100
f 1087/1/95 1088/12/95 1090/2/95
f 1089/3/96 1090/2/96 1094/5/96
f 1094/5/101 1092/7/101 1091/6/101
f 1092/7/98 1088/14/98 1087/8/98
f 1093/4/99 1091/6/99 1087/10/99
f 1094/5/100 1090/13/100 1088/11/100
f 1111/1/95 1112/12/95 1114/2/95
f 1113/3/96 1114/2/96 1118/5/96
f 1118/5/101 1116/7/101 1115/6/101
f 1116/7/98 1112/14/98 1111/8/98
f 1117/4/99 1115/6/99 1111/10/99
f 1118/5/100 1114/13/100 1112/11/100
f 1135/1/95 1136/12/95 1138/2/95
f 1137/3/96 1138/2/96 1142/5/96
f 1142/5/97 1140/7/97 1139/6/97
f 1140/7/98 1136/14/98 1135/8/98
f 1141/4/99 1139/6/99 1135/10/99
f 1142/5/100 1138/13/100 1136/11/100
f 1159/1/95 1160/12/95 1162/2/95
f 1161/3/96 1162/2/96 1166/5/96
f 1166/5/97 1164/7/97 1163/6/97
f 1164/7/98 1160/14/98 1159/8/98
f 1165/4/99 1163/6/99 1159/10/99
f 1166/5/100 1162/13/100 1160/11/100
f 1183/1/95 1184/12/95 1186/2/95
f 1185/3/96 1186/2/96 1190/5/96
f 1190/5/97 1188/7/97 1187/6/97
f 1188/7/98 1184/14/98 1183/8/98
f 1189/4/99 1187/6/99 1183/10/99
f 1190/5/100 1186/13/100 1184/11/100
f 1207/1/95 1208/12/95 1210/2/95
f 1209/3/96 1210/2/96 1214/5/96
f 1214/5/97 1212/7/97 1211/6/97
f 1212/7/98 1208/14/98 1207/8/98
f 1213/4/99 1211/6/99 1207/10/99
f 1214/5/100 1210/13/100 1208/11/100
f 1231/1/95 1232/12/95 1234/2/95
f 1233/3/96 1234/2/96 1238/5/96
f 1238/5/101 1236/7/101 1235/6/101
f 1236/7/98 1232/14/98 1231/8/98
f 1237/4/99 1235/6/99 1231/10/99
f 1238/5/100 1234/13/100 1232/11/100
f 1255/1/95 1256/12/95 1258/2/95
f 1257/3/96 1258/2/96 1262/5/96
f 1262/5/101 1260/7/101 1259/6/101
f 1260/7/98 1256/14/98 1255/8/98
f 1261/4/99 1259/6/99 1255/10/99
f 1262/5/100 1258/13/100 1256/11/100
f 1279/1/95 1280/12/95 1282/2/95
f 1281/3/96 1282/2/96 1286/5/96
f 1286/5/97 1284/7/97 1283/6/97
f 1284/7/98 1280/14/98 1279/8/98
f 1285/4/99 1283/6/99 1279/10/99
f 1286/5/100 1282/13/100 1280/11/100
f 1303/1/95 1304/12/95 1306/2/95
f 1305/3/96 1306/2/96 1310/5/96
f 1310/5/101 1308/7/101 1307/6/101
f 1308/7/98 1304/14/98 1303/8/98
f 1309/4/99 1307/6/99 1303/10/99
f 1310/5/100 1306/13/100 1304/11/100
f 1327/1/95 1328/12/95 1330/2/95
f 1329/3/96 1330/2/96 1334/5/96
f 1334/5/97 1332/7/97 1331/6/97
f 1332/7/98 1328/14/98 1327/8/98
f 1333/4/99 1331/6/99 1327/10/99
f 1334/5/100 1330/13/100 1328/11/100
f 1351/1/81 1352/12/81 1354/2/81
f 1353/3/82 1354/2/82 1358/5/82
f 1358/5/83 1356/7/83 1355/6/83
f 1356/7/84 1352/14/84 1351/8/84
f 1357/4/85 1355/6/85 1351/10/85
f 1358/5/86 1354/13/86 1352/11/86
f 1375/1/81 1376/12/81 1378/2/81
f 1377/3/82 1378/2/82 1382/5/82
f 1382/5/83 1380/7/83 1379/6/83
f 1380/7/84 1376/14/84 1375/8/84
f 1381/4/85 1379/6/85 1375/10/85
f 1382/5/86 1378/13/86 1376/11/86
f 1399/1/81 1400/12/81 1402/2/81
f 1401/3/82 1402/2/82 1406/5/82
f 1406/5/89 1404/7/89 1403/6/89
f 1404/7/84 1400/14/84 1399/8/84
f 1405/4/85 1403/6/85 1399/10/85
f 1406/5/86 1402/13/86 1400/11/86
f 1423/1/81 1424/12/81 1426/2/81
f 1425/3/82 1426/2/82 1430/5/82
f 1430/5/83 1428/7/83 1427/6/83
f 1428/7/84 1424/14/84 1423/8/84
f 1429/4/85 1427/6/85 1423/10/85
f 1430/5/86 1426/13/86 1424/11/86
f 1447/1/81 1448/12/81 1450/2/81
f 1449/3/82 1450/2/82 1454/5/82
f 1454/5/83 1452/7/83 1451/6/83
f 1452/7/84 1448/14/84 1447/8/84
f 1453/4/85 1451/6/85 1447/10/85
f 1454/5/86 1450/13/86 1448/11/86
f 1471/1/81 1472/12/81 1474/2/81
f 1473/3/82 1474/2/82 1478/5/82
f 1478/5/89 1476/7/89 1475/6/89
f 1476/7/84 1472/14/84 1471/8/84
f 1477/4/85 1475/6/85 1471/10/85
f 1478/5/86 1474/13/86 1472/11/86
f 1495/1/94 1496/12/94 1498/2/94
f 1497/3/82 1498/2/82 1502/5/82
f 1502/5/83 1500/7/83 1499/6/83
f 1500/7/84 1496/14/84 1495/8/84
f 1501/4/85 1499/6/85 1495/10/85
f 1502/5/86 1498/13/86 1496/11/86
f 1519/1/81 1520/12/81 1522/2/81
f 1521/3/82 1522/2/82 1526/5/82
f 1526/5/83 1524/7/83 1523/6/83
f 1524/7/84 1520/14/84 1519/8/84
f 1525/4/85 1523/6/85 1519/10/85
f 1526/5/86 1522/13/86 1520/11/86
f 1543/1/81 1544/12/81 1546/2/81
f 1545/3/82 1546/2/82 1550/5/82
f 1550/5/83 1548/7/83 1547/6/83
f 1548/7/84 1544/14/84 1543/8/84
f 1549/4/85 1547/6/85 1543/10/85
f 1550/5/86 1546/13/86 1544/11/86
f 1567/1/81 1568/12/81 1570/2/81
f 1569/3/82 1570/2/82 1574/5/82
f 1574/5/83 1572/7/83 1571/6/83
f 1572/7/84 1568/14/84 1567/8/84
f 1573/4/85 1571/6/85 1567/10/85
f 1574/5/86 1570/13/86 1568/11/86
f 1591/1/81 1592/12/81 1594/2/81
f 1593/3/82 1594/2/82 1598/5/82
f 1598/5/89 1596/7/89 1595/6/89
f 1596/7/84 1592/14/84 1591/8/84
f 1597/4/85 1595/6/85 1591/10/85
f 1598/5/86 1594/13/86 1592/11/86
f 1615/1/81 1616/12/81 1618/2/81
f 1617/3/82 1618/2/82 1622/5/82
f 1622/5/89 1620/7/89 1619/6/89
f 1620/7/84 1616/14/84 1615/8/84
f 1621/4/85 1619/6/85 1615/10/85
f 1622/5/86 1618/13/86 1616/11/86
f 1639/1/81 1640/12/81 1642/2/81
f 1641/3/82 1642/2/82 1646/5/82
f 1646/5/83 1644/7/83 1643/6/83
f 1644/7/84 1640/14/84 1639/8/84
f 1645/4/85 1643/6/85 1639/10/85
f 1646/5/86 1642/13/86 1640/11/86
f 1663/1/94 1664/12/94 1666/2/94
f 1665/3/82 1666/2/82 1670/5/82
f 1670/5/83 1668/7/83 1667/6/83
f 1668/7/84 1664/14/84 1663/8/84
f 1669/4/85 1667/6/85 1663/10/85
f 1670/5/86 1666/13/86 1664/11/86
f 1687/1/94 1688/12/94 1690/2/94
f 1689/3/82 1690/2/82 1694/5/82
f 1694/5/89 1692/7/89 1691/6/89
f 1692/7/84 1688/14/84 1687/8/84
f 1693/4/85 1691/6/85 1687/10/85
f 1694/5/86 1690/13/86 1688/11/86
f 1711/1/81 1712/12/81 1714/2/81
f 1713/3/82 1714/2/82 1718/5/82
f 1718/5/89 1716/7/89 1715/6/89
f 1716/7/84 1712/14/84 1711/8/84
f 1717/4/147 1715/6/147 1711/10/147
f 1718/5/86 1714/13/86 1712/11/86
f 1735/1/81 1736/12/81 1738/2/81
f 1737/3/82 1738/2/82 1742/5/82
f 1742/5/83 1740/7/83 1739/6/83
f 1740/7/84 1736/14/84 1735/8/84
f 1741/4/85 1739/6/85 1735/10/85
f 1742/5/86 1738/13/86 1736/11/86
f 1759/1/81 1760/12/81 1762/2/81
f 1761/3/82 1762/2/82 1766/5/82
f 1766/5/89 1764/7/89 1763/6/89
f 1764/7/84 1760/14/84 1759/8/84
f 1765/4/85 1763/6/85 1759/10/85
f 1766/5/86 1762/13/86 1760/11/86
f 1783/1/81 1784/12/81 1786/2/81
f 1785/3/82 1786/2/82 1790/5/82
f 1790/5/83 1788/7/83 1787/6/83
f 1788/7/84 1784/14/84 1783/8/84
f 1789/4/85 1787/6/85 1783/10/85
f 1790/5/86 1786/13/86 1784/11/86
f 1807/1/81 1808/12/81 1810/2/81
f 1809/3/82 1810/2/82 1814/5/82
f 1814/5/83 1812/7/83 1811/6/83
f 1812/7/84 1808/14/84 1807/8/84
f 1813/4/85 1811/6/85 1807/10/85
f 1814/5/86 1810/13/86 1808/11/86
f 1831/1/81 1832/12/81 1834/2/81
f 1833/3/82 1834/2/82 1838/5/82
f 1838/5/89 1836/7/89 1835/6/89
f 1836/7/84 1832/14/84 1831/8/84
f 1837/4/85 1835/6/85 1831/10/85
f 1838/5/86 1834/13/86 1832/11/86
f 1855/1/81 1856/12/81 1858/2/81
f 1857/3/82 1858/2/82 1862/5/82
f 1862/5/83 1860/7/83 1859/6/83
f 1860/7/84 1856/14/84 1855/8/84
f 1861/4/85 1859/6/85 1855/10/85
f 1862/5/86 1858/13/86 1856/11/86
f 1879/1/81 1880/12/81 1882/2/81
f 1881/3/82 1882/2/82 1886/5/82
f 1886/5/89 1884/7/89 1883/6/89
f 1884/7/84 1880/14/84 1879/8/84
f 1885/4/85 1883/6/85 1879/10/85
f 1886/5/86 1882/13/86 1880/11/86
f 1903/1/81 1904/12/81 1906/2/81
f 1905/3/82 1906/2/82 1910/5/82
f 1910/5/89 1908/7/89 1907/6/89
f 1908/7/84 1904/14/84 1903/8/84
f 1909/4/85 1907/6/85 1903/10/85
f 1910/5/86 1906/13/86 1904/11/86
f 1927/1/95 1928/12/95 1930/2/95
f 1929/3/96 1930/2/96 1934/5/96
f 1934/5/97 1932/7/97 1931/6/97
f 1932/7/98 1928/14/98 1927/8/98
f 1933/4/99 1931/6/99 1927/10/99
f 1934/5/100 1930/13/100 1928/11/100
f 1951/1/95 1952/12/95 1954/2/95
f 1953/3/96 1954/2/96 1958/5/96
f 1958/5/101 1956/7/101 1955/6/101
f 1956/7/98 1952/14/98 1951/8/98
f 1957/4/99 1955/6/99 1951/10/99
f 1958/5/100 1954/13/100 1952/11/100
f 1975/1/95 1976/12/95 1978/2/95
f 1977/3/96 1978/2/96 1982/5/96
f 1982/5/97 1980/7/97 1979/6/97
f 1980/7/98 1976/14/98 1975/8/98
f 1981/4/99 1979/6/99 1975/10/99
f 1982/5/100 1978/13/100 1976/11/100
f 1999/1/95 2000/12/95 2002/2/95
f 2001/3/96 2002/2/96 2006/5/96
f 2006/5/97 2004/7/97 2003/6/97
f 2004/7/98 2000/14/98 1999/8/98
f 2005/4/99 2003/6/99 1999/10/99
f 2006/5/100 2002/13/100 2000/11/100
f 2023/1/95 2024/12/95 2026/2/95
f 2025/3/96 2026/2/96 2030/5/96
f 2030/5/101 2028/7/101 2027/6/101
f 2028/7/98 2024/14/98 2023/8/98
f 2029/4/99 2027/6/99 2023/10/99
f 2030/5/100 2026/13/100 2024/11/100
f 2047/1/95 2048/12/95 2050/2/95
f 2049/3/96 2050/2/96 2054/5/96
f 2054/5/97 2052/7/97 2051/6/97
f 2052/7/98 2048/14/98 2047/8/98
f 2053/4/99 2051/6/99 2047/10/99
f 2054/5/100 2050/13/100 2048/11/100
f 2071/1/95 2072/12/95 2074/2/95
f 2073/3/96 2074/2/96 2078/5/96
f 2078/5/101 2076/7/101 2075/6/101
f 2076/7/98 2072/14/98 2071/8/98
f 2077/4/99 2075/6/99 2071/10/99
f 2078/5/100 2074/13/100 2072/11/100
f 2095/1/95 2096/12/95 2098/2/95
f 2097/3/96 2098/2/96 2102/5/96
f 2102/5/101 2100/7/101 2099/6/101
f 2100/7/98 2096/14/98 2095/8/98
f 2101/4/99 2099/6/99 2095/10/99
f 2102/5/100 2098/13/100 2096/11/100
f 2119/1/95 2120/12/95 2122/2/95
f 2121/3/96 2122/2/96 2126/5/96
f 2126/5/97 2124/7/97 2123/6/97
f 2124/7/98 2120/14/98 2119/8/98
f 2125/4/99 2123/6/99 2119/10/99
f 2126/5/100 2122/13/100 2120/11/100
f 2143/1/95 2144/12/95 2146/2/95
f 2145/3/96 2146/2/96 2150/5/96
f 2150/5/97 2148/7/97 2147/6/97
f 2148/7/98 2144/14/98 2143/8/98
f 2149/4/99 2147/6/99 2143/10/99
f 2150/5/100 2146/13/100 2144/11/100
f 2167/1/95 2168/12/95 2170/2/95
f 2169/3/96 2170/2/96 2174/5/96
f 2174/5/101 2172/7/101 2171/6/101
f 2172/7/98 2168/14/98 2167/8/98
f 2173/4/99 2171/6/99 2167/10/99
f 2174/5/100 2170/13/100 2168/11/100
f 2191/1/95 2192/12/95 2194/2/95
f 2193/3/96 2194/2/96 2198/5/96
f 2198/5/101 2196/7/101 2195/6/101
f 2196/7/98 2192/14/98 2191/8/98
f 2197/4/99 2195/6/99 2191/10/99
f 2198/5/100 2194/13/100 2192/11/100
f 2215/1/95 2216/12/95 2218/2/95
f 2217/3/96 2218/2/96 2222/5/96
f 2222/5/97 2220/7/97 2219/6/97
f 2220/7/98 2216/14/98 2215/8/98
f 2221/4/99 2219/6/99 2215/10/99
f 2222/5/100 2218/13/100 2216/11/100
f 2239/1/95 2240/12/95 2242/2/95
f 2241/3/96 2242/2/96 2246/5/96
f 2246/5/101 2244/7/101 2243/6/101
f 2244/7/98 2240/14/98 2239/8/98
f 2245/4/99 2243/6/99 2239/10/99
f 2246/5/100 2242/13/100 2240/11/100
f 2263/1/95 2264/12/95 2266/2/95
f 2265/3/96 2266/2/96 2270/5/96
f 2270/5/97 2268/7/97 2267/6/97
f 2268/7/98 2264/14/98 2263/8/98
f 2269/4/99 2267/6/99 2263/10/99
f 2270/5/100 2266/13/100 2264/11/100
f 2287/1/95 2288/12/95 2290/2/95
f 2289/3/96 2290/2/96 2294/5/96
f 2294/5/97 2292/7/97 2291/6/97
f 2292/7/98 2288/14/98 2287/8/98
f 2293/4/99 2291/6/99 2287/10/99
f 2294/5/100 2290/13/100 2288/11/100
f 2311/1/95 2312/12/95 2314/2/95
f 2313/3/96 2314/2/96 2318/5/96
f 2318/5/101 2316/7/101 2315/6/101
f 2316/7/98 2312/14/98 2311/8/98
f 2317/4/99 2315/6/99 2311/10/99
f 2318/5/100 2314/13/100 2312/11/100
f 2335/1/95 2336/12/95 2338/2/95
f 2337/3/96 2338/2/96 2342/5/96
f 2342/5/101 2340/7/101 2339/6/101
f 2340/7/98 2336/14/98 2335/8/98
f 2341/4/99 2339/6/99 2335/10/99
f 2342/5/100 2338/13/100 2336/11/100
f 2359/1/95 2360/12/95 2362/2/95
f 2361/3/96 2362/2/96 2366/5/96
f 2366/5/97 2364/7/97 2363/6/97
f 2364/7/98 2360/14/98 2359/8/98
f 2365/4/99 2363/6/99 2359/10/99
f 2366/5/100 2362/13/100 2360/11/100
f 2383/1/95 2384/12/95 2386/2/95
f 2385/3/96 2386/2/96 2390/5/96
f 2390/5/97 2388/7/97 2387/6/97
f 2388/7/98 2384/14/98 2383/8/98
f 2389/4/99 2387/6/99 2383/10/99
f 2390/5/100 2386/13/100 2384/11/100
f 2407/1/95 2408/12/95 2410/2/95
f 2409/3/96 2410/2/96 2414/5/96
f 2414/5/97 2412/7/97 2411/6/97
f 2412/7/98 2408/14/98 2407/8/98
f 2413/4/99 2411/6/99 2407/10/99
f 2414/5/100 2410/13/100 2408/11/100
f 2431/1/95 2432/12/95 2434/2/95
f 2433/3/96 2434/2/96 2438/5/96
f 2438/5/97 2436/7/97 2435/6/97
f 2436/7/98 2432/14/98 2431/8/98
f 2437/4/99 2435/6/99 2431/10/99
f 2438/5/100 2434/13/100 2432/11/100
f 2455/1/95 2456/12/95 2458/2/95
f 2457/3/96 2458/2/96 2462/5/96
f 2462/5/101 2460/7/101 2459/6/101
f 2460/7/98 2456/14/98 2455/8/98
f 2461/4/99 2459/6/99 2455/10/99
f 2462/5/100 2458/13/100 2456/11/100
f 2479/1/95 2480/12/95 2482/2/95
f 2481/3/96 2482/2/96 2486/5/96
f 2486/5/101 2484/7/101 2483/6/101
f 2484/7/98 2480/14/98 2479/8/98
f 2485/4/99 2483/6/99 2479/10/99
f 2486/5/100 2482/13/100 2480/11/100
f 2503/1/81 2504/12/81 2506/2/81
f 2505/3/82 2506/2/82 2510/5/82
f 2510/5/83 2508/7/83 2507/6/83
f 2508/7/84 2504/14/84 2503/8/84
f 2509/4/85 2507/6/85 2503/10/85
f 2510/5/86 2506/13/86 2504/11/86
f 2527/1/81 2528/12/81 2530/2/81
f 2529/3/82 2530/2/82 2534/5/82
f 2534/5/83 2532/7/83 2531/6/83
f 2532/7/84 2528/14/84 2527/8/84
f 2533/4/85 2531/6/85 2527/10/85
f 2534/5/86 2530/13/86 2528/11/86
f 2551/1/81 2552/12/81 2554/2/81
f 2553/3/82 2554/2/82 2558/5/82
f 2558/5/89 2556/7/89 2555/6/89
f 2556/7/84 2552/14/84 2551/8/84
f 2557/4/85 2555/6/85 2551/10/85
f 2558/5/86 2554/13/86 2552/11/86
f 2575/1/81 2576/12/81 2578/2/81
f 2577/3/82 2578/2/82 2582/5/82
f 2582/5/89 2580/7/89 2579/6/89
f 2580/7/84 2576/14/84 2575/8/84
f 2581/4/85 2579/6/85 2575/10/85
f 2582/5/86 2578/13/86 2576/11/86
f 2599/1/81 2600/12/81 2602/2/81
f 2601/3/82 2602/2/82 2606/5/82
f 2606/5/83 2604/7/83 2603/6/83
f 2604/7/84 2600/14/84 2599/8/84
f 2605/4/85 2603/6/85 2599/10/85
f 2606/5/86 2602/13/86 2600/11/86
f 2623/1/81 2624/12/81 2626/2/81
f 2625/3/82 2626/2/82 2630/5/82
f 2630/5/83 2628/7/83 2627/6/83
f 2628/7/84 2624/14/84 2623/8/84
f 2629/4/85 2627/6/85 2623/10/85
f 2630/5/86 2626/13/86 2624/11/86
f 2647/1/94 2648/12/94 2650/2/94
f 2649/3/82 2650/2/82 2654/5/82
f 2654/5/83 2652/7/83 2651/6/83
f 2652/7/84 2648/14/84 2647/8/84
f 2653/4/85 2651/6/85 2647/10/85
f 2654/5/86 2650/13/86 2648/11/86
f 2671/1/81 2672/12/81 2674/2/81
f 2673/3/82 2674/2/82 2678/5/82
f 2678/5/83 2676/7/83 2675/6/83
f 2676/7/84 2672/14/84 2671/8/84
f 2677/4/85 2675/6/85 2671/10/85
f 2678/5/86 2674/13/86 2672/11/86
f 2695/1/81 2696/12/81 2698/2/81
f 2697/3/82 2698/2/82 2702/5/82
f 2702/5/89 2700/7/89 2699/6/89
f 2700/7/84 2696/14/84 2695/8/84
f 2701/4/85 2699/6/85 2695/10/85
f 2702/5/86 2698/13/86 2696/11/86
f 2719/1/81 2720/12/81 2722/2/81
f 2721/3/82 2722/2/82 2726/5/82
f 2726/5/83 2724/7/83 2723/6/83
f 2724/7/84 2720/14/84 2719/8/84
f 2725/4/85 2723/6/85 2719/10/85
f 2726/5/86 2722/13/86 2720/11/86
f 2743/1/81 2744/12/81 2746/2/81
f 2745/3/82 2746/2/82 2750/5/82
f 2750/5/89 2748/7/89 2747/6/89
f 2748/7/84 2744/14/84 2743/8/84
f 2749/4/85 2747/6/85 2743/10/85
f 2750/5/86 2746/13/86 2744/11/86
f 2767/1/81 2768/12/81 2770/2/81
f 2769/3/82 2770/2/82 2774/5/82
f 2774/5/83 2772/7/83 2771/6/83
f 2772/7/84 2768/14/84 2767/8/84
f 2773/4/85 2771/6/85 2767/10/85
f 2774/5/86 2770/13/86 2768/11/86
f 2791/1/81 2792/12/81 2794/2/81
f 2793/3/82 2794/2/82 2798/5/82
f 2798/5/83 2796/7/83 2795/6/83
f 2796/7/84 2792/14/84 2791/8/84
f 2797/4/85 2795/6/85 2791/10/85
f 2798/5/86 2794/13/86 2792/11/86
f 2815/1/81 2816/12/81 2818/2/81
f 2817/3/82 2818/2/82 2822/5/82
f 2822/5/83 2820/7/83 2819/6/83
f 2820/7/84 2816/14/84 2815/8/84
f 2821/4/85 2819/6/85 2815/10/85
f 2822/5/86 2818/13/86 2816/11/86
f 2839/1/94 2840/12/94 2842/2/94
f 2841/3/82 2842/2/82 2846/5/82
f 2846/5/89 2844/7/89 2843/6/89
f 2844/7/84 2840/14/84 2839/8/84
f 2845/4/85 2843/6/85 2839/10/85
f 2846/5/86 2842/13/86 2840/11/86
f 2863/1/81 2864/12/81 2866/2/81
f 2865/3/82 2866/2/82 2870/5/82
f 2870/5/83 2868/7/83 2867/6/83
f 2868/7/84 2864/14/84 2863/8/84
f 2869/4/147 2867/6/147 2863/10/147
f 2870/5/86 2866/13/86 2864/11/86
f 2887/1/81 2888/12/81 2890/2/81
f 2889/3/82 2890/2/82 2894/5/82
f 2894/5/83 2892/7/83 2891/6/83
f 2892/7/84 2888/14/84 2887/8/84
f 2893/4/85 2891/6/85 2887/10/85
f 2894/5/86 2890/13/86 2888/11/86
f 2911/1/81 2912/12/81 2914/2/81
f 2913/3/82 2914/2/82 2918/5/82
f 2918/5/83 2916/7/83 2915/6/83
f 2916/7/84 2912/14/84 2911/8/84
f 2917/4/85 2915/6/85 2911/10/85
f 2918/5/86 2914/13/86 2912/11/86
f 2935/1/81 2936/12/81 2938/2/81
f 2937/3/82 2938/2/82 2942/5/82
f 2942/5/83 2940/7/83 2939/6/83
f 2940/7/84 2936/14/84 2935/8/84
f 2941/4/85 2939/6/85 2935/10/85
f 2942/5/86 2938/13/86 2936/11/86
f 2959/1/81 2960/12/81 2962/2/81
f 2961/3/82 2962/2/82 2966/5/82
f 2966/5/83 2964/7/83 2963/6/83
f 2964/7/84 2960/14/84 2959/8/84
f 2965/4/85 2963/6/85 2959/10/85
f 2966/5/86 2962/13/86 2960/11/86
f 2983/1/81 2984/12/81 2986/2/81
f 2985/3/82 2986/2/82 2990/5/82
f 2990/5/89 2988/7/89 2987/6/89
f 2988/7/84 2984/14/84 2983/8/84
f 2989/4/85 2987/6/85 2983/10/85
f 2990/5/86 2986/13/86 2984/11/86
f 3007/1/81 3008/12/81 3010/2/81
f 3009/3/82 3010/2/82 3014/5/82
f 3014/5/83 3012/7/83 3011/6/83
f 3012/7/84 3008/14/84 3007/8/84
f 3013/4/85 3011/6/85 3007/10/85
f 3014/5/86 3010/13/86 3008/11/86
f 3031/1/81 3032/12/81 3034/2/81
f 3033/3/82 3034/2/82 3038/5/82
f 3038/5/89 3036/7/89 3035/6/89
f 3036/7/84 3032/14/84 3031/8/84
f 3037/4/85 3035/6/85 3031/10/85
f 3038/5/86 3034/13/86 3032/11/86
f 3055/1/81 3056/12/81 3058/2/81
f 3057/3/82 3058/2/82 3062/5/82
f 3062/5/83 3060/7/83 3059/6/83
f 3060/7/84 3056/14/84 3055/8/84
f 3061/4/85 3059/6/85 3055/10/85
f 3062/5/86 3058/13/86 3056/11/86
f 3079/1/95 3080/12/95 3082/2/95
f 3081/3/96 3082/2/96 3086/5/96
f 3086/5/97 3084/7/97 3083/6/97
f 3084/7/98 3080/14/98 3079/8/98
f 3085/4/99 3083/6/99 3079/10/99
f 3086/5/100 3082/13/100 3080/11/100
f 3103/1/95 3104/12/95 3106/2/95
f 3105/3/96 3106/2/96 3110/5/96
f 3110/5/101 3108/7/101 3107/6/101
f 3108/7/98 3104/14/98 3103/8/98
f 3109/4/99 3107/6/99 3103/10/99
f 3110/5/100 3106/13/100 3104/11/100
f 3127/1/95 3128/12/95 3130/2/95
f 3129/3/96 3130/2/96 3134/5/96
f 3134/5/97 3132/7/97 3131/6/97
f 3132/7/98 3128/14/98 3127/8/98
f 3133/4/99 3131/6/99 3127/10/99
f 3134/5/100 3130/13/100 3128/11/100
f 3151/1/95 3152/12/95 3154/2/95
f 3153/3/96 3154/2/96 3158/5/96
f 3158/5/97 3156/7/97 3155/6/97
f 3156/7/98 3152/14/98 3151/8/98
f 3157/4/99 3155/6/99 3151/10/99
f 3158/5/100 3154/13/100 3152/11/100
f 3175/1/95 3176/12/95 3178/2/95
f 3177/3/96 3178/2/96 3182/5/96
f 3182/5/101 3180/7/101 3179/6/101
f 3180/7/98 3176/14/98 3175/8/98
f 3181/4/99 3179/6/99 3175/10/99
f 3182/5/100 3178/13/100 3176/11/100
f 3199/1/95 3200/12/95 3202/2/95
f 3201/3/96 3202/2/96 3206/5/96
f 3206/5/97 3204/7/97 3203/6/97
f 3204/7/98 3200/14/98 3199/8/98
f 3205/4/99 3203/6/99 3199/10/99
f 3206/5/100 3202/13/100 3200/11/100
f 3223/1/95 3224/12/95 3226/2/95
f 3225/3/96 3226/2/96 3230/5/96
f 3230/5/101 3228/7/101 3227/6/101
f 3228/7/98 3224/14/98 3223/8/98
f 3229/4/99 3227/6/99 3223/10/99
f 3230/5/100 3226/13/100 3224/11/100
f 3247/1/95 3248/12/95 3250/2/95
f 3249/3/96 3250/2/96 3254/5/96
f 3254/5/101 3252/7/101 3251/6/101
f 3252/7/98 3248/14/98 3247/8/98
f 3253/4/99 3251/6/99 3247/10/99
f 3254/5/100 3250/13/100 3248/11/100
f 3271/1/95 3272/12/95 3274/2/95
f 3273/3/96 3274/2/96 3278/5/96
f 3278/5/97 3276/7/97 3275/6/97
f 3276/7/98 3272/14/98 3271/8/98
f 3277/4/99 3275/6/99 3271/10/99
f 3278/5/100 3274/13/100 3272/11/100
f 3295/1/95 3296/12/95 3298/2/95
f 3297/3/96 3298/2/96 3302/5/96
f 3302/5/97 3300/7/97 3299/6/97
f 3300/7/98 3296/14/98 3295/8/98
f 3301/4/99 3299/6/99 3295/10/99
f 3302/5/100 3298/13/100 3296/11/100
f 3319/1/95 3320/12/95 3322/2/95
f 3321/3/96 3322/2/96 3326/5/96
f 3326/5/101 3324/7/101 3323/6/101
f 3324/7/98 3320/14/98 3319/8/98
f 3325/4/99 3323/6/99 3319/10/99
f 3326/5/100 3322/13/100 3320/11/100
f 3343/1/95 3344/12/95 3346/2/95
f 3345/3/96 3346/2/96 3350/5/96
f 3350/5/101 3348/7/101 3347/6/101
f 3348/7/98 3344/14/98 3343/8/98
f 3349/4/99 3347/6/99 3343/10/99
f 3350/5/100 3346/13/100 3344/11/100
f 3367/1/95 3368/12/95 3370/2/95
f 3369/3/96 3370/2/96 3374/5/96
f 3374/5/97 3372/7/97 3371/6/97
f 3372/7/98 3368/14/98 3367/8/98
f 3373/4/99 3371/6/99 3367/10/99
f 3374/5/100 3370/13/100 3368/11/100
f 3391/1/95 3392/12/95 3394/2/95
f 3393/3/96 3394/2/96 3398/5/96
f 3398/5/101 3396/7/101 3395/6/101
f 3396/7/98 3392/14/98 3391/8/98
f 3397/4/99 3395/6/99 3391/10/99
f 3398/5/100 3394/13/100 3392/11/100
f 3415/1/95 3416/12/95 3418/2/95
f 3417/3/96 3418/2/96 3422/5/96
f 3422/5/97 3420/7/97 3419/6/97
f 3420/7/98 3416/14/98 3415/8/98
f 3421/4/99 3419/6/99 3415/10/99
f 3422/5/100 3418/13/100 3416/11/100
f 3439/1/95 3440/12/95 3442/2/95
f 3441/3/96 3442/2/96 3446/5/96
f 3446/5/97 3444/7/97 3443/6/97
f 3444/7/98 3440/14/98 3439/8/98
f 3445/4/99 3443/6/99 3439/10/99
f 3446/5/100 3442/13/100 3440/11/100
f 3463/1/95 3464/12/95 3466/2/95
f 3465/3/96 3466/2/96 3470/5/96
f 3470/5/97 3468/7/97 3467/6/97
f 3468/7/98 3464/14/98 3463/8/98
f 3469/4/99 3467/6/99 3463/10/99
f 3470/5/100 3466/13/100 3464/11/100
f 3487/1/95 3488/12/95 3490/2/95
f 3489/3/96 3490/2/96 3494/5/96
f 3494/5/97 3492/7/97 3491/6/97
f 3492/7/98 3488/14/98 3487/8/98
f 3493/4/99 3491/6/99 3487/10/99
f 3494/5/100 3490/13/100 3488/11/100
f 3511/1/95 3512/12/95 3514/2/95
f 3513/3/96 3514/2/96 3518/5/96
f 3518/5/97 3516/7/97 3515/6/97
f 3516/7/98 3512/14/98 3511/8/98
f 3517/4/99 3515/6/99 3511/10/99
f 3518/5/100 3514/13/100 3512/11/100
f 3535/1/95 3536/12/95 3538/2/95
f 3537/3/96 3538/2/96 3542/5/96
f 3542/5/101 3540/7/101 3539/6/101
f 3540/7/98 3536/14/98 3535/8/98
f 3541/4/99 3539/6/99 3535/10/99
f 3542/5/100 3538/13/100 3536/11/100
f 3559/1/95 3560/12/95 3562/2/95
f 3561/3/96 3562/2/96 3566/5/96
f 3566/5/97 3564/7/97 3563/6/97
f 3564/7/98 3560/14/98 3559/8/98
f 3565/4/99 3563/6/99 3559/10/99
f 3566/5/100 3562/13/100 3560/11/100
f 3583/1/95 3584/12/95 3586/2/95
f 3585/3/96 3586/2/96 3590/5/96
f 3590/5/97 3588/7/97 3587/6/97
f 3588/7/98 3584/14/98 3583/8/98
f 3589/4/99 3587/6/99 3583/10/99
f 3590/5/100 3586/13/100 3584/11/100
f 3607/1/95 3608/12/95 3610/2/95
f 3609/3/96 3610/2/96 3614/5/96
f 3614/5/101 3612/7/101 3611/6/101
f 3612/7/98 3608/14/98 3607/8/98
f 3613/4/99 3611/6/99 3607/10/99
f 3614/5/100 3610/13/100 3608/11/100
f 3631/1/95 3632/12/95 3634/2/95
f 3633/3/96 3634/2/96 3638/5/96
f 3638/5/101 3636/7/101 3635/6/101
f 3636/7/98 3632/14/98 3631/8/98
f 3637/4/99 3635/6/99 3631/10/99
f 3638/5/100 3634/13/100 3632/11/100
g Cube.001_Mesh
v -12.256153 8.771370 -34.804638
v -11.392521 6.447052 -34.804638
v -12.256153 8.771368 -34.530807
v -11.392521 6.447052 -34.530807
v -12.919515 8.771368 -34.804638
v -12.055884 6.447052 -34.804638
v -12.919515 8.771368 -34.530807
v -12.055884 6.447052 -34.530807
v -12.608897 16.043161 -34.800022
v -11.743715 11.799057 -34.800022
v -12.608896 16.043159 -34.526192
v -11.743715 11.799055 -34.526196
v -13.272259 16.043159 -34.800022
v -12.407078 11.799055 -34.800022
v -13.272259 16.043159 -34.526192
v -12.407078 11.799055 -34.526196
v -12.266241 8.796539 -34.515728
v -11.750515 11.823933 -34.521515
v -12.243565 8.782106 -34.789345
v -11.727839 11.809496 -34.795128
v -12.926497 8.770483 -34.525963
v -12.410772 11.797873 -34.531754
v -12.903819 8.756046 -34.799580
v -12.388095 11.783436 -34.805367
v -12.221676 8.811646 -32.875931
v -11.358044 6.487326 -32.875931
v -12.221675 8.811644 -32.602097
v -11.358044 6.487327 -32.602100
v -12.885036 8.811644 -32.875931
v -12.021406 6.487326 -32.875931
v -12.885036 8.811644 -32.602097
v -12.021406 6.487327 -32.602100
v -12.574420 16.083437 -32.871307
v -11.709238 11.839333 -32.871307
v -12.574418 16.083435 -32.597477
v -11.709238 11.839331 -32.597481
v -13.237781 16.083435 -32.871307
v -12.372601 11.839331 -32.871307
v -13.237781 16.083435 -32.597477
v -12.372601 11.839331 -32.597481
v -12.231764 8.836815 -32.587017
v -11.716038 11.864208 -32.592804
v -12.209086 8.822382 -32.860638
v -11.693362 11.849771 -32.866421
v -12.892018 8.810759 -32.597256
v -12.376295 11.838148 -32.603035
v -12.869341 8.796322 -32.870872
v -12.353617 11.823711 -32.876656
v -12.275463 8.752142 -33.555717
v -11.411832 6.427823 -33.555717
v -12.275463 8.752140 -33.281887
v -11.411832 6.427823 -33.281887
v -12.938826 8.752140 -33.555717
v -12.075195 6.427823 -33.555717
v -12.938826 8.752140 -33.281887
v -12.075195 6.427823 -33.281887
v -12.119411 14.263397 -33.551102
v -11.763026 11.779829 -33.551102
v -12.119410 14.263395 -33.277267
v -11.763026 11.779827 -33.277275
v -12.782772 14.263395 -33.551102
v -12.426388 11.779827 -33.551102
v -12.782772 14.263395 -33.277267
v -12.426388 11.779827 -33.277275
v -12.285551 8.777311 -33.266808
v -11.769827 11.804705 -33.272598
v -12.262875 8.762878 -33.540428
v -11.747150 11.790268 -33.546211
v -12.945807 8.751255 -33.277042
v -12.430082 11.778645 -33.282829
v -12.923130 8.736818 -33.550659
v -12.407406 11.764208 -33.556450
v -12.159266 8.812935 -34.173237
v -11.295634 6.488617 -34.173237
v -12.159266 8.812935 -33.899410
v -11.295634 6.488617 -33.899410
v -12.822628 8.812933 -34.173237
v -11.958997 6.488617 -34.173237
v -12.822628 8.812935 -33.899410
v -11.958997 6.488617 -33.899410
v -12.397579 15.155098 -34.150764
v -11.646829 11.840624 -34.168625
v -12.397579 15.155096 -33.876930
v -11.646829 11.840622 -33.894798
v -13.060942 15.155096 -34.150764
v -12.310190 11.840622 -34.168625
v -13.060942 15.155096 -33.876930
v -12.310190 11.840622 -33.894798
v -12.169353 8.838106 -33.884331
v -11.653628 11.865499 -33.890121
v -12.146677 8.823671 -34.157951
v -11.630953 11.851063 -34.163738
v -12.829609 8.812050 -33.894566
v -12.313885 11.839439 -33.900352
v -12.806932 8.797611 -34.168182
v -12.291208 11.825001 -34.173965
v -11.965734 8.782661 -32.298290
v -11.102101 6.458343 -32.298290
v -11.965734 8.782660 -32.024460
v -11.102101 6.458343 -32.024460
v -12.629095 8.782660 -32.298290
v -11.765465 6.458343 -32.298290
v -12.629095 8.782660 -32.024460
v -11.765465 6.458343 -32.024460
v -12.318479 16.054451 -32.293671
v -11.453296 11.810349 -32.293671
v -12.318477 16.054449 -32.019840
v -11.453296 11.810347 -32.019840
v -12.981839 16.054449 -32.293671
v -12.116658 11.810347 -32.293671
v -12.981839 16.054449 -32.019840
v -12.116658 11.810347 -32.019840
v -11.975821 8.807831 -32.009380
v -11.460096 11.835224 -32.015167
v -11.953145 8.793398 -32.282997
v -11.437420 11.820787 -32.288780
v -12.636077 8.781775 -32.019615
v -12.120353 11.809164 -32.025398
v -12.613400 8.767338 -32.293232
v -12.097675 11.794727 -32.299015
v -11.931256 8.822935 -30.369579
v -11.067624 6.498617 -30.369579
v -11.931255 8.822933 -30.095749
v -11.067624 6.498617 -30.095749
v -12.594618 8.822933 -30.369579
v -11.730988 6.498617 -30.369579
v -12.594618 8.822933 -30.095749
v -11.730988 6.498617 -30.095749
v -12.284000 16.094727 -30.364960
v -11.418818 11.850622 -30.364960
v -12.283999 16.094727 -30.091125
v -11.418818 11.850620 -30.091125
v -12.947362 16.094727 -30.364960
v -12.082181 11.850620 -30.364960
v -12.947362 16.094727 -30.091125
v -12.082181 11.850620 -30.091125
v -11.941344 8.848104 -30.080666
v -11.425619 11.875498 -30.086449
v -11.918667 8.833672 -30.354286
v -11.402943 11.861061 -30.360069
v -12.601599 8.822048 -30.090900
v -12.085876 11.849438 -30.096687
v -12.578922 8.807611 -30.364521
v -12.063198 11.835001 -30.370308
v -11.985044 8.763432 -31.049370
v -11.121412 6.439114 -31.049370
v -11.985044 8.763430 -30.775536
v -11.121412 6.439114 -30.775536
v -12.648406 8.763430 -31.049370
v -11.784776 6.439114 -31.049370
v -12.648406 8.763430 -30.775536
v -11.784776 6.439114 -30.775536
v -11.828991 14.274687 -31.044754
v -11.472607 11.791119 -31.044754
v -11.828990 14.274685 -30.770924
v -11.472607 11.791117 -30.770924
v -12.492353 14.274685 -31.044754
v -12.135969 11.791117 -31.044754
v -12.492353 14.274685 -30.770924
v -12.135969 11.791117 -30.770924
v -11.995132 8.788601 -30.760456
v -11.479407 11.815994 -30.766243
v -11.972455 8.774168 -31.034077
v -11.456731 11.801558 -31.039856
v -12.655388 8.762545 -30.770699
v -12.139664 11.789934 -30.776478
v -12.632710 8.748108 -31.044312
v -12.116986 11.775497 -31.050098
v -11.868847 8.824226 -31.666893
v -11.005215 6.499908 -31.666893
v -11.868846 8.824224 -31.393063
v -11.005215 6.499908 -31.393063
v -12.532208 8.824224 -31.666893
v -11.668578 6.499908 -31.666893
v -12.532208 8.824224 -31.393063
v -11.668578 6.499908 -31.393063
v -12.107161 15.166389 -31.644409
v -11.356409 11.851913 -31.662273
v -12.107160 15.166386 -31.370579
v -11.356409 11.851912 -31.388443
v -12.770522 15.166386 -31.644409
v -12.019772 11.851912 -31.662273
v -12.770522 15.166386 -31.370579
v -12.019772 11.851912 -31.388443
v -11.878935 8.849396 -31.377983
v -11.363210 11.876789 -31.383766
v -11.856257 8.834963 -31.651596
v -11.340533 11.862352 -31.657383
v -12.539190 8.823339 -31.388218
v -12.023466 11.850729 -31.393997
v -12.516513 8.808903 -31.661835
v -12.000789 11.836292 -31.667618
v -12.268738 8.771364 -37.417965
v -11.405106 6.447047 -37.417965
v -12.268738 8.771362 -37.144135
v -11.405106 6.447047 -37.144135
v -12.932100 8.771362 -37.417965
v -12.068469 6.447047 -37.417965
v -12.932100 8.771362 -37.144135
v -12.068469 6.447047 -37.144135
v -12.621482 16.043156 -37.413345
v -11.756300 11.799051 -37.413345
v -12.621482 16.043154 -37.139519
v -11.756300 11.799049 -37.139519
v -13.284844 16.043154 -37.413345
v -12.419662 11.799049 -37.413345
v -13.284844 16.043154 -37.139519
v -12.419662 11.799049 -37.139519
v -12.278826 8.796534 -37.129055
v -11.763101 11.823927 -37.134842
v -12.256149 8.782101 -37.402672
v -11.740424 11.809490 -37.408455
v -12.939081 8.770477 -37.139290
v -12.423357 11.797867 -37.145073
v -12.916405 8.756041 -37.412907
v -12.400681 11.783430 -37.418694
v -12.234261 8.811638 -35.489254
v -11.370628 6.487321 -35.489254
v -12.234261 8.811636 -35.215427
v -11.370628 6.487321 -35.215427
v -12.897622 8.811636 -35.489254
v -12.033992 6.487321 -35.489254
v -12.897622 8.811636 -35.215427
v -12.033992 6.487321 -35.215427
v -12.587005 16.083431 -35.484634
v -11.721823 11.839327 -35.484634
v -12.587004 16.083429 -35.210808
v -11.721823 11.839325 -35.210808
v -13.250366 16.083429 -35.484634
v -12.385185 11.839325 -35.484634
v -13.250366 16.083429 -35.210808
v -12.385185 11.839325 -35.210808
v -12.244349 8.836809 -35.200340
v -11.728623 11.864202 -35.206131
v -12.221672 8.822374 -35.473961
v -11.705947 11.849766 -35.479752
v -12.904604 8.810753 -35.210579
v -12.388880 11.838140 -35.216362
v -12.881927 8.796314 -35.484200
v -12.366202 11.823704 -35.489983
v -12.288049 8.752136 -36.169044
v -11.424417 6.427818 -36.169044
v -12.288048 8.752134 -35.895214
v -11.424417 6.427818 -35.895214
v -12.951410 8.752134 -36.169044
v -12.087780 6.427818 -36.169044
v -12.951410 8.752134 -35.895214
v -12.087780 6.427818 -35.895214
v -12.131996 14.263390 -36.164429
v -11.775611 11.779823 -36.164429
v -12.131994 14.263388 -35.890594
v -11.775611 11.779821 -35.890602
v -12.795357 14.263388 -36.164429
v -12.438973 11.779821 -36.164429
v -12.795357 14.263388 -35.890594
v -12.438973 11.779821 -35.890602
v -12.298137 8.777306 -35.880135
v -11.782412 11.804699 -35.885918
v -12.275459 8.762873 -36.153751
v -11.759735 11.790262 -36.159538
v -12.958391 8.751249 -35.890366
v -12.442668 11.778639 -35.896156
v -12.935715 8.736813 -36.163986
v -12.419991 11.764202 -36.169777
v -12.171851 8.812929 -36.786568
v -11.308219 6.488612 -36.786568
v -12.171850 8.812927 -36.512737
v -11.308219 6.488612 -36.512737
v -12.835213 8.812927 -36.786568
v -11.971582 6.488612 -36.786568
v -12.835213 8.812927 -36.512737
v -11.971582 6.488612 -36.512737
v -12.410165 15.155092 -36.764091
v -11.659413 11.840618 -36.781944
v -12.410164 15.155090 -36.490257
v -11.659413 11.840616 -36.508118
v -13.073526 15.155090 -36.764091
v -12.322776 11.840616 -36.781944
v -13.073526 15.155090 -36.490257
v -12.322776 11.840616 -36.508118
v -12.181939 8.838100 -36.497658
v -11.666214 11.865492 -36.503441
v -12.159262 8.823666 -36.771275
v -11.643538 11.851057 -36.777061
v -12.842194 8.812044 -36.507893
v -12.326470 11.839432 -36.513676
v -12.819517 8.797606 -36.781509
v -12.303793 11.824995 -36.787292
v -12.276535 8.732595 -27.005550
v -11.412903 6.408278 -27.005550
v -12.276535 8.732594 -26.731716
v -11.412903 6.408278 -26.731716
v -12.939897 8.732594 -27.005550
v -12.076266 6.408278 -27.005550
v -12.939897 8.732594 -26.731716
v -12.076266 6.408278 -26.731716
v -12.629279 16.004385 -27.000931
v -11.764097 11.760283 -27.000931
v -12.629278 16.004383 -26.727097
v -11.764097 11.760281 -26.727097
v -13.292641 16.004383 -27.000931
v -12.427460 11.760281 -27.000931
v -13.292641 16.004383 -26.727097
v -12.427460 11.760281 -26.727097
v -12.286623 8.757765 -26.716637
v -11.770897 11.785158 -26.722420
v -12.263947 8.743332 -26.990257
v -11.748221 11.770721 -26.996044
v -12.946878 8.731709 -26.726871
v -12.431154 11.759098 -26.732658
v -12.924201 8.717272 -27.000492
v -12.408477 11.744661 -27.006279
v -12.242058 8.772869 -25.076839
v -11.378426 6.448552 -25.076839
v -12.242057 8.772867 -24.803009
v -11.378426 6.448552 -24.803009
v -12.905418 8.772867 -25.076839
v -12.041788 6.448552 -25.076839
v -12.905418 8.772867 -24.803009
v -12.041788 6.448552 -24.803009
v -12.594802 16.044661 -25.072220
v -11.729620 11.800558 -25.072220
v -12.594800 16.044659 -24.798389
v -11.729620 11.800556 -24.798389
v -13.258162 16.044659 -25.072220
v -12.392982 11.800556 -25.072220
v -13.258162 16.044659 -24.798389
v -12.392982 11.800556 -24.798389
v -12.252146 8.798040 -24.787930
v -11.736420 11.825432 -24.793716
v -12.229468 8.783606 -25.061546
v -11.713744 11.810997 -25.067329
v -12.912400 8.771984 -24.798164
v -12.396677 11.799372 -24.803951
v -12.889723 8.757545 -25.071781
v -12.373999 11.784935 -25.077568
v -12.295845 8.713367 -25.756626
v -11.432214 6.389049 -25.756626
v -12.295845 8.713366 -25.482796
v -11.432214 6.389049 -25.482800
v -12.959208 8.713366 -25.756626
v -12.095577 6.389049 -25.756626
v -12.959208 8.713366 -25.482796
v -12.095577 6.389049 -25.482800
v -12.139792 14.224621 -25.752003
v -11.783408 11.741055 -25.752007
v -12.139791 14.224619 -25.478176
v -11.783408 11.741053 -25.478180
v -12.803154 14.224619 -25.752003
v -12.446770 11.741053 -25.752007
v -12.803154 14.224619 -25.478176
v -12.446770 11.741053 -25.478180
v -12.305933 8.738537 -25.467716
v -11.790209 11.765930 -25.473507
v -12.283257 8.724104 -25.741333
v -11.767532 11.751493 -25.747116
v -12.966188 8.712481 -25.477951
v -12.450464 11.739870 -25.483738
v -12.943512 8.698044 -25.751568
v -12.427788 11.725433 -25.757355
v -12.179647 8.774160 -26.374153
v -11.316016 6.449843 -26.374153
v -12.179647 8.774158 -26.100323
v -11.316016 6.449843 -26.100323
v -12.843010 8.774158 -26.374153
v -11.979380 6.449843 -26.374153
v -12.843010 8.774158 -26.100323
v -11.979380 6.449843 -26.100323
v -12.417961 15.116322 -26.351669
v -11.667211 11.801849 -26.369534
v -12.417961 15.116320 -26.077839
v -11.667211 11.801847 -26.095703
v -13.081324 15.116320 -26.351669
v -12.330572 11.801847 -26.369534
v -13.081324 15.116320 -26.077839
v -12.330572 11.801847 -26.095703
v -12.189735 8.799332 -26.085239
v -11.674011 11.826723 -26.091022
v -12.167059 8.784897 -26.358860
v -11.651335 11.812288 -26.364643
v -12.849991 8.773275 -26.095474
v -12.334267 11.800663 -26.101261
v -12.827314 8.758837 -26.369095
v -12.311590 11.786226 -26.374882
v -11.986116 8.743885 -24.499199
v -11.122484 6.419568 -24.499199
v -11.986115 8.743883 -24.225368
v -11.122484 6.419568 -24.225372
v -12.649477 8.743883 -24.499199
v -11.785847 6.419568 -24.499199
v -12.649477 8.743883 -24.225368
v -11.785847 6.419568 -24.225372
v -12.338861 16.015675 -24.494579
v -11.473679 11.771574 -24.494579
v -12.338859 16.015673 -24.220749
v -11.473679 11.771572 -24.220753
v -13.002221 16.015673 -24.494579
v -12.137041 11.771570 -24.494579
v -13.002221 16.015673 -24.220749
v -12.137041 11.771570 -24.220753
v -11.996204 8.769054 -24.210289
v -11.480478 11.796450 -24.216076
v -11.973527 8.754622 -24.483906
v -11.457802 11.782013 -24.489689
v -12.656459 8.742998 -24.220524
v -12.140736 11.770388 -24.226311
v -12.633781 8.728561 -24.494141
v -12.118057 11.755951 -24.499928
v -11.951638 8.784161 -22.570492
v -11.088007 6.459841 -22.570492
v -11.951637 8.784159 -22.296661
v -11.088007 6.459841 -22.296661
v -12.615000 8.784159 -22.570492
v -11.751369 6.459841 -22.570492
v -12.615000 8.784159 -22.296661
v -11.751369 6.459841 -22.296661
v -12.304382 16.055950 -22.565868
v -11.439201 11.811848 -22.565868
v -12.304381 16.055948 -22.292042
v -11.439201 11.811846 -22.292042
v -12.967744 16.055948 -22.565868
v -12.102563 11.811846 -22.565868
v -12.967744 16.055948 -22.292042
v -12.102563 11.811846 -22.292042
v -11.961726 8.809330 -22.281582
v -11.446001 11.836723 -22.287365
v -11.939049 8.794897 -22.555195
v -11.423325 11.822287 -22.560982
v -12.621981 8.783274 -22.291817
v -12.106257 11.810663 -22.297604
v -12.599304 8.768837 -22.565434
v -12.083580 11.796227 -22.571220
v -12.005426 8.724657 -23.250282
v -11.141794 6.400339 -23.250282
v -12.005426 8.724655 -22.976452
v -11.141794 6.400339 -22.976452
v -12.668788 8.724655 -23.250282
v -11.805159 6.400339 -23.250282
v -12.668788 8.724655 -22.976452
v -11.805159 6.400339 -22.976452
v -11.849373 14.235910 -23.245659
v -11.492989 11.752344 -23.245659
v -11.849373 14.235909 -22.971832
v -11.492989 11.752342 -22.971836
v -12.512735 14.235909 -23.245659
v -12.156351 11.752342 -23.245659
v -12.512735 14.235909 -22.971832
v -12.156351 11.752342 -22.971836
v -12.015514 8.749826 -22.961372
v -11.499790 11.777220 -22.967155
v -11.992838 8.735394 -23.234989
v -11.477114 11.762783 -23.240772
v -12.675770 8.723770 -22.971607
v -12.160046 11.751160 -22.977386
v -12.653092 8.709333 -23.245224
v -12.137368 11.736723 -23.251007
v -11.889229 8.785452 -23.867802
v -11.025597 6.461133 -23.867802
v -11.889229 8.785450 -23.593971
v -11.025597 6.461133 -23.593971
v -12.552590 8.785448 -23.867802
v -11.688960 6.461133 -23.867802
v -12.552590 8.785448 -23.593971
v -11.688960 6.461133 -23.593971
v -12.127542 15.127611 -23.845322
v -11.376791 11.813139 -23.863182
v -12.127542 15.127609 -23.571491
v -11.376791 11.813137 -23.589352
v -12.790904 15.127609 -23.845322
v -12.040154 11.813137 -23.863182
v -12.790904 15.127609 -23.571491
v -12.040154 11.813137 -23.589352
v -11.899317 8.810621 -23.578892
v -11.383592 11.838015 -23.584675
v -11.876640 8.796188 -23.852516
v -11.360916 11.823578 -23.858295
v -12.559572 8.784565 -23.589127
v -12.043848 11.811954 -23.594913
v -12.536895 8.770126 -23.862743
v -12.021171 11.797518 -23.868530
v -12.289120 8.732590 -29.618870
v -11.425488 6.408272 -29.618870
v -12.289120 8.732588 -29.345039
v -11.425488 6.408272 -29.345043
v -12.952482 8.732588 -29.618870
v -12.088852 6.408272 -29.618870
v -12.952482 8.732588 -29.345039
v -12.088852 6.408272 -29.345043
v -12.641864 16.004379 -29.614250
v -11.776682 11.760277 -29.614250
v -12.641864 16.004375 -29.340420
v -11.776682 11.760275 -29.340424
v -13.305226 16.004375 -29.614250
v -12.440044 11.760275 -29.614250
v -13.305226 16.004375 -29.340420
v -12.440044 11.760275 -29.340424
v -12.299208 8.757759 -29.329964
v -11.783483 11.785152 -29.335747
v -12.276531 8.743326 -29.603580
v -11.760807 11.770716 -29.609364
v -12.959463 8.731703 -29.340199
v -12.443739 11.759092 -29.345982
v -12.936787 8.717266 -29.613815
v -12.421062 11.744656 -29.619598
v -12.254642 8.772863 -27.690163
v -11.391010 6.448546 -27.690163
v -12.254642 8.772861 -27.416332
v -11.391010 6.448546 -27.416332
v -12.918004 8.772861 -27.690163
v -12.054374 6.448546 -27.690163
v -12.918004 8.772861 -27.416332
v -12.054374 6.448546 -27.416332
v -12.607387 16.044655 -27.685547
v -11.742205 11.800552 -27.685547
v -12.607386 16.044653 -27.411713
v -11.742205 11.800550 -27.411713
v -13.270748 16.044653 -27.685547
v -12.405567 11.800550 -27.685547
v -13.270748 16.044653 -27.411713
v -12.405567 11.800550 -27.411713
v -12.264730 8.798035 -27.401253
v -11.749005 11.825426 -27.407040
v -12.242054 8.783600 -27.674870
v -11.726330 11.810991 -27.680656
v -12.924986 8.771978 -27.411491
v -12.409262 11.799366 -27.417274
v -12.902308 8.757540 -27.685108
v -12.386584 11.784929 -27.690891
v -12.308431 8.713362 -28.369953
v -11.444799 6.389043 -28.369953
v -12.308430 8.713360 -28.096127
v -11.444799 6.389043 -28.096127
v -12.971792 8.713360 -28.369953
v -12.108162 6.389043 -28.369953
v -12.971792 8.713360 -28.096127
v -12.108162 6.389043 -28.096127
v -12.152378 14.224613 -28.365334
v -11.795994 11.741049 -28.365334
v -12.152376 14.224611 -28.091503
v -11.795994 11.741047 -28.091503
v -12.815739 14.224611 -28.365334
v -12.459355 11.741047 -28.365334
v -12.815739 14.224611 -28.091503
v -12.459355 11.741047 -28.091503
v -12.318519 8.738531 -28.081039
v -11.802794 11.765924 -28.086823
v -12.295841 8.724098 -28.354660
v -11.780117 11.751488 -28.360443
v -12.978773 8.712475 -28.091278
v -12.463050 11.739864 -28.097057
v -12.956097 8.698038 -28.364895
v -12.440372 11.725428 -28.370682
v -12.192233 8.774155 -28.987473
v -11.328602 6.449837 -28.987473
v -12.192232 8.774153 -28.713646
v -11.328602 6.449837 -28.713646
v -12.855595 8.774153 -28.987473
v -11.991964 6.449837 -28.987473
v -12.855595 8.774153 -28.713646
v -11.991964 6.449837 -28.713646
v -12.430547 15.116314 -28.964993
v -11.679796 11.801844 -28.982857
v -12.430546 15.116314 -28.691166
v -11.679796 11.801842 -28.709026
v -13.093908 15.116314 -28.964993
v -12.343158 11.801842 -28.982857
v -13.093908 15.116314 -28.691166
v -12.343158 11.801842 -28.709026
v -12.202321 8.799326 -28.698563
v -11.686596 11.826717 -28.704350
v -12.179644 8.784891 -28.972183
v -11.663919 11.812283 -28.977966
v -12.862576 8.773270 -28.708801
v -12.346852 11.800657 -28.714584
v -12.839899 8.758831 -28.982418
v -12.324175 11.786221 -28.988201
v -12.320725 8.602444 -19.476562
v -11.457093 6.278127 -19.476562
v -12.320724 8.602442 -19.225250
v -11.457093 6.278127 -19.225250
v -12.984087 8.602442 -19.476562
v -12.120456 6.278127 -19.476562
v -12.984087 8.602442 -19.225250
v -12.120456 6.278127 -19.225250
v -12.673470 15.874237 -19.472321
v -11.808288 11.630131 -19.472328
v -12.673469 15.874235 -19.221012
v -11.808288 11.630129 -19.221012
v -13.336831 15.874235 -19.472321
v -12.471650 11.630129 -19.472328
v -13.336831 15.874235 -19.221012
v -12.471650 11.630129 -19.221012
v -12.330813 8.627613 -19.211407
v -11.815087 11.655006 -19.216717
v -12.308136 8.613180 -19.462524
v -11.792411 11.640570 -19.467838
v -12.991068 8.601557 -19.220806
v -12.475345 11.628946 -19.226112
v -12.968391 8.587120 -19.471920
v -12.452667 11.614510 -19.477230
v -12.286247 8.642719 -17.706455
v -11.422616 6.318400 -17.706455
v -12.286247 8.642717 -17.455143
v -11.422616 6.318400 -17.455147
v -12.949609 8.642717 -17.706455
v -12.085979 6.318400 -17.706455
v -12.949609 8.642717 -17.455143
v -12.085979 6.318400 -17.455147
v -12.638991 15.914515 -17.702217
v -11.773810 11.670406 -17.702217
v -12.638990 15.914513 -17.450905
v -11.773810 11.670404 -17.450909
v -13.302353 15.914511 -17.702217
v -12.437172 11.670404 -17.702217
v -13.302353 15.914511 -17.450905
v -12.437172 11.670404 -17.450909
v -12.296335 8.667889 -17.441303
v -11.780610 11.695282 -17.446613
v -12.273659 8.653456 -17.692421
v -11.757934 11.680845 -17.697727
v -12.956591 8.641832 -17.450695
v -12.440866 11.669222 -17.456005
v -12.933913 8.627396 -17.701813
v -12.418189 11.654785 -17.707123
v -12.340035 8.583216 -18.330345
v -11.476404 6.258898 -18.330345
v -12.340035 8.583214 -18.079033
v -11.476404 6.258898 -18.079033
v -13.003397 8.583214 -18.330345
v -12.139768 6.258898 -18.330345
v -13.003397 8.583214 -18.079033
v -12.139768 6.258898 -18.079033
v -12.183982 14.094471 -18.326107
v -11.827598 11.610903 -18.326107
v -12.183982 14.094469 -18.074791
v -11.827598 11.610901 -18.074795
v -12.847344 14.094469 -18.326107
v -12.490960 11.610901 -18.326107
v -12.847344 14.094469 -18.074791
v -12.490960 11.610901 -18.074795
v -12.350123 8.608385 -18.065193
v -11.834399 11.635778 -18.070499
v -12.327447 8.593952 -18.316311
v -11.811723 11.621342 -18.321617
v -13.010379 8.582329 -18.074585
v -12.494655 11.609718 -18.079891
v -12.987701 8.567892 -18.325703
v -12.471977 11.595282 -18.331017
v -12.223838 8.644009 -18.897087
v -11.360207 6.319692 -18.897087
v -12.223838 8.644007 -18.645775
v -11.360207 6.319692 -18.645775
v -12.887199 8.644007 -18.897087
v -12.023569 6.319692 -18.897087
v -12.887199 8.644007 -18.645775
v -12.023569 6.319692 -18.645775
v -12.462152 14.986174 -18.876457
v -11.711400 11.671698 -18.892849
v -12.462151 14.986172 -18.625145
v -11.711400 11.671696 -18.641537
v -13.125513 14.986172 -18.876457
v -12.374763 11.671696 -18.892849
v -13.125513 14.986172 -18.625145
v -12.374763 11.671696 -18.641537
v -12.233926 8.669180 -18.631935
v -11.718201 11.696571 -18.637241
v -12.211249 8.654745 -18.883053
v -11.695525 11.682137 -18.888359
v -12.894181 8.643124 -18.641331
v -12.378457 11.670511 -18.646637
v -12.871504 8.628685 -18.892445
v -12.355780 11.656075 -18.897751
v -12.030306 8.613735 -17.176311
v -11.166674 6.289416 -17.176311
v -12.030305 8.613733 -16.925003
v -11.166674 6.289416 -16.925003
v -12.693667 8.613733 -17.176311
v -11.830037 6.289416 -17.176311
v -12.693667 8.613733 -16.925003
v -11.830037 6.289416 -16.925003
v -12.383050 15.885529 -17.172077
v -11.517868 11.641422 -17.172077
v -12.383049 15.885527 -16.920765
v -11.517868 11.641420 -16.920765
v -13.046412 15.885527 -17.172077
v -12.181231 11.641420 -17.172077
v -13.046412 15.885527 -16.920765
v -12.181231 11.641420 -16.920765
v -12.040394 8.638905 -16.911160
v -11.524669 11.666298 -16.916470
v -12.017716 8.624472 -17.162281
v -11.501992 11.651861 -17.167587
v -12.700649 8.612848 -16.920555
v -12.184925 11.640238 -16.925865
v -12.677972 8.598412 -17.171673
v -12.162248 11.625801 -17.176983
v -11.995828 8.654009 -15.406204
v -11.132196 6.329691 -15.406204
v -11.995828 8.654007 -15.154896
v -11.132196 6.329691 -15.154896
v -12.659190 8.654007 -15.406204
v -11.795560 6.329691 -15.406204
v -12.659190 8.654007 -15.154896
v -11.795560 6.329691 -15.154896
v -12.348573 15.925806 -15.401970
v -11.483391 11.681696 -15.401970
v -12.348572 15.925802 -15.150658
v -11.483391 11.681694 -15.150658
v -13.011934 15.925802 -15.401970
v -12.146752 11.681694 -15.401970
v -13.011934 15.925802 -15.150658
v -12.146752 11.681694 -15.150658
v -12.005916 8.679178 -15.141052
v -11.490191 11.706572 -15.146362
v -11.983239 8.664745 -15.392170
v -11.467515 11.692135 -15.397484
v -12.666171 8.653122 -15.150444
v -12.150447 11.680511 -15.155758
v -12.643495 8.638685 -15.401562
v -12.127770 11.666075 -15.406876
v -12.049617 8.594505 -16.030098
v -11.185985 6.270188 -16.030098
v -12.049616 8.594503 -15.778782
v -11.185985 6.270188 -15.778782
v -12.712978 8.594503 -16.030098
v -11.849348 6.270188 -16.030098
v -12.712978 8.594503 -15.778782
v -11.849348 6.270188 -15.778782
v -11.893563 14.105761 -16.025856
v -11.537179 11.622192 -16.025856
v -11.893562 14.105759 -15.774544
v -11.537179 11.622190 -15.774548
v -12.556925 14.105759 -16.025856
v -12.200541 11.622190 -16.025856
v -12.556925 14.105759 -15.774544
v -12.200541 11.622190 -15.774548
v -12.059705 8.619675 -15.764942
v -11.543980 11.647068 -15.770256
v -12.037027 8.605242 -16.016060
v -11.521303 11.632631 -16.021370
v -12.719959 8.593618 -15.774338
v -12.204236 11.621008 -15.779648
v -12.697283 8.579182 -16.025455
v -12.181558 11.606571 -16.030766
v -11.933419 8.655300 -16.596840
v -11.069787 6.330982 -16.596840
v -11.933418 8.655298 -16.345524
v -11.069787 6.330982 -16.345528
v -12.596781 8.655298 -16.596840
v -11.733150 6.330982 -16.596840
v -12.596781 8.655298 -16.345524
v -11.733150 6.330982 -16.345528
v -12.171733 14.997463 -16.576206
v -11.420981 11.682987 -16.592598
v -12.171731 14.997461 -16.324894
v -11.420981 11.682985 -16.341286
v -12.835094 14.997461 -16.576206
v -12.084344 11.682985 -16.592598
v -12.835094 14.997461 -16.324894
v -12.084344 11.682985 -16.341286
v -11.943507 8.680470 -16.331684
v -11.427782 11.707863 -16.336998
v -11.920830 8.666037 -16.582809
v -11.405106 11.693426 -16.588112
v -12.603762 8.654413 -16.341084
v -12.088038 11.681803 -16.346390
v -12.581085 8.639977 -16.592201
v -12.065360 11.667366 -16.597507
v -12.333310 8.602440 -21.874989
v -11.469678 6.278121 -21.874989
v -12.333310 8.602438 -21.623676
v -11.469678 6.278121 -21.623676
v -12.996672 8.602438 -21.874989
v -12.133041 6.278121 -21.874989
v -12.996672 8.602438 -21.623676
v -12.133041 6.278121 -21.623676
v -12.686054 15.874231 -21.870747
v -11.820872 11.630127 -21.870747
v -12.686053 15.874229 -21.619434
v -11.820872 11.630125 -21.619434
v -13.349416 15.874229 -21.870747
v -12.484235 11.630125 -21.870747
v -13.349416 15.874229 -21.619434
v -12.484235 11.630125 -21.619434
v -12.343398 8.627609 -21.609833
v -11.827672 11.655003 -21.615143
v -12.320722 8.613176 -21.860954
v -11.804996 11.640566 -21.866261
v -13.003654 8.601553 -21.619228
v -12.487929 11.628942 -21.624535
v -12.980976 8.587116 -21.870346
v -12.465252 11.614506 -21.875652
v -12.298833 8.642714 -20.104877
v -11.435201 6.318396 -20.104877
v -12.298832 8.642712 -19.853569
v -11.435201 6.318396 -19.853569
v -12.962194 8.642712 -20.104877
v -12.098563 6.318396 -20.104877
v -12.962194 8.642712 -19.853569
v -12.098563 6.318396 -19.853569
v -12.651577 15.914507 -20.100643
v -11.786395 11.670401 -20.100643
v -12.651576 15.914505 -19.849331
v -11.786395 11.670399 -19.849331
v -13.314939 15.914505 -20.100643
v -12.449758 11.670399 -20.100643
v -13.314939 15.914505 -19.849331
v -12.449758 11.670399 -19.849331
v -12.308921 8.667883 -19.839729
v -11.793195 11.695276 -19.845036
v -12.286243 8.653450 -20.090847
v -11.770519 11.680840 -20.096153
v -12.969175 8.641827 -19.849121
v -12.453452 11.669216 -19.854427
v -12.946499 8.627390 -20.100239
v -12.430775 11.654779 -20.105545
v -12.352621 8.583210 -20.728767
v -11.488989 6.258893 -20.728767
v -12.352620 8.583208 -20.477455
v -11.488989 6.258893 -20.477459
v -13.015983 8.583208 -20.728767
v -12.152352 6.258893 -20.728767
v -13.015983 8.583208 -20.477455
v -12.152352 6.258893 -20.477459
v -12.196568 14.094465 -20.724533
v -11.840183 11.610897 -20.724533
v -12.196567 14.094463 -20.473221
v -11.840183 11.610895 -20.473221
v -12.859929 14.094463 -20.724533
v -12.503546 11.610895 -20.724533
v -12.859929 14.094463 -20.473221
v -12.503546 11.610895 -20.473221
v -12.362709 8.608379 -20.463615
v -11.846984 11.635773 -20.468925
v -12.340032 8.593946 -20.714733
v -11.824307 11.621336 -20.720043
v -13.022964 8.582323 -20.473007
v -12.507240 11.609713 -20.478317
v -13.000287 8.567886 -20.724125
v -12.484563 11.595276 -20.729439
v -12.236423 8.644005 -21.295513
v -11.372791 6.319686 -21.295513
v -12.236423 8.644003 -21.044201
v -11.372791 6.319686 -21.044201
v -12.899785 8.644003 -21.295513
v -12.036155 6.319686 -21.295513
v -12.899785 8.644003 -21.044201
v -12.036155 6.319686 -21.044201
v -12.474737 14.986168 -21.274879
v -11.723986 11.671692 -21.291275
v -12.474736 14.986166 -21.023563
v -11.723986 11.671690 -21.039963
v -13.138099 14.986166 -21.274879
v -12.387348 11.671690 -21.291275
v -13.138099 14.986166 -21.023563
v -12.387348 11.671690 -21.039963
v -12.246511 8.669174 -21.030361
v -11.730786 11.696568 -21.035667
v -12.223834 8.654741 -21.281479
v -11.708110 11.682131 -21.286785
v -12.906766 8.643118 -21.039753
v -12.391043 11.670507 -21.045059
v -12.884089 8.628681 -21.290871
v -12.368365 11.656071 -21.296181
v -12.341107 8.563669 -12.318813
v -11.477475 6.239352 -12.318813
v -12.341106 8.563667 -12.067501
v -11.477475 6.239352 -12.067501
v -13.004469 8.563667 -12.318813
v -12.140839 6.239352 -12.318813
v -13.004469 8.563667 -12.067501
v -12.140839 6.239352 -12.067501
v -12.693851 15.835463 -12.314575
v -11.828670 11.591356 -12.314575
v -12.693851 15.835461 -12.063259
v -11.828670 11.591354 -12.063259
v -13.357213 15.835461 -12.314575
v -12.492032 11.591354 -12.314575
v -13.357213 15.835461 -12.063259
v -12.492032 11.591354 -12.063259
v -12.351195 8.588839 -12.053658
v -11.835469 11.616232 -12.058968
v -12.328518 8.574406 -12.304779
v -11.812794 11.601795 -12.310085
v -13.011450 8.562782 -12.063053
v -12.495727 11.590172 -12.068359
v -12.988773 8.548346 -12.314171
v -12.473049 11.575735 -12.319477
v -12.306629 8.603945 -10.548702
v -11.442998 6.279626 -10.548702
v -12.306629 8.603943 -10.297390
v -11.442998 6.279626 -10.297394
v -12.969991 8.603943 -10.548702
v -12.106360 6.279626 -10.548702
v -12.969991 8.603943 -10.297390
v -12.106360 6.279626 -10.297394
v -12.659373 15.875738 -10.544464
v -11.794192 11.631632 -10.544464
v -12.659372 15.875736 -10.293152
v -11.794192 11.631630 -10.293152
v -13.322735 15.875736 -10.544464
v -12.457554 11.631630 -10.544464
v -13.322735 15.875736 -10.293152
v -12.457554 11.631630 -10.293152
v -12.316717 8.629114 -10.283554
v -11.800992 11.656507 -10.288860
v -12.294041 8.614681 -10.534672
v -11.778316 11.642071 -10.539974
v -12.976973 8.603058 -10.292946
v -12.461248 11.630447 -10.298252
v -12.954295 8.588621 -10.544060
v -12.438571 11.616011 -10.549370
v -12.360417 8.544441 -11.172588
v -11.496786 6.220123 -11.172588
v -12.360417 8.544439 -10.921280
v -11.496786 6.220124 -10.921280
v -13.023779 8.544439 -11.172588
v -12.160150 6.220123 -11.172588
v -13.023779 8.544439 -10.921280
v -12.160150 6.220123 -10.921280
v -12.204365 14.055695 -11.168354
v -11.847980 11.572128 -11.168354
v -12.204364 14.055693 -10.917038
v -11.847980 11.572126 -10.917046
v -12.867726 14.055693 -11.168354
v -12.511342 11.572126 -11.168354
v -12.867726 14.055693 -10.917038
v -12.511342 11.572126 -10.917046
v -12.370505 8.569611 -10.907440
v -11.854781 11.597004 -10.912746
v -12.347829 8.555178 -11.158554
v -11.832105 11.582567 -11.163864
v -13.030761 8.543554 -10.916836
v -12.515037 11.570944 -10.922142
v -13.008083 8.529118 -11.167950
v -12.492359 11.556507 -11.173256
v -12.244220 8.605234 -11.739334
v -11.380589 6.280917 -11.739334
v -12.244220 8.605234 -11.488022
v -11.380589 6.280917 -11.488022
v -12.907581 8.605232 -11.739334
v -12.043951 6.280917 -11.739334
v -12.907581 8.605234 -11.488022
v -12.043951 6.280917 -11.488022
v -12.482533 14.947397 -11.718704
v -11.731783 11.632923 -11.735096
v -12.482533 14.947395 -11.467392
v -11.731783 11.632921 -11.483788
v -13.145895 14.947395 -11.718704
v -12.395144 11.632921 -11.735096
v -13.145895 14.947395 -11.467392
v -12.395144 11.632921 -11.483788
v -12.254308 8.630405 -11.474182
v -11.738583 11.657799 -11.479492
v -12.231631 8.615971 -11.725300
v -11.715907 11.643362 -11.730610
v -12.914563 8.604349 -11.483574
v -12.398839 11.631739 -11.488884
v -12.891886 8.589911 -11.734692
v -12.376162 11.617300 -11.740005
v -12.050688 8.574961 -10.018566
v -11.187056 6.250642 -10.018566
v -12.050688 8.574959 -9.767254
v -11.187056 6.250642 -9.767254
v -12.714049 8.574959 -10.018566
v -11.850419 6.250642 -10.018566
v -12.714049 8.574959 -9.767254
v -11.850419 6.250642 -9.767254
v -12.403432 15.846752 -10.014324
v -11.538250 11.602648 -10.014324
v -12.403431 15.846750 -9.763012
v -11.538250 11.602646 -9.763016
v -13.066793 15.846750 -10.014324
v -12.201612 11.602646 -10.014324
v -13.066793 15.846750 -9.763012
v -12.201612 11.602646 -9.763016
v -12.060776 8.600130 -9.753410
v -11.545051 11.627523 -9.758720
v -12.038099 8.585697 -10.004528
v -11.522374 11.613087 -10.009834
v -12.721031 8.574074 -9.762802
v -12.205307 11.601463 -9.768112
v -12.698354 8.559637 -10.013920
v -12.182630 11.587027 -10.019234
v -12.016211 8.615234 -8.248451
v -11.152578 6.290916 -8.248451
v -12.016210 8.615232 -7.997139
v -11.152578 6.290916 -7.997143
v -12.679572 8.615232 -8.248451
v -11.815942 6.290916 -8.248451
v -12.679572 8.615232 -7.997139
v -11.815942 6.290916 -7.997143
v -12.368955 15.887028 -8.244217
v -11.503773 11.642921 -8.244217
v -12.368954 15.887026 -7.992905
v -11.503773 11.642920 -7.992905
v -13.032316 15.887026 -8.244217
v -12.167135 11.642920 -8.244217
v -13.032316 15.887026 -7.992905
v -12.167135 11.642920 -7.992905
v -12.026299 8.640404 -7.983303
v -11.510573 11.667797 -7.988609
v -12.003621 8.625971 -8.234417
v -11.487897 11.653360 -8.239723
v -12.686553 8.614347 -7.992695
v -12.170830 11.641737 -7.998001
v -12.663877 8.599911 -8.243809
v -12.148152 11.627300 -8.249126
v -12.069999 8.555731 -8.872345
v -11.206367 6.231414 -8.872345
v -12.069998 8.555729 -8.621029
v -11.206367 6.231414 -8.621029
v -12.733360 8.555729 -8.872345
v -11.869730 6.231414 -8.872345
v -12.733360 8.555729 -8.621029
v -11.869730 6.231414 -8.621029
v -11.913945 14.066986 -8.868103
v -11.557561 11.583418 -8.868103
v -11.913944 14.066984 -8.616795
v -11.557561 11.583416 -8.616795
v -12.577307 14.066984 -8.868103
v -12.220923 11.583416 -8.868103
v -12.577307 14.066984 -8.616795
v -12.220923 11.583416 -8.616795
v -12.080087 8.580900 -8.607193
v -11.564362 11.608294 -8.612503
v -12.057409 8.566467 -8.858315
v -11.541685 11.593857 -8.863617
v -12.740341 8.554844 -8.616585
v -12.224618 11.582233 -8.621895
v -12.717665 8.540407 -8.867706
v -12.201941 11.567797 -8.873016
v -11.953801 8.616526 -9.439083
v -11.090169 6.292207 -9.439083
v -11.953800 8.616524 -9.187775
v -11.090169 6.292208 -9.187775
v -12.617163 8.616524 -9.439083
v -11.753532 6.292207 -9.439083
v -12.617163 8.616524 -9.187775
v -11.753532 6.292208 -9.187775
v -12.192115 14.958687 -9.418457
v -11.441363 11.644213 -9.434849
v -12.192114 14.958687 -9.167145
v -11.441363 11.644211 -9.183540
v -12.855476 14.958685 -9.418457
v -12.104726 11.644211 -9.434849
v -12.855476 14.958687 -9.167145
v -12.104726 11.644211 -9.183540
v -11.963889 8.641695 -9.173931
v -11.448164 11.669088 -9.179245
v -11.941212 8.627262 -9.425053
v -11.425488 11.654652 -9.430363
v -12.624144 8.615639 -9.183327
v -12.108420 11.643028 -9.188637
v -12.601467 8.601202 -9.434441
v -12.085743 11.628592 -9.439754
v -12.353692 8.563663 -14.717236
v -11.490060 6.239347 -14.717236
v -12.353692 8.563662 -14.465923
v -11.490060 6.239347 -14.465923
v -13.017054 8.563662 -14.717236
v -12.153423 6.239347 -14.717236
v -13.017054 8.563662 -14.465923
v -12.153423 6.239347 -14.465923
v -12.706436 15.835455 -14.712990
v -11.841254 11.591351 -14.712990
v -12.706435 15.835455 -14.461678
v -11.841254 11.591349 -14.461681
v -13.369798 15.835455 -14.712990
v -12.504617 11.591349 -14.712990
v -13.369798 15.835455 -14.461678
v -12.504617 11.591349 -14.461681
v -12.363780 8.588833 -14.452080
v -11.848055 11.616226 -14.457390
v -12.341104 8.574400 -14.703201
v -11.825378 11.601789 -14.708508
v -13.024035 8.562777 -14.461475
v -12.508311 11.590166 -14.466785
v -13.001358 8.548340 -14.712593
v -12.485634 11.575729 -14.717899
v -12.319215 8.603937 -12.947124
v -11.455583 6.279621 -12.947124
v -12.319214 8.603937 -12.695816
v -11.455583 6.279621 -12.695816
v -12.982576 8.603935 -12.947124
v -12.118946 6.279621 -12.947124
v -12.982576 8.603935 -12.695816
v -12.118946 6.279621 -12.695816
v -12.671959 15.875732 -12.942886
v -11.806777 11.631626 -12.942886
v -12.671958 15.875731 -12.691574
v -11.806777 11.631624 -12.691574
v -13.335320 15.875731 -12.942886
v -12.470140 11.631624 -12.942886
v -13.335320 15.875731 -12.691574
v -12.470140 11.631624 -12.691574
v -12.329303 8.629108 -12.681976
v -11.813578 11.656502 -12.687283
v -12.306625 8.614674 -12.933094
v -11.790901 11.642065 -12.938400
v -12.989557 8.603052 -12.691368
v -12.473834 11.630440 -12.696674
v -12.966881 8.588614 -12.942490
v -12.451157 11.616003 -12.947800
v -12.373003 8.544436 -13.571014
v -11.509371 6.220118 -13.571014
v -12.373002 8.544434 -13.319702
v -11.509371 6.220118 -13.319702
v -13.036365 8.544434 -13.571014
v -12.172734 6.220118 -13.571014
v -13.036365 8.544434 -13.319702
v -12.172734 6.220118 -13.319702
v -12.216949 14.055687 -13.566772
v -11.860565 11.572123 -13.566772
v -12.216949 14.055685 -13.315460
v -11.860565 11.572121 -13.315460
v -12.880311 14.055685 -13.566772
v -12.523928 11.572121 -13.566772
v -12.880311 14.055685 -13.315460
v -12.523928 11.572121 -13.315460
v -12.383091 8.569605 -13.305866
v -11.867366 11.596998 -13.311172
v -12.360414 8.555172 -13.556984
v -11.844689 11.582561 -13.562286
v -13.043345 8.543549 -13.315254
v -12.527622 11.570938 -13.320560
v -13.020669 8.529112 -13.566372
v -12.504945 11.556501 -13.571686
v -12.256805 8.605228 -14.137756
v -11.393173 6.280911 -14.137756
v -12.256804 8.605227 -13.886448
v -11.393173 6.280911 -13.886448
v -12.920167 8.605227 -14.137756
v -12.056537 6.280911 -14.137756
v -12.920167 8.605227 -13.886448
v -12.056537 6.280911 -13.886448
v -12.495119 14.947390 -14.117126
v -11.744368 11.632917 -14.133522
v -12.495118 14.947388 -13.865810
v -11.744368 11.632915 -13.882210
v -13.158481 14.947388 -14.117126
v -12.407730 11.632915 -14.133522
v -13.158481 14.947388 -13.865810
v -12.407730 11.632915 -13.882210
v -12.266893 8.630400 -13.872604
v -11.751168 11.657791 -13.877914
v -12.244216 8.615965 -14.123722
v -11.728492 11.643356 -14.129032
v -12.927148 8.604343 -13.882000
v -12.411425 11.631731 -13.887306
v -12.904471 8.589905 -14.133118
v -12.388747 11.617294 -14.138428
vn -0.9374 -0.3483 -0.0000
vn -0.0000 -0.0000 -1.0000
vn 0.9374 0.3483 -0.0000
vn -0.0000 -0.0000 1.0000
vn -0.0000 -1.0000 -0.0000
vn -0.0000 1.0000 -0.0000
vn -0.9798 -0.1997 -0.0000
vn 0.9798 0.1997 -0.0000
vn -0.9818 0.1671 -0.0902
vn -0.0157 0.0046 0.9999
vn 0.9818 -0.1671 0.0902
vn 0.0157 -0.0046 -0.9999
vn -0.0385 0.9977 -0.0558
vn 0.0385 -0.9977 0.0558
vn -0.9798 -0.1998 -0.0000
vn -0.9899 -0.1420 -0.0000
vn 0.9899 0.1420 -0.0000
vn -0.9753 -0.2209 -0.0000
vn -0.0000 0.0054 -1.0000
vn 0.9753 0.2209 -0.0000
vn -0.0000 -0.0054 1.0000
vn -0.9811 0.1670 -0.0982
vn -0.0144 0.0042 0.9999
vn 0.9811 -0.1670 0.0982
vn 0.0144 -0.0042 -0.9999
vn -0.0385 0.9974 -0.0608
vn 0.0385 -0.9974 0.0608
vn -0.9811 0.1669 -0.0982
vn -0.0000 0.0049 -1.0000
vn -0.0000 -0.0049 1.0000
vn 0.9811 -0.1669 0.0982
vn 0.9798 0.1998 -0.0000
vn -0.0000 0.0050 -1.0000
vt 0.625000 0.000000
vt 0.375000 0.250000
vt 0.375000 0.000000
vt 0.625000 0.500000
vt 0.375000 0.500000
vt 0.375000 0.750000
vt 0.625000 0.750000
vt 0.375000 1.000000
vt 0.125000 0.750000
vt 0.125000 0.500000
vt 0.875000 0.500000
vt 0.625000 0.250000
vt 0.875000 0.750000
vt 0.625000 1.000000
s 0
g Cube.001_Material.005
usemtl Material.005
f 3640/16/148 3641/17/148 3639/18/148
f 3641/17/149 3646/19/149 3645/20/149
f 3646/19/150 3643/21/150 3645/20/150
f 3644/22/151 3639/23/151 3643/21/151
f 3645/20/152 3639/24/152 3641/25/152
f 3642/26/153 3644/22/153 3646/19/153
f 3664/16/148 3665/17/148 3663/18/148
f 3665/17/149 3670/19/149 3669/20/149
f 3670/19/150 3667/21/150 3669/20/150
f 3668/22/151 3663/23/151 3667/21/151
f 3669/20/152 3663/24/152 3665/25/152
f 3666/26/153 3668/22/153 3670/19/153
f 3688/16/148 3689/17/148 3687/18/148
f 3689/17/149 3694/19/149 3693/20/149
f 3694/19/150 3691/21/150 3693/20/150
f 3692/22/151 3687/23/151 3691/21/151
f 3693/20/152 3687/24/152 3689/25/152
f 3690/26/153 3692/22/153 3694/19/153
f 3711/18/148 3714/27/148 3713/17/148
f 3713/17/149 3718/19/149 3717/20/149
f 3718/19/150 3715/21/150 3717/20/150
f 3716/22/151 3711/23/151 3715/21/151
f 3717/20/152 3711/24/152 3713/25/152
f 3714/26/153 3716/22/153 3718/19/153
f 3736/16/148 3737/17/148 3735/18/148
f 3737/17/149 3742/19/149 3741/20/149
f 3742/19/150 3739/21/150 3741/20/150
f 3740/22/151 3735/23/151 3739/21/151
f 3741/20/152 3735/24/152 3737/25/152
f 3738/26/153 3740/22/153 3742/19/153
f 3760/16/148 3761/17/148 3759/18/148
f 3761/17/149 3766/19/149 3765/20/149
f 3766/19/150 3763/21/150 3765/20/150
f 3764/22/151 3759/23/151 3763/21/151
f 3765/20/152 3759/24/152 3761/25/152
f 3762/26/153 3764/22/153 3766/19/153
f 3784/16/148 3785/17/148 3783/18/148
f 3785/17/149 3790/19/149 3789/20/149
f 3790/19/150 3787/21/150 3789/20/150
f 3788/22/151 3783/23/151 3787/21/151
f 3789/20/152 3783/24/152 3785/25/152
f 3786/26/153 3788/22/153 3790/19/153
f 3808/16/148 3809/17/148 3807/18/148
f 3809/17/149 3814/19/149 3813/20/149
f 3814/19/150 3811/21/150 3813/20/150
f 3812/22/151 3807/23/151 3811/21/151
f 3813/20/152 3807/24/152 3809/25/152
f 3810/26/153 3812/22/153 3814/19/153
f 3832/16/148 3833/17/148 3831/18/148
f 3833/17/149 3838/19/149 3837/20/149
f 3838/19/150 3835/21/150 3837/20/150
f 3836/22/151 3831/23/151 3835/21/151
f 3837/20/152 3831/24/152 3833/25/152
f 3834/26/153 3836/22/153 3838/19/153
f 3856/16/148 3857/17/148 3855/18/148
f 3857/17/149 3862/19/149 3861/20/149
f 3862/19/150 3859/21/150 3861/20/150
f 3860/22/151 3855/23/151 3859/21/151
f 3861/20/152 3855/24/152 3857/25/152
f 3858/26/153 3860/22/153 3862/19/153
f 3880/16/148 3881/17/148 3879/18/148
f 3881/17/149 3886/19/149 3885/20/149
f 3886/19/150 3883/21/150 3885/20/150
f 3884/22/151 3879/23/151 3883/21/151
f 3885/20/152 3879/24/152 3881/25/152
f 3882/26/153 3884/22/153 3886/19/153
f 3904/16/148 3905/17/148 3903/18/148
f 3905/17/149 3910/19/149 3909/20/149
f 3910/19/150 3907/21/150 3909/20/150
f 3908/22/151 3903/23/151 3907/21/151
f 3909/20/152 3903/24/152 3905/25/152
f 3906/26/153 3908/22/153 3910/19/153
f 3928/16/148 3929/17/148 3927/18/148
f 3929/17/149 3934/19/149 3933/20/149
f 3934/19/150 3931/21/150 3933/20/150
f 3932/22/151 3927/23/151 3931/21/151
f 3933/20/152 3927/24/152 3929/25/152
f 3930/26/153 3932/22/153 3934/19/153
f 3952/16/148 3953/17/148 3951/18/148
f 3953/17/149 3958/19/149 3957/20/149
f 3958/19/150 3955/21/150 3957/20/150
f 3956/22/151 3951/23/151 3955/21/151
f 3957/20/152 3951/24/152 3953/25/152
f 3954/26/153 3956/22/153 3958/19/153
f 3976/16/148 3977/17/148 3975/18/148
f 3977/17/149 3982/19/149 3981/20/149
f 3982/19/150 3979/21/150 3981/20/150
f 3980/22/151 3975/23/151 3979/21/151
f 3981/20/152 3975/24/152 3977/25/152
f 3978/26/153 3980/22/153 3982/19/153
f 4000/16/148 4001/17/148 3999/18/148
f 4001/17/149 4006/19/149 4005/20/149
f 4006/19/150 4003/21/150 4005/20/150
f 4004/22/151 3999/23/151 4003/21/151
f 4005/20/152 3999/24/152 4001/25/152
f 4002/26/153 4004/22/153 4006/19/153
f 4024/16/148 4025/17/148 4023/18/148
f 4025/17/149 4030/19/149 4029/20/149
f 4030/19/150 4027/21/150 4029/20/150
f 4028/22/151 4023/23/151 4027/21/151
f 4029/20/152 4023/24/152 4025/25/152
f 4026/26/153 4028/22/153 4030/19/153
f 4048/16/148 4049/17/148 4047/18/148
f 4049/17/149 4054/19/149 4053/20/149
f 4054/19/150 4051/21/150 4053/20/150
f 4052/22/151 4047/23/151 4051/21/151
f 4053/20/152 4047/24/152 4049/25/152
f 4050/26/153 4052/22/153 4054/19/153
f 4072/16/148 4073/17/148 4071/18/148
f 4073/17/149 4078/19/149 4077/20/149
f 4078/19/150 4075/21/150 4077/20/150
f 4076/22/151 4071/23/151 4075/21/151
f 4077/20/152 4071/24/152 4073/25/152
f 4074/26/153 4076/22/153 4078/19/153
f 4096/16/148 4097/17/148 4095/18/148
f 4097/17/149 4102/19/149 4101/20/149
f 4102/19/150 4099/21/150 4101/20/150
f 4100/22/151 4095/23/151 4099/21/151
f 4101/20/152 4095/24/152 4097/25/152
f 4098/26/153 4100/22/153 4102/19/153
f 4120/16/148 4121/17/148 4119/18/148
f 4121/17/149 4126/19/149 4125/20/149
f 4126/19/150 4123/21/150 4125/20/150
f 4124/22/151 4119/23/151 4123/21/151
f 4125/20/152 4119/24/152 4121/25/152
f 4122/26/153 4124/22/153 4126/19/153
f 4144/16/148 4145/17/148 4143/18/148
f 4145/17/149 4150/19/149 4149/20/149
f 4150/19/150 4147/21/150 4149/20/150
f 4148/22/151 4143/23/151 4147/21/151
f 4149/20/152 4143/24/152 4145/25/152
f 4146/26/153 4148/22/153 4150/19/153
f 4168/16/148 4169/17/148 4167/18/148
f 4169/17/149 4174/19/149 4173/20/149
f 4174/19/150 4171/21/150 4173/20/150
f 4172/22/151 4167/23/151 4171/21/151
f 4173/20/152 4167/24/152 4169/25/152
f 4170/26/153 4172/22/153 4174/19/153
f 4192/16/148 4193/17/148 4191/18/148
f 4193/17/149 4198/19/149 4197/20/149
f 4198/19/150 4195/21/150 4197/20/150
f 4196/22/151 4191/23/151 4195/21/151
f 4197/20/152 4191/24/152 4193/25/152
f 4194/26/153 4196/22/153 4198/19/153
f 4216/16/148 4217/17/148 4215/18/148
f 4217/17/149 4222/19/149 4221/20/149
f 4222/19/150 4219/21/150 4221/20/150
f 4220/22/151 4215/23/151 4219/21/151
f 4221/20/152 4215/24/152 4217/25/152
f 4218/26/153 4220/22/153 4222/19/153
f 4240/16/148 4241/17/148 4239/18/148
f 4241/17/149 4246/19/149 4245/20/149
f 4246/19/150 4243/21/150 4245/20/150
f 4244/22/151 4239/23/151 4243/21/151
f 4245/20/152 4239/24/152 4241/25/152
f 4242/26/153 4244/22/153 4246/19/153
f 4264/16/148 4265/17/148 4263/18/148
f 4265/17/149 4270/19/149 4269/20/149
f 4270/19/150 4267/21/150 4269/20/150
f 4268/22/151 4263/23/151 4267/21/151
f 4269/20/152 4263/24/152 4265/25/152
f 4266/26/153 4268/22/153 4270/19/153
f 4288/16/148 4289/17/148 4287/18/148
f 4289/17/149 4294/19/149 4293/20/149
f 4294/19/150 4291/21/150 4293/20/150
f 4292/22/151 4287/23/151 4291/21/151
f 4293/20/152 4287/24/152 4289/25/152
f 4290/26/153 4292/22/153 4294/19/153
f 4312/16/148 4313/17/148 4311/18/148
f 4313/17/149 4318/19/149 4317/20/149
f 4318/19/150 4315/21/150 4317/20/150
f 4316/22/151 4311/23/151 4315/21/151
f 4317/20/152 4311/24/152 4313/25/152
f 4314/26/153 4316/22/153 4318/19/153
f 4336/16/148 4337/17/148 4335/18/148
f 4337/17/149 4342/19/149 4341/20/149
f 4342/19/150 4339/21/150 4341/20/150
f 4340/22/151 4335/23/151 4339/21/151
f 4341/20/152 4335/24/152 4337/25/152
f 4338/26/153 4340/22/153 4342/19/153
f 4360/16/148 4361/17/148 4359/18/148
f 4361/17/149 4366/19/149 4365/20/149
f 4366/19/150 4363/21/150 4365/20/150
f 4364/22/151 4359/23/151 4363/21/151
f 4365/20/152 4359/24/152 4361/25/152
f 4362/26/153 4364/22/153 4366/19/153
f 4384/16/148 4385/17/148 4383/18/148
f 4385/17/149 4390/19/149 4389/20/149
f 4390/19/150 4387/21/150 4389/20/150
f 4388/22/151 4383/23/151 4387/21/151
f 4389/20/152 4383/24/152 4385/25/152
f 4386/26/153 4388/22/153 4390/19/153
f 4408/16/148 4409/17/148 4407/18/148
f 4409/17/149 4414/19/149 4413/20/149
f 4414/19/150 4411/21/150 4413/20/150
f 4412/22/151 4407/23/151 4411/21/151
f 4413/20/152 4407/24/152 4409/25/152
f 4410/26/153 4412/22/153 4414/19/153
f 4432/16/148 4433/17/148 4431/18/148
f 4433/17/149 4438/19/149 4437/20/149
f 4438/19/150 4435/21/150 4437/20/150
f 4436/22/151 4431/23/151 4435/21/151
f 4437/20/152 4431/24/152 4433/25/152
f 4434/26/153 4436/22/153 4438/19/153
f 4456/16/148 4457/17/148 4455/18/148
f 4457/17/149 4462/19/149 4461/20/149
f 4462/19/150 4459/21/150 4461/20/150
f 4460/22/151 4455/23/151 4459/21/151
f 4461/20/152 4455/24/152 4457/25/152
f 4458/26/153 4460/22/153 4462/19/153
f 4480/16/148 4481/17/148 4479/18/148
f 4481/17/149 4486/19/149 4485/20/149
f 4486/19/150 4483/21/150 4485/20/150
f 4484/22/151 4479/23/151 4483/21/151
f 4485/20/152 4479/24/152 4481/25/152
f 4482/26/153 4484/22/153 4486/19/153
f 4504/16/148 4505/17/148 4503/18/148
f 4505/17/149 4510/19/149 4509/20/149
f 4510/19/150 4507/21/150 4509/20/150
f 4508/22/151 4503/23/151 4507/21/151
f 4509/20/152 4503/24/152 4505/25/152
f 4506/26/153 4508/22/153 4510/19/153
f 4528/16/148 4529/17/148 4527/18/148
f 4529/17/149 4534/19/149 4533/20/149
f 4534/19/150 4531/21/150 4533/20/150
f 4532/22/151 4527/23/151 4531/21/151
f 4533/20/152 4527/24/152 4529/25/152
f 4530/26/153 4532/22/153 4534/19/153
f 4552/16/148 4553/17/148 4551/18/148
f 4553/17/149 4558/19/149 4557/20/149
f 4558/19/150 4555/21/150 4557/20/150
f 4556/22/151 4551/23/151 4555/21/151
f 4557/20/152 4551/24/152 4553/25/152
f 4554/26/153 4556/22/153 4558/19/153
f 4576/16/148 4577/17/148 4575/18/148
f 4577/17/149 4582/19/149 4581/20/149
f 4582/19/150 4579/21/150 4581/20/150
f 4580/22/151 4575/23/151 4579/21/151
f 4581/20/152 4575/24/152 4577/25/152
f 4578/26/153 4580/22/153 4582/19/153
f 4600/16/148 4601/17/148 4599/18/148
f 4601/17/149 4606/19/149 4605/20/149
f 4606/19/150 4603/21/150 4605/20/150
f 4604/22/151 4599/23/151 4603/21/151
f 4605/20/152 4599/24/152 4601/25/152
f 4602/26/153 4604/22/153 4606/19/153
f 4624/16/148 4625/17/148 4623/18/148
f 4625/17/149 4630/19/149 4629/20/149
f 4630/19/150 4627/21/150 4629/20/150
f 4628/22/151 4623/23/151 4627/21/151
f 4629/20/152 4623/24/152 4625/25/152
f 4626/26/153 4628/22/153 4630/19/153
f 4648/16/148 4649/17/148 4647/18/148
f 4649/17/149 4654/19/149 4653/20/149
f 4654/19/150 4651/21/150 4653/20/150
f 4652/22/151 4647/23/151 4651/21/151
f 4653/20/152 4647/24/152 4649/25/152
f 4650/26/153 4652/22/153 4654/19/153
f 4672/16/148 4673/17/148 4671/18/148
f 4673/17/149 4678/19/149 4677/20/149
f 4678/19/150 4675/21/150 4677/20/150
f 4676/22/151 4671/23/151 4675/21/151
f 4677/20/152 4671/24/152 4673/25/152
f 4674/26/153 4676/22/153 4678/19/153
f 4696/16/148 4697/17/148 4695/18/148
f 4697/17/149 4702/19/149 4701/20/149
f 4702/19/150 4699/21/150 4701/20/150
f 4700/22/151 4695/23/151 4699/21/151
f 4701/20/152 4695/24/152 4697/25/152
f 4698/26/153 4700/22/153 4702/19/153
f 4720/16/148 4721/17/148 4719/18/148
f 4721/17/149 4726/19/149 4725/20/149
f 4726/19/150 4723/21/150 4725/20/150
f 4724/22/151 4719/23/151 4723/21/151
f 4725/20/152 4719/24/152 4721/25/152
f 4722/26/153 4724/22/153 4726/19/153
f 4744/16/148 4745/17/148 4743/18/148
f 4745/17/149 4750/19/149 4749/20/149
f 4750/19/150 4747/21/150 4749/20/150
f 4748/22/151 4743/23/151 4747/21/151
f 4749/20/152 4743/24/152 4745/25/152
f 4746/26/153 4748/22/153 4750/19/153
f 4768/16/148 4769/17/148 4767/18/148
f 4769/17/149 4774/19/149 4773/20/149
f 4774/19/150 4771/21/150 4773/20/150
f 4772/22/151 4767/23/151 4771/21/151
f 4773/20/152 4767/24/152 4769/25/152
f 4770/26/153 4772/22/153 4774/19/153
f 3640/16/148 3642/27/148 3641/17/148
f 3641/17/149 3642/27/149 3646/19/149
f 3646/19/150 3644/22/150 3643/21/150
f 3644/22/151 3640/29/151 3639/23/151
f 3645/20/152 3643/21/152 3639/24/152
f 3642/26/153 3640/28/153 3644/22/153
f 3664/16/148 3666/27/148 3665/17/148
f 3665/17/149 3666/27/149 3670/19/149
f 3670/19/150 3668/22/150 3667/21/150
f 3668/22/151 3664/29/151 3663/23/151
f 3669/20/152 3667/21/152 3663/24/152
f 3666/26/153 3664/28/153 3668/22/153
f 3688/16/148 3690/27/148 3689/17/148
f 3689/17/149 3690/27/149 3694/19/149
f 3694/19/150 3692/22/150 3691/21/150
f 3692/22/151 3688/29/151 3687/23/151
f 3693/20/152 3691/21/152 3687/24/152
f 3690/26/153 3688/28/153 3692/22/153
f 3711/18/148 3712/16/148 3714/27/148
f 3713/17/149 3714/27/149 3718/19/149
f 3718/19/150 3716/22/150 3715/21/150
f 3716/22/151 3712/29/151 3711/23/151
f 3717/20/152 3715/21/152 3711/24/152
f 3714/26/153 3712/28/153 3716/22/153
f 3736/16/148 3738/27/148 3737/17/148
f 3737/17/149 3738/27/149 3742/19/149
f 3742/19/150 3740/22/150 3739/21/150
f 3740/22/151 3736/29/151 3735/23/151
f 3741/20/152 3739/21/152 3735/24/152
f 3738/26/153 3736/28/153 3740/22/153
f 3760/16/148 3762/27/148 3761/17/148
f 3761/17/149 3762/27/149 3766/19/149
f 3766/19/150 3764/22/150 3763/21/150
f 3764/22/151 3760/29/151 3759/23/151
f 3765/20/152 3763/21/152 3759/24/152
f 3762/26/153 3760/28/153 3764/22/153
f 3784/16/148 3786/27/148 3785/17/148
f 3785/17/149 3786/27/149 3790/19/149
f 3790/19/150 3788/22/150 3787/21/150
f 3788/22/151 3784/29/151 3783/23/151
f 3789/20/152 3787/21/152 3783/24/152
f 3786/26/153 3784/28/153 3788/22/153
f 3808/16/148 3810/27/148 3809/17/148
f 3809/17/149 3810/27/149 3814/19/149
f 3814/19/150 3812/22/150 3811/21/150
f 3812/22/151 3808/29/151 3807/23/151
f 3813/20/152 3811/21/152 3807/24/152
f 3810/26/153 3808/28/153 3812/22/153
f 3832/16/148 3834/27/148 3833/17/148
f 3833/17/149 3834/27/149 3838/19/149
f 3838/19/150 3836/22/150 3835/21/150
f 3836/22/151 3832/29/151 3831/23/151
f 3837/20/152 3835/21/152 3831/24/152
f 3834/26/153 3832/28/153 3836/22/153
f 3856/16/148 3858/27/148 3857/17/148
f 3857/17/149 3858/27/149 3862/19/149
f 3862/19/150 3860/22/150 3859/21/150
f 3860/22/151 3856/29/151 3855/23/151
f 3861/20/152 3859/21/152 3855/24/152
f 3858/26/153 3856/28/153 3860/22/153
f 3880/16/148 3882/27/148 3881/17/148
f 3881/17/149 3882/27/149 3886/19/149
f 3886/19/150 3884/22/150 3883/21/150
f 3884/22/151 3880/29/151 3879/23/151
f 3885/20/152 3883/21/152 3879/24/152
f 3882/26/153 3880/28/153 3884/22/153
f 3904/16/148 3906/27/148 3905/17/148
f 3905/17/149 3906/27/149 3910/19/149
f 3910/19/150 3908/22/150 3907/21/150
f 3908/22/151 3904/29/151 3903/23/151
f 3909/20/152 3907/21/152 3903/24/152
f 3906/26/153 3904/28/153 3908/22/153
f 3928/16/148 3930/27/148 3929/17/148
f 3929/17/149 3930/27/149 3934/19/149
f 3934/19/150 3932/22/150 3931/21/150
f 3932/22/151 3928/29/151 3927/23/151
f 3933/20/152 3931/21/152 3927/24/152
f 3930/26/153 3928/28/153 3932/22/153
f 3952/16/148 3954/27/148 3953/17/148
f 3953/17/149 3954/27/149 3958/19/149
f 3958/19/150 3956/22/150 3955/21/150
f 3956/22/151 3952/29/151 3951/23/151
f 3957/20/152 3955/21/152 3951/24/152
f 3954/26/153 3952/28/153 3956/22/153
f 3976/16/148 3978/27/148 3977/17/148
f 3977/17/149 3978/27/149 3982/19/149
f 3982/19/150 3980/22/150 3979/21/150
f 3980/22/151 3976/29/151 3975/23/151
f 3981/20/152 3979/21/152 3975/24/152
f 3978/26/153 3976/28/153 3980/22/153
f 4000/16/148 4002/27/148 4001/17/148
f 4001/17/149 4002/27/149 4006/19/149
f 4006/19/150 4004/22/150 4003/21/150
f 4004/22/151 4000/29/151 3999/23/151
f 4005/20/152 4003/21/152 3999/24/152
f 4002/26/153 4000/28/153 4004/22/153
f 4024/16/148 4026/27/148 4025/17/148
f 4025/17/149 4026/27/149 4030/19/149
f 4030/19/150 4028/22/150 4027/21/150
f 4028/22/151 4024/29/151 4023/23/151
f 4029/20/152 4027/21/152 4023/24/152
f 4026/26/153 4024/28/153 4028/22/153
f 4048/16/148 4050/27/148 4049/17/148
f 4049/17/149 4050/27/149 4054/19/149
f 4054/19/150 4052/22/150 4051/21/150
f 4052/22/151 4048/29/151 4047/23/151
f 4053/20/152 4051/21/152 4047/24/152
f 4050/26/153 4048/28/153 4052/22/153
f 4072/16/148 4074/27/148 4073/17/148
f 4073/17/149 4074/27/149 4078/19/149
f 4078/19/150 4076/22/150 4075/21/150
f 4076/22/151 4072/29/151 4071/23/151
f 4077/20/152 4075/21/152 4071/24/152
f 4074/26/153 4072/28/153 4076/22/153
f 4096/16/148 4098/27/148 4097/17/148
f 4097/17/149 4098/27/149 4102/19/149
f 4102/19/150 4100/22/150 4099/21/150
f 4100/22/151 4096/29/151 4095/23/151
f 4101/20/152 4099/21/152 4095/24/152
f 4098/26/153 4096/28/153 4100/22/153
f 4120/16/148 4122/27/148 4121/17/148
f 4121/17/149 4122/27/149 4126/19/149
f 4126/19/150 4124/22/150 4123/21/150
f 4124/22/151 4120/29/151 4119/23/151
f 4125/20/152 4123/21/152 4119/24/152
f 4122/26/153 4120/28/153 4124/22/153
f 4144/16/148 4146/27/148 4145/17/148
f 4145/17/149 4146/27/149 4150/19/149
f 4150/19/150 4148/22/150 4147/21/150
f 4148/22/151 4144/29/151 4143/23/151
f 4149/20/152 4147/21/152 4143/24/152
f 4146/26/153 4144/28/153 4148/22/153
f 4168/16/148 4170/27/148 4169/17/148
f 4169/17/149 4170/27/149 4174/19/149
f 4174/19/150 4172/22/150 4171/21/150
f 4172/22/151 4168/29/151 4167/23/151
f 4173/20/152 4171/21/152 4167/24/152
f 4170/26/153 4168/28/153 4172/22/153
f 4192/16/148 4194/27/148 4193/17/148
f 4193/17/149 4194/27/149 4198/19/149
f 4198/19/150 4196/22/150 4195/21/150
f 4196/22/151 4192/29/151 4191/23/151
f 4197/20/152 4195/21/152 4191/24/152
f 4194/26/153 4192/28/153 4196/22/153
f 4216/16/148 4218/27/148 4217/17/148
f 4217/17/149 4218/27/149 4222/19/149
f 4222/19/150 4220/22/150 4219/21/150
f 4220/22/151 4216/29/151 4215/23/151
f 4221/20/152 4219/21/152 4215/24/152
f 4218/26/153 4216/28/153 4220/22/153
f 4240/16/148 4242/27/148 4241/17/148
f 4241/17/149 4242/27/149 4246/19/149
f 4246/19/150 4244/22/150 4243/21/150
f 4244/22/151 4240/29/151 4239/23/151
f 4245/20/152 4243/21/152 4239/24/152
f 4242/26/153 4240/28/153 4244/22/153
f 4264/16/148 4266/27/148 4265/17/148
f 4265/17/149 4266/27/149 4270/19/149
f 4270/19/150 4268/22/150 4267/21/150
f 4268/22/151 4264/29/151 4263/23/151
f 4269/20/152 4267/21/152 4263/24/152
f 4266/26/153 4264/28/153 4268/22/153
f 4288/16/148 4290/27/148 4289/17/148
f 4289/17/149 4290/27/149 4294/19/149
f 4294/19/150 4292/22/150 4291/21/150
f 4292/22/151 4288/29/151 4287/23/151
f 4293/20/152 4291/21/152 4287/24/152
f 4290/26/153 4288/28/153 4292/22/153
f 4312/16/148 4314/27/148 4313/17/148
f 4313/17/149 4314/27/149 4318/19/149
f 4318/19/150 4316/22/150 4315/21/150
f 4316/22/151 4312/29/151 4311/23/151
f 4317/20/152 4315/21/152 4311/24/152
f 4314/26/153 4312/28/153 4316/22/153
f 4336/16/148 4338/27/148 4337/17/148
f 4337/17/149 4338/27/149 4342/19/149
f 4342/19/150 4340/22/150 4339/21/150
f 4340/22/151 4336/29/151 4335/23/151
f 4341/20/152 4339/21/152 4335/24/152
f 4338/26/153 4336/28/153 4340/22/153
f 4360/16/148 4362/27/148 4361/17/148
f 4361/17/149 4362/27/149 4366/19/149
f 4366/19/150 4364/22/150 4363/21/150
f 4364/22/151 4360/29/151 4359/23/151
f 4365/20/152 4363/21/152 4359/24/152
f 4362/26/153 4360/28/153 4364/22/153
f 4384/16/148 4386/27/148 4385/17/148
f 4385/17/149 4386/27/149 4390/19/149
f 4390/19/150 4388/22/150 4387/21/150
f 4388/22/151 4384/29/151 4383/23/151
f 4389/20/152 4387/21/152 4383/24/152
f 4386/26/153 4384/28/153 4388/22/153
f 4408/16/148 4410/27/148 4409/17/148
f 4409/17/149 4410/27/149 4414/19/149
f 4414/19/150 4412/22/150 4411/21/150
f 4412/22/151 4408/29/151 4407/23/151
f 4413/20/152 4411/21/152 4407/24/152
f 4410/26/153 4408/28/153 4412/22/153
f 4432/16/148 4434/27/148 4433/17/148
f 4433/17/149 4434/27/149 4438/19/149
f 4438/19/150 4436/22/150 4435/21/150
f 4436/22/151 4432/29/151 4431/23/151
f 4437/20/152 4435/21/152 4431/24/152
f 4434/26/153 4432/28/153 4436/22/153
f 4456/16/148 4458/27/148 4457/17/148
f 4457/17/149 4458/27/149 4462/19/149
f 4462/19/150 4460/22/150 4459/21/150
f 4460/22/151 4456/29/151 4455/23/151
f 4461/20/152 4459/21/152 4455/24/152
f 4458/26/153 4456/28/153 4460/22/153
f 4480/16/148 4482/27/148 4481/17/148
f 4481/17/149 4482/27/149 4486/19/149
f 4486/19/150 4484/22/150 4483/21/150
f 4484/22/151 4480/29/151 4479/23/151
f 4485/20/152 4483/21/152 4479/24/152
f 4482/26/153 4480/28/153 4484/22/153
f 4504/16/148 4506/27/148 4505/17/148
f 4505/17/149 4506/27/149 4510/19/149
f 4510/19/150 4508/22/150 4507/21/150
f 4508/22/151 4504/29/151 4503/23/151
f 4509/20/152 4507/21/152 4503/24/152
f 4506/26/153 4504/28/153 4508/22/153
f 4528/16/148 4530/27/148 4529/17/148
f 4529/17/149 4530/27/149 4534/19/149
f 4534/19/150 4532/22/150 4531/21/150
f 4532/22/151 4528/29/151 4527/23/151
f 4533/20/152 4531/21/152 4527/24/152
f 4530/26/153 4528/28/153 4532/22/153
f 4552/16/148 4554/27/148 4553/17/148
f 4553/17/149 4554/27/149 4558/19/149
f 4558/19/150 4556/22/150 4555/21/150
f 4556/22/151 4552/29/151 4551/23/151
f 4557/20/152 4555/21/152 4551/24/152
f 4554/26/153 4552/28/153 4556/22/153
f 4576/16/148 4578/27/148 4577/17/148
f 4577/17/149 4578/27/149 4582/19/149
f 4582/19/150 4580/22/150 4579/21/150
f 4580/22/151 4576/29/151 4575/23/151
f 4581/20/152 4579/21/152 4575/24/152
f 4578/26/153 4576/28/153 4580/22/153
f 4600/16/148 4602/27/148 4601/17/148
f 4601/17/149 4602/27/149 4606/19/149
f 4606/19/150 4604/22/150 4603/21/150
f 4604/22/151 4600/29/151 4599/23/151
f 4605/20/152 4603/21/152 4599/24/152
f 4602/26/153 4600/28/153 4604/22/153
f 4624/16/148 4626/27/148 4625/17/148
f 4625/17/149 4626/27/149 4630/19/149
f 4630/19/150 4628/22/150 4627/21/150
f 4628/22/151 4624/29/151 4623/23/151
f 4629/20/152 4627/21/152 4623/24/152
f 4626/26/153 4624/28/153 4628/22/153
f 4648/16/148 4650/27/148 4649/17/148
f 4649/17/149 4650/27/149 4654/19/149
f 4654/19/150 4652/22/150 4651/21/150
f 4652/22/151 4648/29/151 4647/23/151
f 4653/20/152 4651/21/152 4647/24/152
f 4650/26/153 4648/28/153 4652/22/153
f 4672/16/148 4674/27/148 4673/17/148
f 4673/17/149 4674/27/149 4678/19/149
f 4678/19/150 4676/22/150 4675/21/150
f 4676/22/151 4672/29/151 4671/23/151
f 4677/20/152 4675/21/152 4671/24/152
f 4674/26/153 4672/28/153 4676/22/153
f 4696/16/148 4698/27/148 4697/17/148
f 4697/17/149 4698/27/149 4702/19/149
f 4702/19/150 4700/22/150 4699/21/150
f 4700/22/151 4696/29/151 4695/23/151
f 4701/20/152 4699/21/152 4695/24/152
f 4698/26/153 4696/28/153 4700/22/153
f 4720/16/148 4722/27/148 4721/17/148
f 4721/17/149 4722/27/149 4726/19/149
f 4726/19/150 4724/22/150 4723/21/150
f 4724/22/151 4720/29/151 4719/23/151
f 4725/20/152 4723/21/152 4719/24/152
f 4722/26/153 4720/28/153 4724/22/153
f 4744/16/148 4746/27/148 4745/17/148
f 4745/17/149 4746/27/149 4750/19/149
f 4750/19/150 4748/22/150 4747/21/150
f 4748/22/151 4744/29/151 4743/23/151
f 4749/20/152 4747/21/152 4743/24/152
f 4746/26/153 4744/28/153 4748/22/153
f 4768/16/148 4770/27/148 4769/17/148
f 4769/17/149 4770/27/149 4774/19/149
f 4774/19/150 4772/22/150 4771/21/150
f 4772/22/151 4768/29/151 4767/23/151
f 4773/20/152 4771/21/152 4767/24/152
f 4770/26/153 4768/28/153 4772/22/153
g Cube.001_Material.006
usemtl Material.006
f 3648/16/154 3649/17/154 3647/18/154
f 3649/17/149 3654/19/149 3653/20/149
f 3654/19/155 3651/21/155 3653/20/155
f 3652/22/151 3647/23/151 3651/21/151
f 3653/20/152 3647/24/152 3649/25/152
f 3650/26/153 3652/22/153 3654/19/153
f 3672/16/162 3673/17/162 3671/18/162
f 3673/17/149 3678/19/149 3677/20/149
f 3678/19/155 3675/21/155 3677/20/155
f 3676/22/151 3671/23/151 3675/21/151
f 3677/20/152 3671/24/152 3673/25/152
f 3674/26/153 3676/22/153 3678/19/153
f 3696/16/163 3697/17/163 3695/18/163
f 3697/17/149 3702/19/149 3701/20/149
f 3702/19/164 3699/21/164 3701/20/164
f 3700/22/151 3695/23/151 3699/21/151
f 3701/20/152 3695/24/152 3697/25/152
f 3698/26/153 3700/22/153 3702/19/153
f 3719/18/165 3722/27/165 3721/17/165
f 3721/17/166 3726/19/166 3725/20/166
f 3726/19/167 3723/21/167 3725/20/167
f 3724/22/168 3719/23/168 3723/21/168
f 3725/20/152 3719/24/152 3721/25/152
f 3722/26/153 3724/22/153 3726/19/153
f 3744/16/154 3745/17/154 3743/18/154
f 3745/17/149 3750/19/149 3749/20/149
f 3750/19/155 3747/21/155 3749/20/155
f 3748/22/151 3743/23/151 3747/21/151
f 3749/20/152 3743/24/152 3745/25/152
f 3746/26/153 3748/22/153 3750/19/153
f 3768/16/154 3769/17/154 3767/18/154
f 3769/17/149 3774/19/149 3773/20/149
f 3774/19/155 3771/21/155 3773/20/155
f 3772/22/151 3767/23/151 3771/21/151
f 3773/20/152 3767/24/152 3769/25/152
f 3770/26/153 3772/22/153 3774/19/153
f 3792/16/163 3793/17/163 3791/18/163
f 3793/17/149 3798/19/149 3797/20/149
f 3798/19/164 3795/21/164 3797/20/164
f 3796/22/151 3791/23/151 3795/21/151
f 3797/20/152 3791/24/152 3793/25/152
f 3794/26/153 3796/22/153 3798/19/153
f 3815/18/165 3818/27/165 3817/17/165
f 3817/17/166 3822/19/166 3821/20/166
f 3822/19/167 3819/21/167 3821/20/167
f 3820/22/168 3815/23/168 3819/21/168
f 3821/20/152 3815/24/152 3817/25/152
f 3818/26/153 3820/22/153 3822/19/153
f 3840/16/154 3841/17/154 3839/18/154
f 3841/17/149 3846/19/149 3845/20/149
f 3846/19/155 3843/21/155 3845/20/155
f 3844/22/151 3839/23/151 3843/21/151
f 3845/20/152 3839/24/152 3841/25/152
f 3842/26/153 3844/22/153 3846/19/153
f 3864/16/154 3865/17/154 3863/18/154
f 3865/17/149 3870/19/149 3869/20/149
f 3870/19/155 3867/21/155 3869/20/155
f 3868/22/151 3863/23/151 3867/21/151
f 3869/20/152 3863/24/152 3865/25/152
f 3866/26/153 3868/22/153 3870/19/153
f 3888/16/163 3889/17/163 3887/18/163
f 3889/17/149 3894/19/149 3893/20/149
f 3894/19/164 3891/21/164 3893/20/164
f 3892/22/151 3887/23/151 3891/21/151
f 3893/20/152 3887/24/152 3889/25/152
f 3890/26/153 3892/22/153 3894/19/153
f 3911/18/165 3914/27/165 3913/17/165
f 3913/17/166 3918/19/166 3917/20/166
f 3918/19/167 3915/21/167 3917/20/167
f 3916/22/168 3911/23/168 3915/21/168
f 3917/20/152 3911/24/152 3913/25/152
f 3914/26/153 3916/22/153 3918/19/153
f 3936/16/162 3937/17/162 3935/18/162
f 3937/17/149 3942/19/149 3941/20/149
f 3942/19/155 3939/21/155 3941/20/155
f 3940/22/151 3935/23/151 3939/21/151
f 3941/20/152 3935/24/152 3937/25/152
f 3938/26/153 3940/22/153 3942/19/153
f 3960/16/154 3961/17/154 3959/18/154
f 3961/17/149 3966/19/149 3965/20/149
f 3966/19/155 3963/21/155 3965/20/155
f 3964/22/151 3959/23/151 3963/21/151
f 3965/20/152 3959/24/152 3961/25/152
f 3962/26/153 3964/22/153 3966/19/153
f 3984/16/163 3985/17/163 3983/18/163
f 3985/17/149 3990/19/149 3989/20/149
f 3990/19/164 3987/21/164 3989/20/164
f 3988/22/151 3983/23/151 3987/21/151
f 3989/20/152 3983/24/152 3985/25/152
f 3986/26/153 3988/22/153 3990/19/153
f 4007/18/165 4010/27/165 4009/17/165
f 4009/17/166 4014/19/166 4013/20/166
f 4014/19/167 4011/21/167 4013/20/167
f 4012/22/168 4007/23/168 4011/21/168
f 4013/20/152 4007/24/152 4009/25/152
f 4010/26/153 4012/22/153 4014/19/153
f 4032/16/154 4033/17/154 4031/18/154
f 4033/17/149 4038/19/149 4037/20/149
f 4038/19/155 4035/21/155 4037/20/155
f 4036/22/151 4031/23/151 4035/21/151
f 4037/20/152 4031/24/152 4033/25/152
f 4034/26/153 4036/22/153 4038/19/153
f 4056/16/154 4057/17/154 4055/18/154
f 4057/17/149 4062/19/149 4061/20/149
f 4062/19/155 4059/21/155 4061/20/155
f 4060/22/151 4055/23/151 4059/21/151
f 4061/20/152 4055/24/152 4057/25/152
f 4058/26/153 4060/22/153 4062/19/153
f 4080/16/163 4081/17/163 4079/18/163
f 4081/17/149 4086/19/149 4085/20/149
f 4086/19/164 4083/21/164 4085/20/164
f 4084/22/151 4079/23/151 4083/21/151
f 4085/20/152 4079/24/152 4081/25/152
f 4082/26/153 4084/22/153 4086/19/153
f 4103/18/165 4106/27/165 4105/17/165
f 4105/17/166 4110/19/166 4109/20/166
f 4110/19/167 4107/21/167 4109/20/167
f 4108/22/168 4103/23/168 4107/21/168
f 4109/20/152 4103/24/152 4105/25/152
f 4106/26/153 4108/22/153 4110/19/153
f 4128/16/154 4129/17/154 4127/18/154
f 4129/17/149 4134/19/149 4133/20/149
f 4134/19/155 4131/21/155 4133/20/155
f 4132/22/151 4127/23/151 4131/21/151
f 4133/20/152 4127/24/152 4129/25/152
f 4130/26/153 4132/22/153 4134/19/153
f 4152/16/154 4153/17/154 4151/18/154
f 4153/17/149 4158/19/149 4157/20/149
f 4158/19/155 4155/21/155 4157/20/155
f 4156/22/151 4151/23/151 4155/21/151
f 4157/20/152 4151/24/152 4153/25/152
f 4154/26/153 4156/22/153 4158/19/153
f 4176/16/163 4177/17/163 4175/18/163
f 4177/17/149 4182/19/149 4181/20/149
f 4182/19/164 4179/21/164 4181/20/164
f 4180/22/151 4175/23/151 4179/21/151
f 4181/20/152 4175/24/152 4177/25/152
f 4178/26/153 4180/22/153 4182/19/153
f 4199/18/165 4202/27/165 4201/17/165
f 4201/17/166 4206/19/166 4205/20/166
f 4206/19/167 4203/21/167 4205/20/167
f 4204/22/168 4199/23/168 4203/21/168
f 4205/20/152 4199/24/152 4201/25/152
f 4202/26/153 4204/22/153 4206/19/153
f 4224/16/154 4225/17/154 4223/18/154
f 4225/17/149 4230/19/149 4229/20/149
f 4230/19/155 4227/21/155 4229/20/155
f 4228/22/151 4223/23/151 4227/21/151
f 4229/20/152 4223/24/152 4225/25/152
f 4226/26/153 4228/22/153 4230/19/153
f 4248/16/154 4249/17/154 4247/18/154
f 4249/17/149 4254/19/149 4253/20/149
f 4254/19/155 4251/21/155 4253/20/155
f 4252/22/151 4247/23/151 4251/21/151
f 4253/20/152 4247/24/152 4249/25/152
f 4250/26/153 4252/22/153 4254/19/153
f 4272/16/163 4273/17/163 4271/18/163
f 4273/17/149 4278/19/149 4277/20/149
f 4278/19/164 4275/21/164 4277/20/164
f 4276/22/151 4271/23/151 4275/21/151
f 4277/20/152 4271/24/152 4273/25/152
f 4274/26/153 4276/22/153 4278/19/153
f 4295/18/165 4298/27/165 4297/17/165
f 4297/17/176 4302/19/176 4301/20/176
f 4302/19/167 4299/21/167 4301/20/167
f 4300/22/177 4295/23/177 4299/21/177
f 4301/20/152 4295/24/152 4297/25/152
f 4298/26/153 4300/22/153 4302/19/153
f 4320/16/154 4321/17/154 4319/18/154
f 4321/17/149 4326/19/149 4325/20/149
f 4326/19/155 4323/21/155 4325/20/155
f 4324/22/151 4319/23/151 4323/21/151
f 4325/20/152 4319/24/152 4321/25/152
f 4322/26/153 4324/22/153 4326/19/153
f 4344/16/154 4345/17/154 4343/18/154
f 4345/17/149 4350/19/149 4349/20/149
f 4350/19/155 4347/21/155 4349/20/155
f 4348/22/151 4343/23/151 4347/21/151
f 4349/20/152 4343/24/152 4345/25/152
f 4346/26/153 4348/22/153 4350/19/153
f 4368/16/163 4369/17/163 4367/18/163
f 4369/17/149 4374/19/149 4373/20/149
f 4374/19/164 4371/21/164 4373/20/164
f 4372/22/151 4367/23/151 4371/21/151
f 4373/20/152 4367/24/152 4369/25/152
f 4370/26/153 4372/22/153 4374/19/153
f 4391/18/165 4394/27/165 4393/17/165
f 4393/17/176 4398/19/176 4397/20/176
f 4398/19/167 4395/21/167 4397/20/167
f 4396/22/177 4391/23/177 4395/21/177
f 4397/20/152 4391/24/152 4393/25/152
f 4394/26/153 4396/22/153 4398/19/153
f 4416/16/154 4417/17/154 4415/18/154
f 4417/17/149 4422/19/149 4421/20/149
f 4422/19/155 4419/21/155 4421/20/155
f 4420/22/151 4415/23/151 4419/21/151
f 4421/20/152 4415/24/152 4417/25/152
f 4418/26/153 4420/22/153 4422/19/153
f 4440/16/154 4441/17/154 4439/18/154
f 4441/17/149 4446/19/149 4445/20/149
f 4446/19/155 4443/21/155 4445/20/155
f 4444/22/151 4439/23/151 4443/21/151
f 4445/20/152 4439/24/152 4441/25/152
f 4442/26/153 4444/22/153 4446/19/153
f 4464/16/163 4465/17/163 4463/18/163
f 4465/17/149 4470/19/149 4469/20/149
f 4470/19/164 4467/21/164 4469/20/164
f 4468/22/151 4463/23/151 4467/21/151
f 4469/20/152 4463/24/152 4465/25/152
f 4466/26/153 4468/22/153 4470/19/153
f 4487/18/165 4490/27/165 4489/17/165
f 4489/17/176 4494/19/176 4493/20/176
f 4494/19/167 4491/21/167 4493/20/167
f 4492/22/177 4487/23/177 4491/21/177
f 4493/20/152 4487/24/152 4489/25/152
f 4490/26/153 4492/22/153 4494/19/153
f 4512/16/154 4513/17/154 4511/18/154
f 4513/17/149 4518/19/149 4517/20/149
f 4518/19/179 4515/21/179 4517/20/179
f 4516/22/151 4511/23/151 4515/21/151
f 4517/20/152 4511/24/152 4513/25/152
f 4514/26/153 4516/22/153 4518/19/153
f 4536/16/154 4537/17/154 4535/18/154
f 4537/17/149 4542/19/149 4541/20/149
f 4542/19/155 4539/21/155 4541/20/155
f 4540/22/151 4535/23/151 4539/21/151
f 4541/20/152 4535/24/152 4537/25/152
f 4538/26/153 4540/22/153 4542/19/153
f 4560/16/163 4561/17/163 4559/18/163
f 4561/17/149 4566/19/149 4565/20/149
f 4566/19/164 4563/21/164 4565/20/164
f 4564/22/151 4559/23/151 4563/21/151
f 4565/20/152 4559/24/152 4561/25/152
f 4562/26/153 4564/22/153 4566/19/153
f 4583/18/165 4586/27/165 4585/17/165
f 4585/17/176 4590/19/176 4589/20/176
f 4590/19/167 4587/21/167 4589/20/167
f 4588/22/177 4583/23/177 4587/21/177
f 4589/20/152 4583/24/152 4585/25/152
f 4586/26/153 4588/22/153 4590/19/153
f 4608/16/154 4609/17/154 4607/18/154
f 4609/17/149 4614/19/149 4613/20/149
f 4614/19/155 4611/21/155 4613/20/155
f 4612/22/151 4607/23/151 4611/21/151
f 4613/20/152 4607/24/152 4609/25/152
f 4610/26/153 4612/22/153 4614/19/153
f 4632/16/154 4633/17/154 4631/18/154
f 4633/17/149 4638/19/149 4637/20/149
f 4638/19/155 4635/21/155 4637/20/155
f 4636/22/151 4631/23/151 4635/21/151
f 4637/20/152 4631/24/152 4633/25/152
f 4634/26/153 4636/22/153 4638/19/153
f 4656/16/163 4657/17/163 4655/18/163
f 4657/17/149 4662/19/149 4661/20/149
f 4662/19/164 4659/21/164 4661/20/164
f 4660/22/151 4655/23/151 4659/21/151
f 4661/20/152 4655/24/152 4657/25/152
f 4658/26/153 4660/22/153 4662/19/153
f 4679/18/165 4682/27/165 4681/17/165
f 4681/17/176 4686/19/176 4685/20/176
f 4686/19/167 4683/21/167 4685/20/167
f 4684/22/177 4679/23/177 4683/21/177
f 4685/20/152 4679/24/152 4681/25/152
f 4682/26/153 4684/22/153 4686/19/153
f 4704/16/154 4705/17/154 4703/18/154
f 4705/17/149 4710/19/149 4709/20/149
f 4710/19/155 4707/21/155 4709/20/155
f 4708/22/151 4703/23/151 4707/21/151
f 4709/20/152 4703/24/152 4705/25/152
f 4706/26/153 4708/22/153 4710/19/153
f 4728/16/154 4729/17/154 4727/18/154
f 4729/17/149 4734/19/149 4733/20/149
f 4734/19/155 4731/21/155 4733/20/155
f 4732/22/151 4727/23/151 4731/21/151
f 4733/20/152 4727/24/152 4729/25/152
f 4730/26/153 4732/22/153 4734/19/153
f 4752/16/163 4753/17/163 4751/18/163
f 4753/17/149 4758/19/149 4757/20/149
f 4758/19/164 4755/21/164 4757/20/164
f 4756/22/151 4751/23/151 4755/21/151
f 4757/20/152 4751/24/152 4753/25/152
f 4754/26/153 4756/22/153 4758/19/153
f 4775/18/165 4778/27/165 4777/17/165
f 4777/17/176 4782/19/176 4781/20/176
f 4782/19/167 4779/21/167 4781/20/167
f 4780/22/177 4775/23/177 4779/21/177
f 4781/20/152 4775/24/152 4777/25/152
f 4778/26/153 4780/22/153 4782/19/153
f 3648/16/154 3650/27/154 3649/17/154
f 3649/17/149 3650/27/149 3654/19/149
f 3654/19/155 3652/22/155 3651/21/155
f 3652/22/151 3648/29/151 3647/23/151
f 3653/20/152 3651/21/152 3647/24/152
f 3650/26/153 3648/28/153 3652/22/153
f 3672/16/154 3674/27/154 3673/17/154
f 3673/17/149 3674/27/149 3678/19/149
f 3678/19/155 3676/22/155 3675/21/155
f 3676/22/151 3672/29/151 3671/23/151
f 3677/20/152 3675/21/152 3671/24/152
f 3674/26/153 3672/28/153 3676/22/153
f 3696/16/163 3698/27/163 3697/17/163
f 3697/17/149 3698/27/149 3702/19/149
f 3702/19/164 3700/22/164 3699/21/164
f 3700/22/151 3696/29/151 3695/23/151
f 3701/20/152 3699/21/152 3695/24/152
f 3698/26/153 3696/28/153 3700/22/153
f 3719/18/165 3720/16/165 3722/27/165
f 3721/17/166 3722/27/166 3726/19/166
f 3726/19/167 3724/22/167 3723/21/167
f 3724/22/168 3720/29/168 3719/23/168
f 3725/20/152 3723/21/152 3719/24/152
f 3722/26/153 3720/28/153 3724/22/153
f 3744/16/154 3746/27/154 3745/17/154
f 3745/17/149 3746/27/149 3750/19/149
f 3750/19/155 3748/22/155 3747/21/155
f 3748/22/151 3744/29/151 3743/23/151
f 3749/20/152 3747/21/152 3743/24/152
f 3746/26/153 3744/28/153 3748/22/153
f 3768/16/154 3770/27/154 3769/17/154
f 3769/17/149 3770/27/149 3774/19/149
f 3774/19/155 3772/22/155 3771/21/155
f 3772/22/151 3768/29/151 3767/23/151
f 3773/20/152 3771/21/152 3767/24/152
f 3770/26/153 3768/28/153 3772/22/153
f 3792/16/163 3794/27/163 3793/17/163
f 3793/17/149 3794/27/149 3798/19/149
f 3798/19/164 3796/22/164 3795/21/164
f 3796/22/151 3792/29/151 3791/23/151
f 3797/20/152 3795/21/152 3791/24/152
f 3794/26/153 3792/28/153 3796/22/153
f 3815/18/165 3816/16/165 3818/27/165
f 3817/17/166 3818/27/166 3822/19/166
f 3822/19/167 3820/22/167 3819/21/167
f 3820/22/168 3816/29/168 3815/23/168
f 3821/20/152 3819/21/152 3815/24/152
f 3818/26/153 3816/28/153 3820/22/153
f 3840/16/154 3842/27/154 3841/17/154
f 3841/17/149 3842/27/149 3846/19/149
f 3846/19/155 3844/22/155 3843/21/155
f 3844/22/151 3840/29/151 3839/23/151
f 3845/20/152 3843/21/152 3839/24/152
f 3842/26/153 3840/28/153 3844/22/153
f 3864/16/154 3866/27/154 3865/17/154
f 3865/17/149 3866/27/149 3870/19/149
f 3870/19/155 3868/22/155 3867/21/155
f 3868/22/151 3864/29/151 3863/23/151
f 3869/20/152 3867/21/152 3863/24/152
f 3866/26/153 3864/28/153 3868/22/153
f 3888/16/163 3890/27/163 3889/17/163
f 3889/17/149 3890/27/149 3894/19/149
f 3894/19/164 3892/22/164 3891/21/164
f 3892/22/151 3888/29/151 3887/23/151
f 3893/20/152 3891/21/152 3887/24/152
f 3890/26/153 3888/28/153 3892/22/153
f 3911/18/165 3912/16/165 3914/27/165
f 3913/17/166 3914/27/166 3918/19/166
f 3918/19/167 3916/22/167 3915/21/167
f 3916/22/168 3912/29/168 3911/23/168
f 3917/20/152 3915/21/152 3911/24/152
f 3914/26/153 3912/28/153 3916/22/153
f 3936/16/154 3938/27/154 3937/17/154
f 3937/17/149 3938/27/149 3942/19/149
f 3942/19/155 3940/22/155 3939/21/155
f 3940/22/151 3936/29/151 3935/23/151
f 3941/20/152 3939/21/152 3935/24/152
f 3938/26/153 3936/28/153 3940/22/153
f 3960/16/154 3962/27/154 3961/17/154
f 3961/17/149 3962/27/149 3966/19/149
f 3966/19/155 3964/22/155 3963/21/155
f 3964/22/151 3960/29/151 3959/23/151
f 3965/20/152 3963/21/152 3959/24/152
f 3962/26/153 3960/28/153 3964/22/153
f 3984/16/163 3986/27/163 3985/17/163
f 3985/17/149 3986/27/149 3990/19/149
f 3990/19/164 3988/22/164 3987/21/164
f 3988/22/151 3984/29/151 3983/23/151
f 3989/20/152 3987/21/152 3983/24/152
f 3986/26/153 3984/28/153 3988/22/153
f 4007/18/165 4008/16/165 4010/27/165
f 4009/17/166 4010/27/166 4014/19/166
f 4014/19/167 4012/22/167 4011/21/167
f 4012/22/168 4008/29/168 4007/23/168
f 4013/20/152 4011/21/152 4007/24/152
f 4010/26/153 4008/28/153 4012/22/153
f 4032/16/162 4034/27/162 4033/17/162
f 4033/17/149 4034/27/149 4038/19/149
f 4038/19/179 4036/22/179 4035/21/179
f 4036/22/151 4032/29/151 4031/23/151
f 4037/20/152 4035/21/152 4031/24/152
f 4034/26/153 4032/28/153 4036/22/153
f 4056/16/154 4058/27/154 4057/17/154
f 4057/17/149 4058/27/149 4062/19/149
f 4062/19/155 4060/22/155 4059/21/155
f 4060/22/151 4056/29/151 4055/23/151
f 4061/20/152 4059/21/152 4055/24/152
f 4058/26/153 4056/28/153 4060/22/153
f 4080/16/163 4082/27/163 4081/17/163
f 4081/17/149 4082/27/149 4086/19/149
f 4086/19/164 4084/22/164 4083/21/164
f 4084/22/151 4080/29/151 4079/23/151
f 4085/20/152 4083/21/152 4079/24/152
f 4082/26/153 4080/28/153 4084/22/153
f 4103/18/165 4104/16/165 4106/27/165
f 4105/17/166 4106/27/166 4110/19/166
f 4110/19/167 4108/22/167 4107/21/167
f 4108/22/168 4104/29/168 4103/23/168
f 4109/20/152 4107/21/152 4103/24/152
f 4106/26/153 4104/28/153 4108/22/153
f 4128/16/154 4130/27/154 4129/17/154
f 4129/17/149 4130/27/149 4134/19/149
f 4134/19/155 4132/22/155 4131/21/155
f 4132/22/151 4128/29/151 4127/23/151
f 4133/20/152 4131/21/152 4127/24/152
f 4130/26/153 4128/28/153 4132/22/153
f 4152/16/154 4154/27/154 4153/17/154
f 4153/17/149 4154/27/149 4158/19/149
f 4158/19/155 4156/22/155 4155/21/155
f 4156/22/151 4152/29/151 4151/23/151
f 4157/20/152 4155/21/152 4151/24/152
f 4154/26/153 4152/28/153 4156/22/153
f 4176/16/163 4178/27/163 4177/17/163
f 4177/17/149 4178/27/149 4182/19/149
f 4182/19/164 4180/22/164 4179/21/164
f 4180/22/151 4176/29/151 4175/23/151
f 4181/20/152 4179/21/152 4175/24/152
f 4178/26/153 4176/28/153 4180/22/153
f 4199/18/165 4200/16/165 4202/27/165
f 4201/17/166 4202/27/166 4206/19/166
f 4206/19/167 4204/22/167 4203/21/167
f 4204/22/168 4200/29/168 4199/23/168
f 4205/20/152 4203/21/152 4199/24/152
f 4202/26/153 4200/28/153 4204/22/153
f 4224/16/162 4226/27/162 4225/17/162
f 4225/17/149 4226/27/149 4230/19/149
f 4230/19/179 4228/22/179 4227/21/179
f 4228/22/151 4224/29/151 4223/23/151
f 4229/20/152 4227/21/152 4223/24/152
f 4226/26/153 4224/28/153 4228/22/153
f 4248/16/154 4250/27/154 4249/17/154
f 4249/17/149 4250/27/149 4254/19/149
f 4254/19/155 4252/22/155 4251/21/155
f 4252/22/151 4248/29/151 4247/23/151
f 4253/20/152 4251/21/152 4247/24/152
f 4250/26/153 4248/28/153 4252/22/153
f 4272/16/163 4274/27/163 4273/17/163
f 4273/17/149 4274/27/149 4278/19/149
f 4278/19/164 4276/22/164 4275/21/164
f 4276/22/151 4272/29/151 4271/23/151
f 4277/20/152 4275/21/152 4271/24/152
f 4274/26/153 4272/28/153 4276/22/153
f 4295/18/165 4296/16/165 4298/27/165
f 4297/17/176 4298/27/176 4302/19/176
f 4302/19/167 4300/22/167 4299/21/167
f 4300/22/177 4296/29/177 4295/23/177
f 4301/20/152 4299/21/152 4295/24/152
f 4298/26/153 4296/28/153 4300/22/153
f 4320/16/154 4322/27/154 4321/17/154
f 4321/17/149 4322/27/149 4326/19/149
f 4326/19/155 4324/22/155 4323/21/155
f 4324/22/151 4320/29/151 4319/23/151
f 4325/20/152 4323/21/152 4319/24/152
f 4322/26/153 4320/28/153 4324/22/153
f 4344/16/154 4346/27/154 4345/17/154
f 4345/17/149 4346/27/149 4350/19/149
f 4350/19/155 4348/22/155 4347/21/155
f 4348/22/151 4344/29/151 4343/23/151
f 4349/20/152 4347/21/152 4343/24/152
f 4346/26/153 4344/28/153 4348/22/153
f 4368/16/163 4370/27/163 4369/17/163
f 4369/17/149 4370/27/149 4374/19/149
f 4374/19/164 4372/22/164 4371/21/164
f 4372/22/151 4368/29/151 4367/23/151
f 4373/20/152 4371/21/152 4367/24/152
f 4370/26/153 4368/28/153 4372/22/153
f 4391/18/165 4392/16/165 4394/27/165
f 4393/17/176 4394/27/176 4398/19/176
f 4398/19/167 4396/22/167 4395/21/167
f 4396/22/177 4392/29/177 4391/23/177
f 4397/20/152 4395/21/152 4391/24/152
f 4394/26/153 4392/28/153 4396/22/153
f 4416/16/154 4418/27/154 4417/17/154
f 4417/17/149 4418/27/149 4422/19/149
f 4422/19/155 4420/22/155 4419/21/155
f 4420/22/151 4416/29/151 4415/23/151
f 4421/20/152 4419/21/152 4415/24/152
f 4418/26/153 4416/28/153 4420/22/153
f 4440/16/154 4442/27/154 4441/17/154
f 4441/17/149 4442/27/149 4446/19/149
f 4446/19/155 4444/22/155 4443/21/155
f 4444/22/151 4440/29/151 4439/23/151
f 4445/20/152 4443/21/152 4439/24/152
f 4442/26/153 4440/28/153 4444/22/153
f 4464/16/163 4466/27/163 4465/17/163
f 4465/17/149 4466/27/149 4470/19/149
f 4470/19/164 4468/22/164 4467/21/164
f 4468/22/151 4464/29/151 4463/23/151
f 4469/20/152 4467/21/152 4463/24/152
f 4466/26/153 4464/28/153 4468/22/153
f 4487/18/165 4488/16/165 4490/27/165
f 4489/17/176 4490/27/176 4494/19/176
f 4494/19/167 4492/22/167 4491/21/167
f 4492/22/177 4488/29/177 4487/23/177
f 4493/20/152 4491/21/152 4487/24/152
f 4490/26/153 4488/28/153 4492/22/153
f 4512/16/162 4514/27/162 4513/17/162
f 4513/17/149 4514/27/149 4518/19/149
f 4518/19/155 4516/22/155 4515/21/155
f 4516/22/151 4512/29/151 4511/23/151
f 4517/20/152 4515/21/152 4511/24/152
f 4514/26/153 4512/28/153 4516/22/153
f 4536/16/154 4538/27/154 4537/17/154
f 4537/17/149 4538/27/149 4542/19/149
f 4542/19/155 4540/22/155 4539/21/155
f 4540/22/151 4536/29/151 4535/23/151
f 4541/20/152 4539/21/152 4535/24/152
f 4538/26/153 4536/28/153 4540/22/153
f 4560/16/163 4562/27/163 4561/17/163
f 4561/17/149 4562/27/149 4566/19/149
f 4566/19/164 4564/22/164 4563/21/164
f 4564/22/151 4560/29/151 4559/23/151
f 4565/20/152 4563/21/152 4559/24/152
f 4562/26/153 4560/28/153 4564/22/153
f 4583/18/165 4584/16/165 4586/27/165
f 4585/17/176 4586/27/176 4590/19/176
f 4590/19/167 4588/22/167 4587/21/167
f 4588/22/177 4584/29/177 4583/23/177
f 4589/20/152 4587/21/152 4583/24/152
f 4586/26/153 4584/28/153 4588/22/153
f 4608/16/154 4610/27/154 4609/17/154
f 4609/17/149 4610/27/149 4614/19/149
f 4614/19/155 4612/22/155 4611/21/155
f 4612/22/151 4608/29/151 4607/23/151
f 4613/20/152 4611/21/152 4607/24/152
f 4610/26/153 4608/28/153 4612/22/153
f 4632/16/154 4634/27/154 4633/17/154
f 4633/17/149 4634/27/149 4638/19/149
f 4638/19/155 4636/22/155 4635/21/155
f 4636/22/151 4632/29/151 4631/23/151
f 4637/20/152 4635/21/152 4631/24/152
f 4634/26/153 4632/28/153 4636/22/153
f 4656/16/163 4658/27/163 4657/17/163
f 4657/17/149 4658/27/149 4662/19/149
f 4662/19/164 4660/22/164 4659/21/164
f 4660/22/151 4656/29/151 4655/23/151
f 4661/20/152 4659/21/152 4655/24/152
f 4658/26/153 4656/28/153 4660/22/153
f 4679/18/165 4680/16/165 4682/27/165
f 4681/17/176 4682/27/176 4686/19/176
f 4686/19/167 4684/22/167 4683/21/167
f 4684/22/177 4680/29/177 4679/23/177
f 4685/20/152 4683/21/152 4679/24/152
f 4682/26/153 4680/28/153 4684/22/153
f 4704/16/154 4706/27/154 4705/17/154
f 4705/17/149 4706/27/149 4710/19/149
f 4710/19/155 4708/22/155 4707/21/155
f 4708/22/151 4704/29/151 4703/23/151
f 4709/20/152 4707/21/152 4703/24/152
f 4706/26/153 4704/28/153 4708/22/153
f 4728/16/154 4730/27/154 4729/17/154
f 4729/17/149 4730/27/149 4734/19/149
f 4734/19/155 4732/22/155 4731/21/155
f 4732/22/151 4728/29/151 4727/23/151
f 4733/20/152 4731/21/152 4727/24/152
f 4730/26/153 4728/28/153 4732/22/153
f 4752/16/163 4754/27/163 4753/17/163
f 4753/17/149 4754/27/149 4758/19/149
f 4758/19/164 4756/22/164 4755/21/164
f 4756/22/151 4752/29/151 4751/23/151
f 4757/20/152 4755/21/152 4751/24/152
f 4754/26/153 4752/28/153 4756/22/153
f 4775/18/165 4776/16/165 4778/27/165
f 4777/17/180 4778/27/180 4782/19/180
f 4782/19/167 4780/22/167 4779/21/167
f 4780/22/177 4776/29/177 4775/23/177
f 4781/20/152 4779/21/152 4775/24/152
f 4778/26/153 4776/28/153 4780/22/153
g Cube.001_Material.004
usemtl Material.004
f 3655/18/156 3658/27/156 3657/17/156
f 3657/17/157 3662/19/157 3661/20/157
f 3662/19/158 3659/21/158 3661/20/158
f 3660/22/159 3655/23/159 3659/21/159
f 3661/20/160 3655/24/160 3657/25/160
f 3662/19/161 3656/28/161 3660/22/161
f 3679/18/156 3682/27/156 3681/17/156
f 3681/17/157 3686/19/157 3685/20/157
f 3686/19/158 3683/21/158 3685/20/158
f 3684/22/159 3679/23/159 3683/21/159
f 3685/20/160 3679/24/160 3681/25/160
f 3686/19/161 3680/28/161 3684/22/161
f 3703/18/156 3706/27/156 3705/17/156
f 3705/17/157 3710/19/157 3709/20/157
f 3710/19/158 3707/21/158 3709/20/158
f 3708/22/159 3703/23/159 3707/21/159
f 3709/20/160 3703/24/160 3705/25/160
f 3710/19/161 3704/28/161 3708/22/161
f 3727/18/156 3730/27/156 3729/17/156
f 3729/17/157 3734/19/157 3733/20/157
f 3734/19/158 3731/21/158 3733/20/158
f 3732/22/159 3727/23/159 3731/21/159
f 3733/20/160 3727/24/160 3729/25/160
f 3734/19/161 3728/28/161 3732/22/161
f 3751/18/156 3754/27/156 3753/17/156
f 3753/17/157 3758/19/157 3757/20/157
f 3758/19/158 3755/21/158 3757/20/158
f 3756/22/159 3751/23/159 3755/21/159
f 3757/20/160 3751/24/160 3753/25/160
f 3758/19/161 3752/28/161 3756/22/161
f 3775/18/156 3778/27/156 3777/17/156
f 3777/17/157 3782/19/157 3781/20/157
f 3782/19/158 3779/21/158 3781/20/158
f 3780/22/159 3775/23/159 3779/21/159
f 3781/20/160 3775/24/160 3777/25/160
f 3782/19/161 3776/28/161 3780/22/161
f 3799/18/156 3802/27/156 3801/17/156
f 3801/17/157 3806/19/157 3805/20/157
f 3806/19/158 3803/21/158 3805/20/158
f 3804/22/159 3799/23/159 3803/21/159
f 3805/20/160 3799/24/160 3801/25/160
f 3806/19/161 3800/28/161 3804/22/161
f 3823/18/156 3826/27/156 3825/17/156
f 3825/17/157 3830/19/157 3829/20/157
f 3830/19/158 3827/21/158 3829/20/158
f 3828/22/159 3823/23/159 3827/21/159
f 3829/20/160 3823/24/160 3825/25/160
f 3830/19/161 3824/28/161 3828/22/161
f 3847/18/156 3850/27/156 3849/17/156
f 3849/17/157 3854/19/157 3853/20/157
f 3854/19/158 3851/21/158 3853/20/158
f 3852/22/159 3847/23/159 3851/21/159
f 3853/20/160 3847/24/160 3849/25/160
f 3854/19/161 3848/28/161 3852/22/161
f 3871/18/156 3874/27/156 3873/17/156
f 3873/17/157 3878/19/157 3877/20/157
f 3878/19/158 3875/21/158 3877/20/158
f 3876/22/159 3871/23/159 3875/21/159
f 3877/20/160 3871/24/160 3873/25/160
f 3878/19/161 3872/28/161 3876/22/161
f 3895/18/156 3898/27/156 3897/17/156
f 3897/17/157 3902/19/157 3901/20/157
f 3902/19/158 3899/21/158 3901/20/158
f 3900/22/159 3895/23/159 3899/21/159
f 3901/20/160 3895/24/160 3897/25/160
f 3902/19/161 3896/28/161 3900/22/161
f 3919/18/156 3922/27/156 3921/17/156
f 3921/17/157 3926/19/157 3925/20/157
f 3926/19/158 3923/21/158 3925/20/158
f 3924/22/159 3919/23/159 3923/21/159
f 3925/20/160 3919/24/160 3921/25/160
f 3926/19/161 3920/28/161 3924/22/161
f 3943/18/156 3946/27/156 3945/17/156
f 3945/17/157 3950/19/157 3949/20/157
f 3950/19/158 3947/21/158 3949/20/158
f 3948/22/159 3943/23/159 3947/21/159
f 3949/20/160 3943/24/160 3945/25/160
f 3950/19/161 3944/28/161 3948/22/161
f 3967/18/156 3970/27/156 3969/17/156
f 3969/17/157 3974/19/157 3973/20/157
f 3974/19/158 3971/21/158 3973/20/158
f 3972/22/159 3967/23/159 3971/21/159
f 3973/20/160 3967/24/160 3969/25/160
f 3974/19/161 3968/28/161 3972/22/161
f 3991/18/156 3994/27/156 3993/17/156
f 3993/17/157 3998/19/157 3997/20/157
f 3998/19/158 3995/21/158 3997/20/158
f 3996/22/159 3991/23/159 3995/21/159
f 3997/20/160 3991/24/160 3993/25/160
f 3998/19/161 3992/28/161 3996/22/161
f 4015/18/156 4018/27/156 4017/17/156
f 4017/17/157 4022/19/157 4021/20/157
f 4022/19/158 4019/21/158 4021/20/158
f 4020/22/159 4015/23/159 4019/21/159
f 4021/20/160 4015/24/160 4017/25/160
f 4022/19/161 4016/28/161 4020/22/161
f 4039/18/156 4042/27/156 4041/17/156
f 4041/17/157 4046/19/157 4045/20/157
f 4046/19/158 4043/21/158 4045/20/158
f 4044/22/159 4039/23/159 4043/21/159
f 4045/20/160 4039/24/160 4041/25/160
f 4046/19/161 4040/28/161 4044/22/161
f 4063/18/156 4066/27/156 4065/17/156
f 4065/17/157 4070/19/157 4069/20/157
f 4070/19/158 4067/21/158 4069/20/158
f 4068/22/159 4063/23/159 4067/21/159
f 4069/20/160 4063/24/160 4065/25/160
f 4070/19/161 4064/28/161 4068/22/161
f 4087/18/156 4090/27/156 4089/17/156
f 4089/17/157 4094/19/157 4093/20/157
f 4094/19/158 4091/21/158 4093/20/158
f 4092/22/159 4087/23/159 4091/21/159
f 4093/20/160 4087/24/160 4089/25/160
f 4094/19/161 4088/28/161 4092/22/161
f 4111/18/156 4114/27/156 4113/17/156
f 4113/17/157 4118/19/157 4117/20/157
f 4118/19/158 4115/21/158 4117/20/158
f 4116/22/159 4111/23/159 4115/21/159
f 4117/20/160 4111/24/160 4113/25/160
f 4118/19/161 4112/28/161 4116/22/161
f 4135/18/156 4138/27/156 4137/17/156
f 4137/17/157 4142/19/157 4141/20/157
f 4142/19/158 4139/21/158 4141/20/158
f 4140/22/159 4135/23/159 4139/21/159
f 4141/20/160 4135/24/160 4137/25/160
f 4142/19/161 4136/28/161 4140/22/161
f 4159/18/156 4162/27/156 4161/17/156
f 4161/17/157 4166/19/157 4165/20/157
f 4166/19/158 4163/21/158 4165/20/158
f 4164/22/159 4159/23/159 4163/21/159
f 4165/20/160 4159/24/160 4161/25/160
f 4166/19/161 4160/28/161 4164/22/161
f 4183/18/156 4186/27/156 4185/17/156
f 4185/17/157 4190/19/157 4189/20/157
f 4190/19/158 4187/21/158 4189/20/158
f 4188/22/159 4183/23/159 4187/21/159
f 4189/20/160 4183/24/160 4185/25/160
f 4190/19/161 4184/28/161 4188/22/161
f 4207/18/156 4210/27/156 4209/17/156
f 4209/17/157 4214/19/157 4213/20/157
f 4214/19/158 4211/21/158 4213/20/158
f 4212/22/159 4207/23/159 4211/21/159
f 4213/20/160 4207/24/160 4209/25/160
f 4214/19/161 4208/28/161 4212/22/161
f 4231/18/169 4234/27/169 4233/17/169
f 4233/17/170 4238/19/170 4237/20/170
f 4238/19/171 4235/21/171 4237/20/171
f 4236/22/172 4231/23/172 4235/21/172
f 4237/20/173 4231/24/173 4233/25/173
f 4238/19/174 4232/28/174 4236/22/174
f 4255/18/169 4258/27/169 4257/17/169
f 4257/17/170 4262/19/170 4261/20/170
f 4262/19/171 4259/21/171 4261/20/171
f 4260/22/172 4255/23/172 4259/21/172
f 4261/20/173 4255/24/173 4257/25/173
f 4262/19/174 4256/28/174 4260/22/174
f 4279/18/175 4282/27/175 4281/17/175
f 4281/17/170 4286/19/170 4285/20/170
f 4286/19/171 4283/21/171 4285/20/171
f 4284/22/172 4279/23/172 4283/21/172
f 4285/20/173 4279/24/173 4281/25/173
f 4286/19/174 4280/28/174 4284/22/174
f 4303/18/175 4306/27/175 4305/17/175
f 4305/17/170 4310/19/170 4309/20/170
f 4310/19/171 4307/21/171 4309/20/171
f 4308/22/172 4303/23/172 4307/21/172
f 4309/20/173 4303/24/173 4305/25/173
f 4310/19/174 4304/28/174 4308/22/174
f 4327/18/175 4330/27/175 4329/17/175
f 4329/17/170 4334/19/170 4333/20/170
f 4334/19/171 4331/21/171 4333/20/171
f 4332/22/172 4327/23/172 4331/21/172
f 4333/20/173 4327/24/173 4329/25/173
f 4334/19/174 4328/28/174 4332/22/174
f 4351/18/169 4354/27/169 4353/17/169
f 4353/17/170 4358/19/170 4357/20/170
f 4358/19/171 4355/21/171 4357/20/171
f 4356/22/172 4351/23/172 4355/21/172
f 4357/20/173 4351/24/173 4353/25/173
f 4358/19/174 4352/28/174 4356/22/174
f 4375/18/169 4378/27/169 4377/17/169
f 4377/17/170 4382/19/170 4381/20/170
f 4382/19/171 4379/21/171 4381/20/171
f 4380/22/172 4375/23/172 4379/21/172
f 4381/20/173 4375/24/173 4377/25/173
f 4382/19/174 4376/28/174 4380/22/174
f 4399/18/175 4402/27/175 4401/17/175
f 4401/17/170 4406/19/170 4405/20/170
f 4406/19/171 4403/21/171 4405/20/171
f 4404/22/172 4399/23/172 4403/21/172
f 4405/20/173 4399/24/173 4401/25/173
f 4406/19/174 4400/28/174 4404/22/174
f 4423/18/169 4426/27/169 4425/17/169
f 4425/17/170 4430/19/170 4429/20/170
f 4430/19/171 4427/21/171 4429/20/171
f 4428/22/172 4423/23/172 4427/21/172
f 4429/20/173 4423/24/173 4425/25/173
f 4430/19/174 4424/28/174 4428/22/174
f 4447/18/175 4450/27/175 4449/17/175
f 4449/17/170 4454/19/170 4453/20/170
f 4454/19/171 4451/21/171 4453/20/171
f 4452/22/172 4447/23/172 4451/21/172
f 4453/20/173 4447/24/173 4449/25/173
f 4454/19/174 4448/28/174 4452/22/174
f 4471/18/169 4474/27/169 4473/17/169
f 4473/17/170 4478/19/170 4477/20/170
f 4478/19/171 4475/21/171 4477/20/171
f 4476/22/172 4471/23/172 4475/21/172
f 4477/20/173 4471/24/173 4473/25/173
f 4478/19/174 4472/28/174 4476/22/174
f 4495/18/169 4498/27/169 4497/17/169
f 4497/17/170 4502/19/170 4501/20/170
f 4502/19/178 4499/21/178 4501/20/178
f 4500/22/172 4495/23/172 4499/21/172
f 4501/20/173 4495/24/173 4497/25/173
f 4502/19/174 4496/28/174 4500/22/174
f 4519/18/169 4522/27/169 4521/17/169
f 4521/17/170 4526/19/170 4525/20/170
f 4526/19/171 4523/21/171 4525/20/171
f 4524/22/172 4519/23/172 4523/21/172
f 4525/20/173 4519/24/173 4521/25/173
f 4526/19/174 4520/28/174 4524/22/174
f 4543/18/175 4546/27/175 4545/17/175
f 4545/17/170 4550/19/170 4549/20/170
f 4550/19/171 4547/21/171 4549/20/171
f 4548/22/172 4543/23/172 4547/21/172
f 4549/20/173 4543/24/173 4545/25/173
f 4550/19/174 4544/28/174 4548/22/174
f 4567/18/169 4570/27/169 4569/17/169
f 4569/17/170 4574/19/170 4573/20/170
f 4574/19/171 4571/21/171 4573/20/171
f 4572/22/172 4567/23/172 4571/21/172
f 4573/20/173 4567/24/173 4569/25/173
f 4574/19/174 4568/28/174 4572/22/174
f 4591/18/169 4594/27/169 4593/17/169
f 4593/17/170 4598/19/170 4597/20/170
f 4598/19/171 4595/21/171 4597/20/171
f 4596/22/172 4591/23/172 4595/21/172
f 4597/20/173 4591/24/173 4593/25/173
f 4598/19/174 4592/28/174 4596/22/174
f 4615/18/169 4618/27/169 4617/17/169
f 4617/17/170 4622/19/170 4621/20/170
f 4622/19/171 4619/21/171 4621/20/171
f 4620/22/172 4615/23/172 4619/21/172
f 4621/20/173 4615/24/173 4617/25/173
f 4622/19/174 4616/28/174 4620/22/174
f 4639/18/169 4642/27/169 4641/17/169
f 4641/17/170 4646/19/170 4645/20/170
f 4646/19/171 4643/21/171 4645/20/171
f 4644/22/172 4639/23/172 4643/21/172
f 4645/20/173 4639/24/173 4641/25/173
f 4646/19/174 4640/28/174 4644/22/174
f 4663/18/169 4666/27/169 4665/17/169
f 4665/17/170 4670/19/170 4669/20/170
f 4670/19/171 4667/21/171 4669/20/171
f 4668/22/172 4663/23/172 4667/21/172
f 4669/20/173 4663/24/173 4665/25/173
f 4670/19/174 4664/28/174 4668/22/174
f 4687/18/169 4690/27/169 4689/17/169
f 4689/17/170 4694/19/170 4693/20/170
f 4694/19/171 4691/21/171 4693/20/171
f 4692/22/172 4687/23/172 4691/21/172
f 4693/20/173 4687/24/173 4689/25/173
f 4694/19/174 4688/28/174 4692/22/174
f 4711/18/169 4714/27/169 4713/17/169
f 4713/17/170 4718/19/170 4717/20/170
f 4718/19/171 4715/21/171 4717/20/171
f 4716/22/172 4711/23/172 4715/21/172
f 4717/20/173 4711/24/173 4713/25/173
f 4718/19/174 4712/28/174 4716/22/174
f 4735/18/169 4738/27/169 4737/17/169
f 4737/17/170 4742/19/170 4741/20/170
f 4742/19/171 4739/21/171 4741/20/171
f 4740/22/172 4735/23/172 4739/21/172
f 4741/20/173 4735/24/173 4737/25/173
f 4742/19/174 4736/28/174 4740/22/174
f 4759/18/169 4762/27/169 4761/17/169
f 4761/17/170 4766/19/170 4765/20/170
f 4766/19/171 4763/21/171 4765/20/171
f 4764/22/172 4759/23/172 4763/21/172
f 4765/20/173 4759/24/173 4761/25/173
f 4766/19/174 4760/28/174 4764/22/174
f 4783/18/169 4786/27/169 4785/17/169
f 4785/17/170 4790/19/170 4789/20/170
f 4790/19/171 4787/21/171 4789/20/171
f 4788/22/172 4783/23/172 4787/21/172
f 4789/20/173 4783/24/173 4785/25/173
f 4790/19/174 4784/28/174 4788/22/174
f 3655/18/156 3656/16/156 3658/27/156
f 3657/17/157 3658/27/157 3662/19/157
f 3662/19/158 3660/22/158 3659/21/158
f 3660/22/159 3656/29/159 3655/23/159
f 3661/20/160 3659/21/160 3655/24/160
f 3662/19/161 3658/26/161 3656/28/161
f 3679/18/156 3680/16/156 3682/27/156
f 3681/17/157 3682/27/157 3686/19/157
f 3686/19/158 3684/22/158 3683/21/158
f 3684/22/159 3680/29/159 3679/23/159
f 3685/20/160 3683/21/160 3679/24/160
f 3686/19/161 3682/26/161 3680/28/161
f 3703/18/156 3704/16/156 3706/27/156
f 3705/17/157 3706/27/157 3710/19/157
f 3710/19/158 3708/22/158 3707/21/158
f 3708/22/159 3704/29/159 3703/23/159
f 3709/20/160 3707/21/160 3703/24/160
f 3710/19/161 3706/26/161 3704/28/161
f 3727/18/156 3728/16/156 3730/27/156
f 3729/17/157 3730/27/157 3734/19/157
f 3734/19/158 3732/22/158 3731/21/158
f 3732/22/159 3728/29/159 3727/23/159
f 3733/20/160 3731/21/160 3727/24/160
f 3734/19/161 3730/26/161 3728/28/161
f 3751/18/156 3752/16/156 3754/27/156
f 3753/17/157 3754/27/157 3758/19/157
f 3758/19/158 3756/22/158 3755/21/158
f 3756/22/159 3752/29/159 3751/23/159
f 3757/20/160 3755/21/160 3751/24/160
f 3758/19/161 3754/26/161 3752/28/161
f 3775/18/156 3776/16/156 3778/27/156
f 3777/17/157 3778/27/157 3782/19/157
f 3782/19/158 3780/22/158 3779/21/158
f 3780/22/159 3776/29/159 3775/23/159
f 3781/20/160 3779/21/160 3775/24/160
f 3782/19/161 3778/26/161 3776/28/161
f 3799/18/156 3800/16/156 3802/27/156
f 3801/17/157 3802/27/157 3806/19/157
f 3806/19/158 3804/22/158 3803/21/158
f 3804/22/159 3800/29/159 3799/23/159
f 3805/20/160 3803/21/160 3799/24/160
f 3806/19/161 3802/26/161 3800/28/161
f 3823/18/156 3824/16/156 3826/27/156
f 3825/17/157 3826/27/157 3830/19/157
f 3830/19/158 3828/22/158 3827/21/158
f 3828/22/159 3824/29/159 3823/23/159
f 3829/20/160 3827/21/160 3823/24/160
f 3830/19/161 3826/26/161 3824/28/161
f 3847/18/156 3848/16/156 3850/27/156
f 3849/17/157 3850/27/157 3854/19/157
f 3854/19/158 3852/22/158 3851/21/158
f 3852/22/159 3848/29/159 3847/23/159
f 3853/20/160 3851/21/160 3847/24/160
f 3854/19/161 3850/26/161 3848/28/161
f 3871/18/156 3872/16/156 3874/27/156
f 3873/17/157 3874/27/157 3878/19/157
f 3878/19/158 3876/22/158 3875/21/158
f 3876/22/159 3872/29/159 3871/23/159
f 3877/20/160 3875/21/160 3871/24/160
f 3878/19/161 3874/26/161 3872/28/161
f 3895/18/156 3896/16/156 3898/27/156
f 3897/17/157 3898/27/157 3902/19/157
f 3902/19/158 3900/22/158 3899/21/158
f 3900/22/159 3896/29/159 3895/23/159
f 3901/20/160 3899/21/160 3895/24/160
f 3902/19/161 3898/26/161 3896/28/161
f 3919/18/156 3920/16/156 3922/27/156
f 3921/17/157 3922/27/157 3926/19/157
f 3926/19/158 3924/22/158 3923/21/158
f 3924/22/159 3920/29/159 3919/23/159
f 3925/20/160 3923/21/160 3919/24/160
f 3926/19/161 3922/26/161 3920/28/161
f 3943/18/156 3944/16/156 3946/27/156
f 3945/17/157 3946/27/157 3950/19/157
f 3950/19/158 3948/22/158 3947/21/158
f 3948/22/159 3944/29/159 3943/23/159
f 3949/20/160 3947/21/160 3943/24/160
f 3950/19/161 3946/26/161 3944/28/161
f 3967/18/156 3968/16/156 3970/27/156
f 3969/17/157 3970/27/157 3974/19/157
f 3974/19/158 3972/22/158 3971/21/158
f 3972/22/159 3968/29/159 3967/23/159
f 3973/20/160 3971/21/160 3967/24/160
f 3974/19/161 3970/26/161 3968/28/161
f 3991/18/156 3992/16/156 3994/27/156
f 3993/17/157 3994/27/157 3998/19/157
f 3998/19/158 3996/22/158 3995/21/158
f 3996/22/159 3992/29/159 3991/23/159
f 3997/20/160 3995/21/160 3991/24/160
f 3998/19/161 3994/26/161 3992/28/161
f 4015/18/156 4016/16/156 4018/27/156
f 4017/17/157 4018/27/157 4022/19/157
f 4022/19/158 4020/22/158 4019/21/158
f 4020/22/159 4016/29/159 4015/23/159
f 4021/20/160 4019/21/160 4015/24/160
f 4022/19/161 4018/26/161 4016/28/161
f 4039/18/156 4040/16/156 4042/27/156
f 4041/17/157 4042/27/157 4046/19/157
f 4046/19/158 4044/22/158 4043/21/158
f 4044/22/159 4040/29/159 4039/23/159
f 4045/20/160 4043/21/160 4039/24/160
f 4046/19/161 4042/26/161 4040/28/161
f 4063/18/156 4064/16/156 4066/27/156
f 4065/17/157 4066/27/157 4070/19/157
f 4070/19/158 4068/22/158 4067/21/158
f 4068/22/159 4064/29/159 4063/23/159
f 4069/20/160 4067/21/160 4063/24/160
f 4070/19/161 4066/26/161 4064/28/161
f 4087/18/156 4088/16/156 4090/27/156
f 4089/17/157 4090/27/157 4094/19/157
f 4094/19/158 4092/22/158 4091/21/158
f 4092/22/159 4088/29/159 4087/23/159
f 4093/20/160 4091/21/160 4087/24/160
f 4094/19/161 4090/26/161 4088/28/161
f 4111/18/156 4112/16/156 4114/27/156
f 4113/17/157 4114/27/157 4118/19/157
f 4118/19/158 4116/22/158 4115/21/158
f 4116/22/159 4112/29/159 4111/23/159
f 4117/20/160 4115/21/160 4111/24/160
f 4118/19/161 4114/26/161 4112/28/161
f 4135/18/156 4136/16/156 4138/27/156
f 4137/17/157 4138/27/157 4142/19/157
f 4142/19/158 4140/22/158 4139/21/158
f 4140/22/159 4136/29/159 4135/23/159
f 4141/20/160 4139/21/160 4135/24/160
f 4142/19/161 4138/26/161 4136/28/161
f 4159/18/156 4160/16/156 4162/27/156
f 4161/17/157 4162/27/157 4166/19/157
f 4166/19/158 4164/22/158 4163/21/158
f 4164/22/159 4160/29/159 4159/23/159
f 4165/20/160 4163/21/160 4159/24/160
f 4166/19/161 4162/26/161 4160/28/161
f 4183/18/156 4184/16/156 4186/27/156
f 4185/17/157 4186/27/157 4190/19/157
f 4190/19/158 4188/22/158 4187/21/158
f 4188/22/159 4184/29/159 4183/23/159
f 4189/20/160 4187/21/160 4183/24/160
f 4190/19/161 4186/26/161 4184/28/161
f 4207/18/156 4208/16/156 4210/27/156
f 4209/17/157 4210/27/157 4214/19/157
f 4214/19/158 4212/22/158 4211/21/158
f 4212/22/159 4208/29/159 4207/23/159
f 4213/20/160 4211/21/160 4207/24/160
f 4214/19/161 4210/26/161 4208/28/161
f 4231/18/169 4232/16/169 4234/27/169
f 4233/17/170 4234/27/170 4238/19/170
f 4238/19/171 4236/22/171 4235/21/171
f 4236/22/172 4232/29/172 4231/23/172
f 4237/20/173 4235/21/173 4231/24/173
f 4238/19/174 4234/26/174 4232/28/174
f 4255/18/169 4256/16/169 4258/27/169
f 4257/17/170 4258/27/170 4262/19/170
f 4262/19/171 4260/22/171 4259/21/171
f 4260/22/172 4256/29/172 4255/23/172
f 4261/20/173 4259/21/173 4255/24/173
f 4262/19/174 4258/26/174 4256/28/174
f 4279/18/169 4280/16/169 4282/27/169
f 4281/17/170 4282/27/170 4286/19/170
f 4286/19/171 4284/22/171 4283/21/171
f 4284/22/172 4280/29/172 4279/23/172
f 4285/20/173 4283/21/173 4279/24/173
f 4286/19/174 4282/26/174 4280/28/174
f 4303/18/169 4304/16/169 4306/27/169
f 4305/17/170 4306/27/170 4310/19/170
f 4310/19/171 4308/22/171 4307/21/171
f 4308/22/172 4304/29/172 4303/23/172
f 4309/20/173 4307/21/173 4303/24/173
f 4310/19/174 4306/26/174 4304/28/174
f 4327/18/169 4328/16/169 4330/27/169
f 4329/17/170 4330/27/170 4334/19/170
f 4334/19/171 4332/22/171 4331/21/171
f 4332/22/172 4328/29/172 4327/23/172
f 4333/20/173 4331/21/173 4327/24/173
f 4334/19/174 4330/26/174 4328/28/174
f 4351/18/169 4352/16/169 4354/27/169
f 4353/17/170 4354/27/170 4358/19/170
f 4358/19/171 4356/22/171 4355/21/171
f 4356/22/172 4352/29/172 4351/23/172
f 4357/20/173 4355/21/173 4351/24/173
f 4358/19/174 4354/26/174 4352/28/174
f 4375/18/169 4376/16/169 4378/27/169
f 4377/17/170 4378/27/170 4382/19/170
f 4382/19/178 4380/22/178 4379/21/178
f 4380/22/172 4376/29/172 4375/23/172
f 4381/20/173 4379/21/173 4375/24/173
f 4382/19/174 4378/26/174 4376/28/174
f 4399/18/169 4400/16/169 4402/27/169
f 4401/17/170 4402/27/170 4406/19/170
f 4406/19/171 4404/22/171 4403/21/171
f 4404/22/172 4400/29/172 4399/23/172
f 4405/20/173 4403/21/173 4399/24/173
f 4406/19/174 4402/26/174 4400/28/174
f 4423/18/169 4424/16/169 4426/27/169
f 4425/17/170 4426/27/170 4430/19/170
f 4430/19/171 4428/22/171 4427/21/171
f 4428/22/172 4424/29/172 4423/23/172
f 4429/20/173 4427/21/173 4423/24/173
f 4430/19/174 4426/26/174 4424/28/174
f 4447/18/169 4448/16/169 4450/27/169
f 4449/17/170 4450/27/170 4454/19/170
f 4454/19/171 4452/22/171 4451/21/171
f 4452/22/172 4448/29/172 4447/23/172
f 4453/20/173 4451/21/173 4447/24/173
f 4454/19/174 4450/26/174 4448/28/174
f 4471/18/169 4472/16/169 4474/27/169
f 4473/17/170 4474/27/170 4478/19/170
f 4478/19/171 4476/22/171 4475/21/171
f 4476/22/172 4472/29/172 4471/23/172
f 4477/20/173 4475/21/173 4471/24/173
f 4478/19/174 4474/26/174 4472/28/174
f 4495/18/169 4496/16/169 4498/27/169
f 4497/17/170 4498/27/170 4502/19/170
f 4502/19/171 4500/22/171 4499/21/171
f 4500/22/172 4496/29/172 4495/23/172
f 4501/20/173 4499/21/173 4495/24/173
f 4502/19/174 4498/26/174 4496/28/174
f 4519/18/175 4520/16/175 4522/27/175
f 4521/17/170 4522/27/170 4526/19/170
f 4526/19/171 4524/22/171 4523/21/171
f 4524/22/172 4520/29/172 4519/23/172
f 4525/20/173 4523/21/173 4519/24/173
f 4526/19/174 4522/26/174 4520/28/174
f 4543/18/169 4544/16/169 4546/27/169
f 4545/17/170 4546/27/170 4550/19/170
f 4550/19/171 4548/22/171 4547/21/171
f 4548/22/172 4544/29/172 4543/23/172
f 4549/20/173 4547/21/173 4543/24/173
f 4550/19/174 4546/26/174 4544/28/174
f 4567/18/169 4568/16/169 4570/27/169
f 4569/17/170 4570/27/170 4574/19/170
f 4574/19/171 4572/22/171 4571/21/171
f 4572/22/172 4568/29/172 4567/23/172
f 4573/20/173 4571/21/173 4567/24/173
f 4574/19/174 4570/26/174 4568/28/174
f 4591/18/169 4592/16/169 4594/27/169
f 4593/17/170 4594/27/170 4598/19/170
f 4598/19/171 4596/22/171 4595/21/171
f 4596/22/172 4592/29/172 4591/23/172
f 4597/20/173 4595/21/173 4591/24/173
f 4598/19/174 4594/26/174 4592/28/174
f 4615/18/169 4616/16/169 4618/27/169
f 4617/17/170 4618/27/170 4622/19/170
f 4622/19/171 4620/22/171 4619/21/171
f 4620/22/172 4616/29/172 4615/23/172
f 4621/20/173 4619/21/173 4615/24/173
f 4622/19/174 4618/26/174 4616/28/174
f 4639/18/169 4640/16/169 4642/27/169
f 4641/17/170 4642/27/170 4646/19/170
f 4646/19/171 4644/22/171 4643/21/171
f 4644/22/172 4640/29/172 4639/23/172
f 4645/20/173 4643/21/173 4639/24/173
f 4646/19/174 4642/26/174 4640/28/174
f 4663/18/169 4664/16/169 4666/27/169
f 4665/17/170 4666/27/170 4670/19/170
f 4670/19/171 4668/22/171 4667/21/171
f 4668/22/172 4664/29/172 4663/23/172
f 4669/20/173 4667/21/173 4663/24/173
f 4670/19/174 4666/26/174 4664/28/174
f 4687/18/169 4688/16/169 4690/27/169
f 4689/17/170 4690/27/170 4694/19/170
f 4694/19/178 4692/22/178 4691/21/178
f 4692/22/172 4688/29/172 4687/23/172
f 4693/20/173 4691/21/173 4687/24/173
f 4694/19/174 4690/26/174 4688/28/174
f 4711/18/169 4712/16/169 4714/27/169
f 4713/17/170 4714/27/170 4718/19/170
f 4718/19/171 4716/22/171 4715/21/171
f 4716/22/172 4712/29/172 4711/23/172
f 4717/20/173 4715/21/173 4711/24/173
f 4718/19/174 4714/26/174 4712/28/174
f 4735/18/169 4736/16/169 4738/27/169
f 4737/17/170 4738/27/170 4742/19/170
f 4742/19/171 4740/22/171 4739/21/171
f 4740/22/172 4736/29/172 4735/23/172
f 4741/20/173 4739/21/173 4735/24/173
f 4742/19/174 4738/26/174 4736/28/174
f 4759/18/169 4760/16/169 4762/27/169
f 4761/17/170 4762/27/170 4766/19/170
f 4766/19/178 4764/22/178 4763/21/178
f 4764/22/172 4760/29/172 4759/23/172
f 4765/20/173 4763/21/173 4759/24/173
f 4766/19/174 4762/26/174 4760/28/174
f 4783/18/169 4784/16/169 4786/27/169
f 4785/17/170 4786/27/170 4790/19/170
f 4790/19/171 4788/22/171 4787/21/171
f 4788/22/172 4784/29/172 4783/23/172
f 4789/20/173 4787/21/173 4783/24/173
f 4790/19/174 4786/26/174 4784/28/174
